OrderID,OrderDate,City,Region,Product,Category,Quantity,UnitPrice,Discount,Sales,Cost,Profit,PaymentMode
1,2026-03-09,South Jeffreyfort,South,Phone,Office,1,304,10,273.6,156.9,116.7,UPI
2,2025-08-04,North Brandonview,South,Keyboard,Office,5,3556,0,17780.0,9048.94,8731.06,UPI
3,2024-10-31,Johnburgh,West,Speaker,Accessories,5,1728,20,6912.0,4325.92,2586.08,UPI
4,2024-09-27,Nicholasmouth,South,Monitor,Electronics,2,3562,10,6411.6,3740.28,2671.32,UPI
5,2024-10-27,Port Christina,East,Laptop,Office,4,892,10,3211.2,2422.04,789.16,Net Banking
6,2025-04-26,Lake Jacobmouth,East,Speaker,Accessories,5,1122,15,4768.5,2496.98,2271.52,Card
7,2025-07-10,Youngmouth,North,Keyboard,Electronics,1,475,5,451.25,330.28,120.97,Net Banking
8,2024-09-20,Port Sarah,East,Keyboard,Office,3,3814,10,10297.8,5651.39,4646.41,Cash
9,2025-04-18,Brianton,South,Camera,Accessories,1,1501,20,1200.8,863.06,337.74,Cash
10,2026-01-28,Whitneyberg,North,Keyboard,Electronics,5,1899,10,8545.5,6433.53,2111.97,Cash
11,2024-07-20,Mcintyrefort,East,Keyboard,Office,4,2293,0,9172.0,5166.54,4005.46,Net Banking
12,2025-11-02,Lake Keithport,South,Printer,Office,4,3858,5,14660.4,8495.17,6165.23,Cash
13,2025-03-04,Crystalport,South,Headphones,Office,5,3609,20,14436.0,8947.72,5488.28,Net Banking
14,2024-07-27,Port Alicia,South,Tablet,Office,1,485,0,485.0,264.74,220.26,UPI
15,2025-04-28,Harrischester,East,Printer,Electronics,4,3226,20,10323.2,8246.55,2076.65,UPI
16,2025-06-10,Lake Sarah,West,Headphones,Accessories,5,2285,10,10282.5,5485.36,4797.14,UPI
17,2026-02-28,Seanmouth,North,Mouse,Office,3,4200,5,11970.0,7808.08,4161.92,Card
18,2025-02-18,Brownchester,North,Speaker,Accessories,2,3163,5,6009.7,3977.3,2032.4,Net Banking
19,2026-05-15,Jonesville,East,Keyboard,Electronics,1,1016,10,914.4,698.25,216.15,Card
20,2025-11-29,South Kathleen,North,Printer,Electronics,5,745,0,3725.0,2680.41,1044.59,Card
21,2023-08-21,West Nataliehaven,West,Keyboard,Office,4,4603,5,17491.4,10136.56,7354.84,Card
22,2024-02-15,Jensenbury,West,Phone,Electronics,3,3368,10,9093.6,5741.97,3351.63,Card
23,2025-01-19,East Devon,South,Speaker,Electronics,1,2869,0,2869.0,1940.86,928.14,UPI
24,2024-06-06,Englishberg,North,Monitor,Electronics,1,582,5,552.9,287.63,265.27,Card
25,2025-04-28,Port Kevin,West,Keyboard,Accessories,3,4076,5,11616.6,7687.52,3929.08,Net Banking
26,2025-12-09,Richardfurt,East,Tablet,Accessories,2,872,0,1744.0,1216.78,527.22,Net Banking
27,2025-04-02,North Robertfurt,East,Phone,Electronics,1,906,0,906.0,562.43,343.57,Card
28,2024-09-23,New Matthew,South,Mouse,Accessories,2,4493,15,7638.1,4140.27,3497.83,Card
29,2025-06-03,Julianfurt,North,Phone,Electronics,1,3730,20,2984.0,1579.65,1404.35,Card
30,2026-04-12,Craigborough,West,Laptop,Electronics,4,4078,15,13865.2,7821.69,6043.51,Net Banking
31,2026-04-04,Lake Lisa,West,Mouse,Accessories,1,3298,10,2968.2,2309.13,659.07,Net Banking
32,2023-09-26,Millerfort,North,Speaker,Office,2,1655,10,2979.0,1684.06,1294.94,UPI
33,2025-01-06,Garyton,South,Laptop,Office,3,568,0,1704.0,1150.63,553.37,UPI
34,2026-07-01,Karaland,South,Tablet,Electronics,2,661,20,1057.6,550.36,507.24,Card
35,2026-07-02,Medinaburgh,West,Speaker,Office,5,4970,0,24850.0,17042.49,7807.51,Cash
36,2024-04-11,New Rodney,West,Headphones,Office,3,1773,10,4787.1,2736.33,2050.77,Cash
37,2024-05-19,West Christopherton,North,Phone,Office,4,2690,0,10760.0,5410.07,5349.93,Card
38,2024-02-01,Mariefurt,North,Keyboard,Accessories,5,2272,5,10792.0,8417.52,2374.48,Cash
39,2025-11-28,East Reginaldview,North,Printer,Accessories,2,3689,20,5902.4,4196.97,1705.43,UPI
40,2026-06-11,Lowemouth,South,Mouse,Accessories,2,2266,0,4532.0,3475.65,1056.35,Card
41,2024-10-06,North Elizabeth,East,Laptop,Electronics,3,1767,10,4770.9,3108.83,1662.07,Net Banking
42,2025-09-22,Harriston,South,Mouse,Electronics,3,461,0,1383.0,829.89,553.11,Net Banking
43,2024-06-01,Lisaborough,North,Headphones,Office,5,3603,20,14412.0,7247.81,7164.19,UPI
44,2026-05-02,Jenniferbury,South,Laptop,Accessories,3,4871,20,11690.4,6364.58,5325.82,Cash
45,2025-01-08,South Deannaville,North,Monitor,Office,1,3031,5,2879.45,2028.92,850.53,Net Banking
46,2025-08-19,Sheabury,South,Tablet,Electronics,5,1366,5,6488.5,4927.25,1561.25,Card
47,2024-08-13,Port Jonathanstad,North,Tablet,Electronics,3,3472,5,9895.2,5739.63,4155.57,Net Banking
48,2023-09-07,West Kennethmouth,South,Keyboard,Electronics,2,1734,15,2947.8,1783.12,1164.68,Card
49,2025-06-17,South Kennethburgh,East,Monitor,Office,4,2789,10,10040.4,7623.73,2416.67,Net Banking
50,2025-07-06,West Katherineborough,East,Headphones,Office,5,2812,0,14060.0,7516.51,6543.49,Cash
51,2025-06-11,New Jamesfort,East,Tablet,Office,1,988,20,790.4,498.24,292.16,UPI
52,2023-08-12,Smithhaven,West,Laptop,Office,4,4823,5,18327.4,10564.22,7763.18,Card
53,2025-09-15,Port Cory,East,Speaker,Accessories,3,3633,0,10899.0,8552.03,2346.97,UPI
54,2025-08-31,Lake Josefurt,East,Tablet,Office,3,4254,10,11485.8,8040.84,3444.96,Cash
55,2025-12-12,South Katrinachester,West,Headphones,Office,5,1142,5,5424.5,3396.46,2028.04,Cash
56,2026-03-28,Lake Anna,South,Tablet,Office,4,4588,0,18352.0,10849.01,7502.99,Cash
57,2023-09-08,South Kimberlyton,West,Headphones,Office,4,3719,15,12644.6,8885.21,3759.39,UPI
58,2026-01-10,Christopherland,South,Mouse,Electronics,3,4322,20,10372.8,6229.45,4143.35,Card
59,2023-11-02,Benjaminmouth,West,Speaker,Electronics,2,300,0,600.0,344.07,255.93,Net Banking
60,2023-10-05,Michaelborough,West,Camera,Accessories,4,4815,5,18297.0,13091.57,5205.43,Card
61,2024-12-26,Bethanyfort,South,Headphones,Office,2,145,0,290.0,212.72,77.28,Net Banking
62,2025-04-29,Wrightstad,North,Camera,Electronics,1,4666,5,4432.7,3436.41,996.29,Net Banking
63,2025-01-27,Clarkeburgh,West,Speaker,Office,5,4678,20,18712.0,11137.18,7574.82,Net Banking
64,2024-07-28,North Melissa,West,Camera,Accessories,5,3752,5,17822.0,12887.03,4934.97,Card
65,2025-04-09,Craneland,East,Camera,Electronics,3,4370,15,11143.5,7667.0,3476.5,Cash
66,2023-12-24,Port Davidland,North,Headphones,Electronics,2,2325,10,4185.0,2493.9,1691.1,Card
67,2025-07-30,Scottmouth,West,Monitor,Office,4,1351,5,5133.8,2665.82,2467.98,Net Banking
68,2023-11-29,Benjaminland,West,Speaker,Office,4,610,5,2318.0,1738.19,579.81,UPI
69,2026-01-23,Lake Benjaminchester,East,Mouse,Accessories,5,3216,15,13668.0,6858.18,6809.82,Net Banking
70,2025-04-10,North Laura,West,Keyboard,Accessories,5,4573,20,18292.0,14072.83,4219.17,Net Banking
71,2025-01-19,Wolfeview,West,Headphones,Accessories,4,337,15,1145.8,688.44,457.36,Card
72,2024-08-02,East James,North,Phone,Office,5,4475,0,22375.0,17275.26,5099.74,Net Banking
73,2024-06-19,Port Peggyton,West,Monitor,Electronics,2,3882,5,7375.8,3799.17,3576.63,Net Banking
74,2025-12-17,East Allisonfurt,West,Mouse,Electronics,3,2864,15,7303.2,4261.25,3041.95,Net Banking
75,2024-04-05,Port Lori,East,Keyboard,Office,1,4518,0,4518.0,3614.28,903.72,UPI
76,2024-04-21,South Theresaside,North,Speaker,Electronics,1,354,5,336.3,188.26,148.04,Card
77,2025-09-26,North Stephanie,South,Camera,Office,2,3979,0,7958.0,5325.42,2632.58,Cash
78,2024-12-07,New Angela,North,Headphones,Accessories,3,1474,20,3537.6,2413.26,1124.34,UPI
79,2025-04-10,West Katherineville,West,Tablet,Office,5,310,10,1395.0,938.47,456.53,Card
80,2025-05-18,East Brenda,East,Speaker,Electronics,1,4950,5,4702.5,2495.01,2207.49,UPI
81,2025-07-13,Wigginsside,North,Printer,Office,3,4464,15,11383.2,7950.67,3432.53,Cash
82,2024-06-03,New Tyler,East,Camera,Office,1,3541,15,3009.85,1600.22,1409.63,Card
83,2023-09-15,Port Teresa,East,Speaker,Office,4,1542,20,4934.4,3896.41,1037.99,Net Banking
84,2024-03-09,Roweview,South,Phone,Accessories,4,3668,20,11737.6,6813.9,4923.7,Net Banking
85,2025-09-05,Rayside,West,Monitor,Electronics,2,3906,20,6249.6,4269.1,1980.5,Net Banking
86,2024-08-09,North Shelleyfort,East,Monitor,Accessories,3,1589,15,4051.95,2283.82,1768.13,Cash
87,2024-03-04,Lake Keithside,North,Keyboard,Office,5,183,20,732.0,574.19,157.81,Net Banking
88,2024-09-16,New David,West,Camera,Electronics,4,4648,5,17662.4,12490.55,5171.85,UPI
89,2024-07-16,West Travis,East,Speaker,Accessories,3,1915,15,4883.25,3455.08,1428.17,Net Banking
90,2024-10-18,Willietown,East,Monitor,Office,5,4449,10,20020.5,12565.89,7454.61,Net Banking
91,2026-07-24,Lake Rhonda,South,Monitor,Electronics,3,2611,10,7049.7,4012.42,3037.28,Card
92,2025-05-22,North Robin,East,Phone,Electronics,2,1872,15,3182.4,1855.18,1327.22,Cash
93,2026-02-26,West Samantha,South,Mouse,Electronics,2,3056,5,5806.4,3429.73,2376.67,UPI
94,2024-12-12,Weberview,West,Phone,Electronics,5,2493,5,11841.75,8186.92,3654.83,Cash
95,2024-07-26,New Pamelamouth,North,Mouse,Accessories,4,4021,15,13671.4,8233.08,5438.32,UPI
96,2024-08-17,Howardfurt,North,Headphones,Electronics,1,3382,15,2874.7,1501.24,1373.46,Cash
97,2025-05-14,South Markmouth,West,Speaker,Office,1,2133,0,2133.0,1423.61,709.39,Card
98,2025-12-04,Williammouth,East,Speaker,Accessories,5,3216,15,13668.0,10559.23,3108.77,Cash
99,2026-01-30,Kristyhaven,North,Keyboard,Office,5,593,20,2372.0,1869.21,502.79,Card
100,2024-02-12,Rangelside,North,Headphones,Electronics,3,765,5,2180.25,1247.01,933.24,Net Banking
101,2025-06-08,Andrewhaven,South,Mouse,Office,4,4964,15,16877.6,9913.53,6964.07,Cash
102,2025-03-01,Jillborough,South,Tablet,Electronics,4,683,5,2595.4,2017.08,578.32,Card
103,2026-02-18,Coreymouth,South,Mouse,Office,2,2276,5,4324.4,2254.84,2069.56,Cash
104,2025-02-16,Mcmillanmouth,West,Mouse,Office,4,1118,15,3801.2,2685.94,1115.26,Net Banking
105,2025-04-01,Michaelfort,West,Monitor,Office,4,758,20,2425.6,1241.81,1183.79,Cash
106,2024-01-07,West Kristenview,North,Mouse,Office,1,848,5,805.6,635.27,170.33,UPI
107,2025-06-04,Scottburgh,East,Headphones,Office,2,3954,20,6326.4,4399.71,1926.69,Net Banking
108,2026-05-16,Wileybury,East,Monitor,Office,4,847,15,2879.8,1740.52,1139.28,UPI
109,2024-11-16,Jenkinsbury,East,Tablet,Office,2,2801,15,4761.7,3371.77,1389.93,UPI
110,2025-09-13,Jimmyshire,North,Tablet,Office,4,821,10,2955.6,1701.6,1254.0,UPI
111,2024-10-26,West Mary,East,Speaker,Accessories,5,3884,15,16507.0,8521.92,7985.08,Net Banking
112,2025-11-19,Moorechester,East,Camera,Office,1,1767,10,1590.3,1057.18,533.12,Net Banking
113,2026-04-23,Tuckerhaven,South,Mouse,Office,1,336,20,268.8,198.86,69.94,UPI
114,2026-02-21,South Ann,North,Camera,Electronics,5,3442,0,17210.0,9765.13,7444.87,Card
115,2024-05-25,Ashleyport,West,Camera,Accessories,4,2490,20,7968.0,5670.22,2297.78,Card
116,2025-11-01,North Adam,South,Phone,Accessories,4,4615,5,17537.0,10786.58,6750.42,Net Banking
117,2026-06-25,Oneillbury,East,Mouse,Office,3,4259,10,11499.3,8580.37,2918.93,Net Banking
118,2025-11-21,Andrewstown,East,Printer,Office,2,3758,20,6012.8,3880.07,2132.73,Net Banking
119,2025-12-21,Barrerafurt,South,Speaker,Accessories,4,2736,5,10396.8,8257.48,2139.32,Card
120,2023-09-24,Hardinmouth,West,Tablet,Office,4,457,10,1645.2,1190.16,455.04,Card
121,2023-09-16,South Grace,East,Phone,Accessories,4,403,5,1531.4,996.46,534.94,UPI
122,2025-02-27,New John,West,Headphones,Electronics,5,3843,0,19215.0,13772.03,5442.97,Net Banking
123,2025-08-30,West Mary,North,Monitor,Office,3,2873,20,6895.2,4880.5,2014.7,Net Banking
124,2024-11-30,Parsonsland,North,Keyboard,Office,3,4097,20,9832.8,5022.3,4810.5,Cash
125,2025-03-21,Stephensonchester,North,Camera,Electronics,2,840,15,1428.0,1133.12,294.88,Cash
126,2023-08-05,East Lorimouth,East,Monitor,Accessories,1,476,10,428.4,316.52,111.88,Net Banking
127,2023-12-16,Smithborough,South,Headphones,Electronics,2,2100,20,3360.0,2095.35,1264.65,UPI
128,2025-02-17,Oconnorstad,West,Speaker,Electronics,5,3233,20,12932.0,9116.29,3815.71,Card
129,2025-12-25,Taylorshire,North,Camera,Accessories,4,2180,15,7412.0,4273.74,3138.26,Card
130,2023-10-20,Lake Jamesmouth,East,Tablet,Office,1,3718,10,3346.2,2664.56,681.64,Cash
131,2024-11-25,Pinedamouth,West,Phone,Electronics,4,2574,5,9781.2,7823.12,1958.08,Net Banking
132,2025-08-16,New Donnaview,East,Laptop,Office,5,3040,20,12160.0,7159.34,5000.66,Net Banking
133,2024-08-07,New Garyfort,North,Speaker,Office,3,166,20,398.4,302.59,95.81,Net Banking
134,2024-10-23,Port Julie,South,Keyboard,Office,3,1985,20,4764.0,3528.12,1235.88,Cash
135,2023-09-22,Alishaberg,West,Laptop,Office,2,895,0,1790.0,1060.9,729.1,Cash
136,2025-07-26,Gregoryville,West,Headphones,Electronics,2,838,10,1508.4,902.05,606.35,Card
137,2024-01-01,Port Breannaland,East,Headphones,Accessories,5,3097,20,12388.0,8058.87,4329.13,Net Banking
138,2025-03-11,Masonmouth,North,Headphones,Electronics,3,2874,0,8622.0,5522.39,3099.61,Net Banking
139,2026-05-04,Johnsonville,North,Mouse,Office,5,3096,0,15480.0,11411.93,4068.07,UPI
140,2025-09-25,Port Jenniferbury,East,Phone,Office,4,3119,10,11228.4,7583.3,3645.1,Card
141,2026-01-09,Laneland,East,Speaker,Electronics,4,305,20,976.0,746.9,229.1,UPI
142,2026-05-15,North Nancy,North,Laptop,Accessories,4,2575,15,8755.0,4683.95,4071.05,Net Banking
143,2024-10-31,Nicoletown,South,Tablet,Accessories,1,896,5,851.2,652.17,199.03,Cash
144,2026-05-29,Sethfurt,South,Tablet,Office,5,3533,20,14132.0,10212.92,3919.08,UPI
145,2024-01-28,North Steven,East,Keyboard,Accessories,4,3443,10,12394.8,6319.05,6075.75,Net Banking
146,2023-12-28,Port Jenniferton,East,Printer,Office,2,3071,0,6142.0,4878.46,1263.54,Cash
147,2026-06-09,Hughestown,North,Camera,Electronics,1,3361,10,3024.9,1684.7,1340.2,Card
148,2023-10-24,Isaiahview,South,Headphones,Office,5,274,0,1370.0,1008.37,361.63,Card
149,2025-12-03,Lake Tammy,South,Monitor,Electronics,1,4640,5,4408.0,2979.43,1428.57,UPI
150,2025-09-24,West Emily,South,Phone,Office,3,1285,5,3662.25,2424.65,1237.6,UPI
151,2024-02-01,Port Julieburgh,South,Speaker,Accessories,2,221,10,397.8,293.18,104.62,UPI
152,2026-05-27,South Katrina,West,Printer,Electronics,2,2273,0,4546.0,2445.87,2100.13,UPI
153,2024-07-15,West Jenniferside,North,Camera,Office,4,3772,10,13579.2,8880.41,4698.79,Card
154,2025-07-27,Kristineborough,North,Laptop,Accessories,5,455,20,1820.0,1074.69,745.31,Net Banking
155,2026-07-26,East Harry,West,Phone,Electronics,4,984,15,3345.6,2387.82,957.78,Cash
156,2025-11-05,New Veronica,East,Tablet,Office,5,1315,0,6575.0,3536.41,3038.59,Cash
157,2026-05-29,North Mikaylaside,North,Printer,Office,4,4241,20,13571.2,8537.1,5034.1,Card
158,2024-01-07,South Raymondmouth,West,Tablet,Accessories,4,3799,5,14436.2,9010.27,5425.93,UPI
159,2026-07-13,New Curtis,East,Headphones,Office,3,3596,10,9709.2,6791.9,2917.3,Net Banking
160,2023-10-19,Taylortown,North,Monitor,Electronics,1,847,0,847.0,447.19,399.81,UPI
161,2024-05-26,Hicksmouth,North,Tablet,Accessories,5,4700,20,18800.0,11259.2,7540.8,Net Banking
162,2025-01-03,North Marissa,North,Speaker,Office,1,2456,20,1964.8,1166.57,798.23,Card
163,2023-11-22,Patrickview,East,Printer,Accessories,2,4050,5,7695.0,5803.43,1891.57,UPI
164,2024-12-13,Hernandezfort,North,Speaker,Office,3,4803,5,13688.55,10159.18,3529.37,Cash
165,2025-04-10,Maureenstad,East,Monitor,Accessories,1,1577,10,1419.3,1008.85,410.45,UPI
166,2025-04-30,South Sherriland,North,Headphones,Office,2,1273,20,2036.8,1420.06,616.74,UPI
167,2024-11-24,West Joseview,West,Monitor,Electronics,1,4445,5,4222.75,2587.95,1634.8,Cash
168,2024-12-24,East Vanessaport,North,Headphones,Electronics,3,2757,20,6616.8,4491.93,2124.87,UPI
169,2025-05-26,Millerfort,West,Speaker,Accessories,1,2329,15,1979.65,1382.95,596.7,Net Banking
170,2024-07-24,Lake Brendaland,West,Phone,Accessories,3,1865,20,4476.0,2390.83,2085.17,Net Banking
171,2025-03-12,West David,North,Laptop,Electronics,5,2626,0,13130.0,7433.62,5696.38,Cash
172,2024-03-27,South Saraland,North,Laptop,Accessories,2,1224,10,2203.2,1292.91,910.29,Net Banking
173,2023-11-20,West Christophertown,South,Printer,Office,2,1158,15,1968.6,1298.83,669.77,Cash
174,2024-02-16,New Alan,West,Phone,Accessories,1,3352,0,3352.0,2114.66,1237.34,Net Banking
175,2025-11-20,Lake Jasonshire,West,Laptop,Accessories,5,3413,15,14505.25,8512.47,5992.78,Card
176,2023-09-06,South Craighaven,North,Keyboard,Accessories,5,3869,10,17410.5,9165.57,8244.93,Net Banking
177,2023-11-23,North Benjaminport,East,Keyboard,Accessories,5,744,15,3162.0,2406.78,755.22,Card
178,2024-06-21,West Christine,South,Monitor,Accessories,1,4281,0,4281.0,2821.96,1459.04,Card
179,2024-11-24,Josephburgh,South,Speaker,Electronics,2,942,5,1789.8,1032.34,757.46,UPI
180,2024-08-25,Michelleton,West,Speaker,Office,2,4147,15,7049.9,5120.58,1929.32,Cash
181,2024-12-18,South Marco,West,Mouse,Accessories,3,1336,15,3406.8,1773.19,1633.61,UPI
182,2025-04-21,West Erin,West,Laptop,Electronics,3,4256,0,12768.0,7572.99,5195.01,Cash
183,2026-01-25,East Jasminechester,West,Camera,Office,3,728,0,2184.0,1494.95,689.05,UPI
184,2025-08-15,South Gary,West,Printer,Electronics,4,4783,5,18175.4,10840.86,7334.54,UPI
185,2024-10-11,Kaiserton,North,Printer,Office,4,947,10,3409.2,2709.34,699.86,Card
186,2024-07-30,West Timothyside,South,Monitor,Accessories,1,2129,15,1809.65,1442.83,366.82,Cash
187,2025-07-10,New Misty,North,Monitor,Electronics,4,3448,10,12412.8,8734.51,3678.29,Cash
188,2025-04-15,New Nicholasfort,South,Monitor,Electronics,1,4670,15,3969.5,2323.13,1646.37,Card
189,2025-04-19,Jonesport,North,Mouse,Office,3,2641,15,6734.55,3627.8,3106.75,Net Banking
190,2024-06-07,Christopherland,West,Printer,Accessories,3,1146,20,2750.4,1452.31,1298.09,UPI
191,2025-12-26,North Alex,East,Camera,Electronics,3,2630,5,7495.5,5886.6,1608.9,Card
192,2025-08-25,Port Katherine,North,Printer,Office,2,1369,0,2738.0,1611.96,1126.04,UPI
193,2023-12-01,Lake Alexandermouth,South,Headphones,Office,3,1173,20,2815.2,1725.76,1089.44,Card
194,2025-10-23,Port Angelabury,South,Camera,Office,4,457,15,1553.8,946.71,607.09,Cash
195,2024-01-27,North Nicolefurt,West,Keyboard,Accessories,4,2016,20,6451.2,3688.48,2762.72,Net Banking
196,2023-12-10,North Olivia,West,Headphones,Electronics,4,2408,15,8187.2,5328.82,2858.38,Card
197,2024-01-08,North Carlos,North,Printer,Electronics,3,527,15,1343.85,1024.33,319.52,Cash
198,2025-12-01,Port Kristyport,South,Tablet,Electronics,1,1413,10,1271.7,807.27,464.43,Card
199,2024-09-15,East Cindy,West,Printer,Accessories,4,2963,0,11852.0,7401.21,4450.79,Card
200,2023-10-06,Grossville,East,Phone,Office,4,768,10,2764.8,1568.64,1196.16,Cash
201,2024-02-23,Lake Madisonstad,West,Headphones,Office,2,1227,0,2454.0,1438.2,1015.8,Net Banking
202,2026-06-27,Kaylaborough,South,Headphones,Office,4,143,0,572.0,289.26,282.74,Net Banking
203,2026-04-08,Lake Erin,North,Keyboard,Accessories,1,2460,5,2337.0,1379.64,957.36,Net Banking
204,2025-08-04,Stewartland,North,Printer,Office,1,1008,15,856.8,581.79,275.01,Card
205,2023-09-23,Lake Lauraport,East,Keyboard,Office,2,2486,15,4226.2,2115.08,2111.12,Net Banking
206,2024-01-22,Lake Sherihaven,North,Printer,Office,2,801,20,1281.6,1015.54,266.06,UPI
207,2023-09-11,Davisland,East,Mouse,Office,4,3951,0,15804.0,10915.84,4888.16,UPI
208,2025-10-28,Briannamouth,North,Speaker,Office,3,653,10,1763.1,1009.09,754.01,Cash
209,2025-01-26,Stephenmouth,South,Camera,Office,2,463,10,833.4,553.21,280.19,Net Banking
210,2026-07-05,North Heathermouth,West,Laptop,Accessories,2,1204,0,2408.0,1721.27,686.73,Card
211,2024-04-14,Port William,East,Printer,Accessories,1,1734,0,1734.0,1031.17,702.83,Net Banking
212,2025-05-29,East Allenmouth,North,Monitor,Accessories,3,399,5,1137.15,666.18,470.97,UPI
213,2025-08-17,Port Michaelside,West,Monitor,Electronics,3,3679,15,9381.45,6782.72,2598.73,Net Banking
214,2026-05-11,New Timothyshire,North,Tablet,Electronics,4,3109,20,9948.8,5770.47,4178.33,Net Banking
215,2025-03-09,New Crystal,North,Phone,Accessories,5,1578,20,6312.0,3712.28,2599.72,Cash
216,2025-06-02,New Davidport,South,Camera,Accessories,3,3752,20,9004.8,6441.12,2563.68,Net Banking
217,2024-11-30,Jenniferburgh,East,Laptop,Electronics,1,2988,20,2390.4,1910.99,479.41,Net Banking
218,2025-04-27,East Devin,South,Speaker,Office,3,4303,5,12263.55,9637.15,2626.4,Net Banking
219,2026-03-01,Lake Bradley,East,Monitor,Accessories,1,1134,0,1134.0,647.29,486.71,UPI
220,2025-09-18,Brandyton,East,Camera,Electronics,5,1356,15,5763.0,4521.92,1241.08,Card
221,2025-04-05,New Helenport,East,Keyboard,Electronics,5,3106,15,13200.5,7845.26,5355.24,UPI
222,2024-07-05,Moonburgh,North,Mouse,Accessories,2,4188,20,6700.8,4128.34,2572.46,Net Banking
223,2025-01-02,Espinozaville,South,Phone,Accessories,2,2439,15,4146.3,2322.15,1824.15,Card
224,2023-10-17,Gomezhaven,North,Printer,Office,4,819,10,2948.4,2064.92,883.48,Cash
225,2026-07-02,New Brentchester,South,Phone,Electronics,3,1390,5,3961.5,2924.02,1037.48,Card
226,2026-05-11,Port Kristin,East,Camera,Office,2,4147,0,8294.0,5044.98,3249.02,Card
227,2024-09-30,Sullivanstad,West,Printer,Accessories,5,806,0,4030.0,2388.93,1641.07,Net Banking
228,2024-04-01,Briggsside,North,Camera,Accessories,5,704,5,3344.0,2647.49,696.51,Cash
229,2025-05-17,New Katherinehaven,South,Tablet,Office,2,4616,20,7385.6,4095.97,3289.63,UPI
230,2023-08-06,New Kimland,South,Monitor,Office,1,4344,5,4126.8,2439.92,1686.88,Card
231,2025-11-23,East Wyattstad,East,Keyboard,Office,3,4350,10,11745.0,8853.15,2891.85,Cash
232,2024-01-28,North Jessicamouth,South,Speaker,Office,2,2580,20,4128.0,2724.66,1403.34,Card
233,2024-11-06,East Ericberg,North,Phone,Electronics,2,2865,20,4584.0,2348.65,2235.35,Cash
234,2025-10-05,West Adamburgh,North,Camera,Office,2,4786,15,8136.2,5576.82,2559.38,Cash
235,2025-10-12,Charlesfurt,West,Mouse,Accessories,3,4056,5,11559.6,8570.36,2989.24,UPI
236,2025-03-14,Paulborough,West,Keyboard,Accessories,1,1394,15,1184.9,740.19,444.71,Card
237,2023-12-25,West Ianfurt,South,Monitor,Office,3,2715,10,7330.5,5810.24,1520.26,UPI
238,2025-02-04,West Randallside,West,Keyboard,Electronics,3,2080,15,5304.0,2846.96,2457.04,UPI
239,2026-05-19,New Erinbury,West,Keyboard,Electronics,1,2477,15,2105.45,1598.56,506.89,Cash
240,2024-06-02,Mariaburgh,West,Printer,Accessories,5,2661,5,12639.75,9213.57,3426.18,Net Banking
241,2025-07-20,Coxshire,West,Printer,Accessories,3,4174,0,12522.0,6599.28,5922.72,Card
242,2023-12-31,East Erikfurt,East,Camera,Office,2,4878,10,8780.4,4518.37,4262.03,Net Banking
243,2024-01-30,Port Markshire,West,Headphones,Accessories,3,4496,0,13488.0,10172.0,3316.0,Cash
244,2026-03-07,South Rickyborough,South,Monitor,Office,4,3097,0,12388.0,7682.72,4705.28,Cash
245,2024-07-29,North Chad,East,Speaker,Office,1,3264,20,2611.2,1658.39,952.81,UPI
246,2025-09-22,Port Michael,East,Printer,Accessories,2,892,15,1516.4,927.98,588.42,Card
247,2026-04-07,Shannonburgh,North,Laptop,Electronics,2,4270,15,7259.0,4718.52,2540.48,Cash
248,2023-11-24,Port Michaelhaven,South,Monitor,Office,4,4354,15,14803.6,8063.26,6740.34,Cash
249,2026-05-07,East Jameston,East,Speaker,Accessories,2,3319,20,5310.4,3833.02,1477.38,Net Banking
250,2026-05-14,Dannyshire,East,Monitor,Office,5,2555,15,10858.75,8086.78,2771.97,UPI
251,2024-07-19,New Rachelport,North,Speaker,Accessories,4,4881,10,17571.6,12985.88,4585.72,Cash
252,2026-01-07,Port Richardtown,West,Headphones,Office,5,4831,5,22947.25,16439.87,6507.38,Net Banking
253,2026-06-27,Angelaport,North,Keyboard,Electronics,2,2084,0,4168.0,2799.94,1368.06,Net Banking
254,2024-07-22,Danielmouth,South,Tablet,Office,3,3530,5,10060.5,6276.63,3783.87,Net Banking
255,2026-03-31,South Anthonymouth,East,Camera,Office,1,1231,20,984.8,553.66,431.14,Net Banking
256,2025-07-01,Pedrostad,East,Printer,Accessories,3,1518,15,3870.9,2994.67,876.23,Cash
257,2025-02-22,New William,East,Printer,Accessories,5,4066,5,19313.5,15203.61,4109.89,Card
258,2024-06-21,Alyssamouth,West,Monitor,Accessories,3,2467,5,7030.95,4971.39,2059.56,Cash
259,2024-02-17,Middletonberg,West,Tablet,Accessories,5,2340,10,10530.0,5650.0,4880.0,Card
260,2025-03-31,New Troy,North,Monitor,Accessories,3,444,10,1198.8,942.97,255.83,Cash
261,2025-02-27,Nelsonstad,East,Printer,Office,4,1852,5,7037.6,5266.84,1770.76,Cash
262,2024-06-16,Stephenbury,South,Keyboard,Electronics,2,994,20,1590.4,1148.69,441.71,Card
263,2025-10-16,Lowestad,West,Phone,Office,2,530,0,1060.0,661.43,398.57,Card
264,2024-04-21,West Maryburgh,West,Camera,Office,1,4608,5,4377.6,2723.18,1654.42,Card
265,2025-07-12,Port Ryan,North,Speaker,Electronics,3,2731,10,7373.7,5115.65,2258.05,UPI
266,2025-08-04,Gregoryfort,North,Tablet,Accessories,2,3523,5,6693.7,5222.27,1471.43,Card
267,2025-01-28,Johnsonbury,North,Monitor,Accessories,3,406,0,1218.0,718.03,499.97,Net Banking
268,2024-12-21,Ramosborough,South,Printer,Accessories,5,4395,15,18678.75,14322.45,4356.3,Cash
269,2023-10-29,Rebeccaside,West,Mouse,Office,2,1022,10,1839.6,1009.48,830.12,Card
270,2025-11-13,Barkerfurt,South,Headphones,Office,1,2861,10,2574.9,1726.04,848.86,Net Banking
271,2023-11-08,Lake Richard,North,Headphones,Electronics,4,4321,10,15555.6,8182.58,7373.02,Net Banking
272,2025-08-20,Christinebury,South,Camera,Accessories,3,2132,0,6396.0,3698.39,2697.61,Cash
273,2024-07-23,Murphyland,East,Keyboard,Electronics,3,4871,20,11690.4,5885.31,5805.09,UPI
274,2025-05-13,West Evelynshire,East,Phone,Office,4,2613,5,9929.4,6172.36,3757.04,Cash
275,2024-01-14,Mirandastad,West,Headphones,Accessories,3,1909,5,5440.65,4282.92,1157.73,Cash
276,2025-11-07,South Jesseville,South,Keyboard,Office,4,4599,15,15636.6,11371.02,4265.58,UPI
277,2025-02-10,West Linda,North,Speaker,Electronics,5,3759,20,15036.0,10692.55,4343.45,UPI
278,2025-06-04,Brianstad,South,Headphones,Accessories,5,4240,5,20140.0,13530.26,6609.74,Net Banking
279,2024-10-07,South Wesleyberg,West,Laptop,Accessories,1,1782,20,1425.6,921.86,503.74,Card
280,2025-08-18,Lopezfort,West,Mouse,Office,5,3503,15,14887.75,9962.49,4925.26,UPI
281,2026-05-11,Davisport,North,Laptop,Accessories,4,2184,0,8736.0,6322.6,2413.4,Cash
282,2025-06-17,Fullerville,North,Camera,Electronics,1,4533,0,4533.0,3537.44,995.56,Cash
283,2024-05-24,Samanthaville,West,Monitor,Accessories,4,1574,5,5981.2,4364.77,1616.43,Net Banking
284,2026-07-23,North Krista,South,Monitor,Electronics,4,3177,0,12708.0,8956.84,3751.16,Card
285,2026-07-27,West Jason,South,Laptop,Electronics,5,3319,20,13276.0,7145.2,6130.8,Cash
286,2025-03-16,East Melanie,South,Keyboard,Accessories,4,4560,15,15504.0,10226.13,5277.87,Cash
287,2024-06-12,West Marcus,North,Laptop,Office,2,2358,5,4480.2,3500.04,980.16,Net Banking
288,2026-03-01,Flemingfort,North,Speaker,Electronics,5,228,5,1083.0,608.46,474.54,Net Banking
289,2026-06-08,Lisashire,West,Camera,Electronics,5,498,5,2365.5,1708.27,657.23,Card
290,2026-01-10,Dunnland,South,Speaker,Accessories,1,1247,20,997.6,796.13,201.47,Cash
291,2024-06-17,North Josephshire,South,Tablet,Accessories,2,2572,5,4886.8,3888.47,998.33,Cash
292,2024-08-25,West Theresashire,South,Tablet,Office,1,4660,20,3728.0,2847.87,880.13,Net Banking
293,2024-06-19,North Michael,East,Tablet,Accessories,1,2921,15,2482.85,1826.74,656.11,Card
294,2023-10-10,Lake Dakota,West,Keyboard,Electronics,3,3183,5,9071.55,6588.89,2482.66,Cash
295,2026-01-17,New Eric,West,Printer,Office,2,3893,0,7786.0,5206.62,2579.38,Card
296,2025-05-02,Nicholaschester,North,Camera,Accessories,4,2089,10,7520.4,4218.95,3301.45,UPI
297,2026-07-31,East Mollychester,North,Phone,Electronics,5,1660,0,8300.0,4818.47,3481.53,Card
298,2025-09-16,Lake Laura,North,Keyboard,Electronics,4,1811,10,6519.6,3852.8,2666.8,UPI
299,2024-04-22,North Christopherfurt,West,Keyboard,Office,4,2087,20,6678.4,4749.21,1929.19,Cash
300,2026-05-12,Robertport,East,Mouse,Accessories,3,3218,15,8205.9,5416.67,2789.23,Cash
301,2025-01-23,Lake Jamie,West,Monitor,Electronics,5,4173,15,17735.25,9392.28,8342.97,Cash
302,2025-04-20,South Pamelaton,South,Headphones,Electronics,3,3490,0,10470.0,7001.89,3468.11,Cash
303,2026-07-16,Stephanieland,East,Headphones,Electronics,5,4884,20,19536.0,13987.85,5548.15,Cash
304,2023-10-13,East Cody,West,Printer,Office,2,3211,20,5137.6,3853.25,1284.35,Cash
305,2025-08-16,New Matthewmouth,East,Headphones,Electronics,3,4102,15,10460.1,6676.15,3783.95,Net Banking
306,2024-06-17,Christopherfurt,North,Laptop,Electronics,2,4541,0,9082.0,5968.54,3113.46,Net Banking
307,2026-06-11,East Carmentown,North,Keyboard,Office,2,1995,0,3990.0,2841.48,1148.52,Net Banking
308,2023-11-05,West Tricia,West,Camera,Electronics,3,595,20,1428.0,987.2,440.8,UPI
309,2025-12-23,Wolfchester,East,Printer,Accessories,5,4619,15,19630.75,9885.17,9745.58,UPI
310,2023-08-03,Simonton,North,Printer,Electronics,5,3627,5,17228.25,9167.24,8061.01,Card
311,2026-05-24,Isabellamouth,East,Tablet,Electronics,2,4412,10,7941.6,5913.03,2028.57,Cash
312,2025-10-31,South Kristastad,South,Mouse,Office,4,3860,20,12352.0,7077.23,5274.77,UPI
313,2023-11-07,North Jameshaven,West,Laptop,Office,1,865,15,735.25,451.28,283.97,UPI
314,2025-02-12,Port Scottfurt,East,Speaker,Electronics,2,777,15,1320.9,995.43,325.47,UPI
315,2024-02-04,Gonzalezmouth,North,Phone,Office,2,1831,20,2929.6,1882.71,1046.89,Cash
316,2023-09-30,South Michaelmouth,East,Laptop,Electronics,5,4716,0,23580.0,13058.75,10521.25,Card
317,2024-05-01,Tylerburgh,South,Speaker,Accessories,4,730,10,2628.0,1442.08,1185.92,Cash
318,2026-04-06,South Ericview,East,Laptop,Electronics,4,1246,0,4984.0,3240.79,1743.21,Net Banking
319,2025-12-10,East Kimberlyfurt,West,Monitor,Electronics,2,722,10,1299.6,885.74,413.86,Cash
320,2023-10-10,Mendozaborough,West,Tablet,Electronics,4,4119,5,15652.2,9496.87,6155.33,Net Banking
321,2025-06-08,Angelaton,North,Mouse,Electronics,1,2519,5,2393.05,1708.48,684.57,Net Banking
322,2024-09-17,Hoffmanmouth,North,Laptop,Accessories,2,3291,10,5923.8,3602.91,2320.89,Net Banking
323,2023-08-11,Mitchellmouth,South,Tablet,Accessories,3,2309,0,6927.0,3738.86,3188.14,Net Banking
324,2026-06-26,East Karen,North,Speaker,Office,1,315,0,315.0,190.94,124.06,Cash
325,2026-07-02,Lake William,North,Printer,Electronics,4,201,10,723.6,451.63,271.97,Card
326,2025-08-30,Taylortown,East,Camera,Electronics,4,1488,5,5654.4,3283.37,2371.03,UPI
327,2025-12-24,New Kevinburgh,West,Phone,Accessories,2,3660,10,6588.0,4126.27,2461.73,Cash
328,2024-10-10,Kaufmanbury,West,Phone,Electronics,2,4161,20,6657.6,4560.46,2097.14,Cash
329,2024-12-26,New Alison,West,Monitor,Accessories,1,3341,10,3006.9,2262.64,744.26,Cash
330,2026-05-03,Brianfurt,South,Camera,Accessories,4,4969,5,18882.2,11142.96,7739.24,Card
331,2024-10-30,East Dawn,West,Speaker,Electronics,4,2714,10,9770.4,7039.2,2731.2,Cash
332,2026-05-07,Port Melanie,South,Speaker,Office,4,2396,15,8146.4,4965.27,3181.13,Card
333,2025-10-08,Melanieburgh,South,Camera,Accessories,5,320,15,1360.0,1064.73,295.27,UPI
334,2025-07-02,Lake Bobby,South,Mouse,Office,4,4190,5,15922.0,10986.19,4935.81,Card
335,2024-09-12,Gregoryberg,West,Speaker,Accessories,4,3188,0,12752.0,8093.95,4658.05,Net Banking
336,2026-05-26,Port Kaylafort,North,Phone,Electronics,5,401,10,1804.5,1282.08,522.42,Cash
337,2024-02-03,Erinborough,West,Monitor,Accessories,2,462,20,739.2,587.72,151.48,UPI
338,2023-08-20,Longberg,South,Camera,Accessories,1,907,10,816.3,462.52,353.78,Net Banking
339,2024-05-05,West Joshuaview,North,Camera,Electronics,4,4921,20,15747.2,8585.74,7161.46,Cash
340,2024-05-24,South Jenniferview,South,Monitor,Accessories,4,803,0,3212.0,2407.06,804.94,Cash
341,2025-04-16,Port Brett,West,Phone,Accessories,4,1794,20,5740.8,3702.11,2038.69,Net Banking
342,2026-04-19,Lake Melissaport,North,Laptop,Accessories,3,650,10,1755.0,901.03,853.97,UPI
343,2025-03-22,Dayfurt,South,Monitor,Office,2,2098,20,3356.8,1854.08,1502.72,Net Banking
344,2025-09-17,Sydneyhaven,South,Tablet,Accessories,4,1999,15,6796.6,4682.37,2114.23,UPI
345,2025-02-13,Cunninghamland,West,Laptop,Office,5,1716,15,7293.0,4942.18,2350.82,Card
346,2023-10-15,New Victoriahaven,South,Monitor,Accessories,2,2380,0,4760.0,3204.45,1555.55,Card
347,2025-05-08,Robinstad,West,Printer,Office,4,1033,10,3718.8,2607.66,1111.14,Cash
348,2025-06-15,Sarahtown,North,Monitor,Accessories,5,3283,20,13132.0,8112.47,5019.53,Net Banking
349,2026-03-01,Kimberlyhaven,North,Headphones,Accessories,5,1513,10,6808.5,5280.71,1527.79,UPI
350,2025-10-29,Powellside,South,Printer,Accessories,2,2601,0,5202.0,2886.66,2315.34,Net Banking
351,2025-03-09,Youngfort,South,Camera,Office,5,1229,20,4916.0,3023.9,1892.1,Card
352,2024-05-29,New Reginatown,South,Monitor,Accessories,5,1466,15,6230.5,3655.13,2575.37,UPI
353,2025-12-20,Lake Sandra,West,Printer,Office,3,178,15,453.9,245.54,208.36,Net Banking
354,2026-01-21,Oliverview,West,Camera,Electronics,4,4128,15,14035.2,10007.7,4027.5,UPI
355,2024-03-09,Christinaland,East,Keyboard,Office,5,352,5,1672.0,982.51,689.49,Cash
356,2026-04-05,North Paulaton,West,Printer,Office,2,3846,20,6153.6,4447.55,1706.05,UPI
357,2025-12-10,Lake Scott,East,Printer,Electronics,5,1035,10,4657.5,3411.78,1245.72,Net Banking
358,2024-10-10,Smithville,South,Mouse,Electronics,5,1890,15,8032.5,4263.05,3769.45,Net Banking
359,2026-02-07,Powellstad,North,Keyboard,Electronics,3,2955,0,8865.0,5600.21,3264.79,Cash
360,2024-11-25,West Heatherbury,South,Keyboard,Electronics,5,3607,5,17133.25,11733.63,5399.62,Cash
361,2026-05-08,East Davidstad,East,Mouse,Accessories,5,2402,20,9608.0,6356.95,3251.05,Cash
362,2023-08-19,New Alex,West,Laptop,Accessories,5,880,5,4180.0,3297.32,882.68,Card
363,2024-02-17,Mossport,South,Tablet,Accessories,2,2145,5,4075.5,2907.54,1167.96,Card
364,2024-12-18,Hawkinston,North,Phone,Accessories,5,2301,15,9779.25,5990.3,3788.95,Cash
365,2024-01-02,West Robertberg,North,Phone,Office,3,3824,15,9751.2,5833.04,3918.16,Net Banking
366,2025-12-31,Port Michellebury,West,Keyboard,Accessories,3,618,20,1483.2,918.57,564.63,Cash
367,2023-09-28,Port Kathryn,South,Speaker,Accessories,3,2423,10,6542.1,4345.22,2196.88,Cash
368,2026-02-06,Samanthamouth,West,Laptop,Electronics,1,476,0,476.0,327.42,148.58,Card
369,2025-07-10,South Richard,West,Keyboard,Office,4,3839,0,15356.0,12247.2,3108.8,Card
370,2023-11-06,Figueroaview,East,Mouse,Electronics,3,1402,10,3785.4,1998.7,1786.7,Cash
371,2025-11-07,West Tylerstad,South,Tablet,Office,2,524,15,890.8,612.59,278.21,UPI
372,2023-10-23,Nathanmouth,South,Speaker,Electronics,1,108,5,102.6,65.98,36.62,Net Banking
373,2024-08-19,South Dylanchester,West,Headphones,Accessories,1,166,10,149.4,111.32,38.08,UPI
374,2023-11-22,Maynardchester,North,Phone,Accessories,2,3238,0,6476.0,4657.73,1818.27,Cash
375,2025-04-24,Johnsonville,South,Headphones,Electronics,3,1223,15,3118.65,2282.97,835.68,UPI
376,2024-05-25,New Luisborough,South,Headphones,Accessories,5,1444,15,6137.0,3715.07,2421.93,Net Banking
377,2025-06-15,Cainburgh,North,Speaker,Office,2,810,0,1620.0,878.05,741.95,Net Banking
378,2026-07-23,Maryton,South,Mouse,Office,3,3617,10,9765.9,7200.62,2565.28,UPI
379,2024-11-18,Riveramouth,East,Laptop,Office,2,4633,20,7412.8,5040.72,2372.08,Cash
380,2024-07-14,Warrenside,West,Mouse,Office,2,4341,20,6945.6,4534.48,2411.12,UPI
381,2025-12-30,Jaredville,West,Speaker,Electronics,2,4154,15,7061.8,3769.75,3292.05,UPI
382,2025-11-16,Jacquelineville,West,Monitor,Office,3,2692,5,7672.2,4726.47,2945.73,Card
383,2024-05-10,Kimberlyberg,North,Mouse,Electronics,4,697,0,2788.0,1885.27,902.73,UPI
384,2023-11-06,New Kellystad,West,Tablet,Office,1,3360,20,2688.0,1575.02,1112.98,Net Banking
385,2026-05-01,Shanehaven,East,Phone,Accessories,1,4495,20,3596.0,2462.59,1133.41,UPI
386,2025-08-21,Morrisonview,West,Speaker,Office,5,1764,5,8379.0,5537.82,2841.18,UPI
387,2024-03-09,East Mary,North,Tablet,Electronics,3,3683,5,10496.55,5430.62,5065.93,Net Banking
388,2026-05-05,Pamelaberg,South,Phone,Electronics,5,550,10,2475.0,1732.06,742.94,Card
389,2025-10-22,East Donaldtown,East,Headphones,Accessories,1,1442,15,1225.7,963.28,262.42,Card
390,2025-04-21,Amandaport,West,Mouse,Office,3,1067,0,3201.0,1922.21,1278.79,UPI
391,2023-09-11,South Johnborough,East,Laptop,Accessories,3,4823,0,14469.0,9388.13,5080.87,Card
392,2026-03-16,Port Dustinshire,North,Keyboard,Office,3,1388,10,3747.6,2743.24,1004.36,UPI
393,2024-09-01,Andersonberg,East,Tablet,Electronics,1,200,5,190.0,97.62,92.38,Card
394,2026-04-09,West Justin,South,Tablet,Office,1,4629,15,3934.65,2232.34,1702.31,Cash
395,2025-07-02,West Crystal,North,Headphones,Electronics,3,738,20,1771.2,1083.7,687.5,UPI
396,2024-03-06,New Williamtown,East,Monitor,Electronics,4,664,15,2257.6,1715.35,542.25,Net Banking
397,2024-10-27,North Julieland,East,Speaker,Electronics,1,3122,5,2965.9,1742.4,1223.5,Net Banking
398,2025-01-10,West Sarahshire,South,Printer,Electronics,3,4947,15,12614.85,10083.51,2531.34,Card
399,2024-12-22,Port Tammie,East,Laptop,Accessories,1,3459,0,3459.0,1971.28,1487.72,UPI
400,2024-08-27,Hopkinsshire,South,Tablet,Accessories,4,2619,0,10476.0,5882.88,4593.12,UPI
401,2025-07-16,Tanyastad,South,Printer,Accessories,2,2392,0,4784.0,2455.01,2328.99,Cash
402,2025-04-15,East Abigailshire,South,Tablet,Electronics,4,795,20,2544.0,1344.94,1199.06,UPI
403,2024-01-17,South Jeffreyport,East,Tablet,Office,4,1170,5,4446.0,2612.04,1833.96,Cash
404,2024-12-25,East Destiny,South,Headphones,Office,3,3808,10,10281.6,5861.37,4420.23,UPI
405,2025-08-12,Joycechester,East,Tablet,Electronics,2,965,5,1833.5,1164.03,669.47,Cash
406,2025-12-11,East Juan,North,Phone,Electronics,2,3802,10,6843.6,4373.09,2470.51,Cash
407,2023-10-30,Vasquezhaven,East,Headphones,Electronics,5,430,5,2042.5,1533.46,509.04,Card
408,2025-04-03,Joshuaton,East,Mouse,Electronics,3,3346,20,8030.4,4133.13,3897.27,UPI
409,2025-02-26,Leeshire,South,Phone,Accessories,4,3804,20,12172.8,8818.26,3354.54,UPI
410,2024-02-24,Port Juliaton,South,Headphones,Electronics,2,1094,0,2188.0,1134.48,1053.52,Net Banking
411,2024-07-05,Karenborough,North,Laptop,Electronics,3,788,20,1891.2,1278.14,613.06,Card
412,2024-06-13,North Maryhaven,East,Phone,Electronics,4,1155,0,4620.0,3564.44,1055.56,Net Banking
413,2026-01-23,Elliottport,West,Camera,Electronics,1,1476,20,1180.8,743.84,436.96,Net Banking
414,2024-08-23,Danielburgh,South,Mouse,Accessories,4,1515,10,5454.0,3078.32,2375.68,Net Banking
415,2026-05-08,Huntershire,South,Mouse,Accessories,2,383,20,612.8,420.23,192.57,Net Banking
416,2023-08-23,Shepherdshire,West,Headphones,Accessories,5,4024,0,20120.0,10589.49,9530.51,Card
417,2024-03-08,Lake Jamesbury,West,Monitor,Accessories,5,2141,20,8564.0,6324.12,2239.88,Net Banking
418,2025-12-14,Bethtown,East,Headphones,Electronics,3,4733,20,11359.2,6775.55,4583.65,Cash
419,2024-07-18,Brandifurt,East,Laptop,Accessories,5,1894,0,9470.0,7279.87,2190.13,Cash
420,2023-08-14,Davidshire,South,Mouse,Office,5,2006,5,9528.5,5050.49,4478.01,UPI
421,2025-01-15,Gwendolynburgh,South,Headphones,Electronics,2,4816,15,8187.2,4965.06,3222.14,Cash
422,2026-02-11,Port Susan,East,Speaker,Office,3,4946,0,14838.0,10550.35,4287.65,Card
423,2025-04-18,Nelsonstad,South,Camera,Electronics,5,1642,15,6978.5,4624.21,2354.29,UPI
424,2025-04-15,Savagehaven,West,Laptop,Accessories,1,2005,20,1604.0,907.29,696.71,Card
425,2025-02-27,Christopherfurt,East,Laptop,Electronics,2,2891,5,5492.9,4260.48,1232.42,Card
426,2024-12-09,Donnaburgh,East,Phone,Accessories,5,1260,0,6300.0,4749.85,1550.15,Net Banking
427,2025-02-01,Moralesland,South,Headphones,Office,5,927,10,4171.5,2463.39,1708.11,Net Banking
428,2023-08-30,Sallytown,East,Keyboard,Office,4,2699,5,10256.2,7304.0,2952.2,Card
429,2025-04-09,West Nathan,North,Speaker,Accessories,4,2613,10,9406.8,5062.78,4344.02,UPI
430,2026-06-25,Brianborough,North,Camera,Electronics,2,2706,20,4329.6,2451.72,1877.88,Cash
431,2025-10-24,West Sierrashire,South,Phone,Office,1,2049,10,1844.1,1465.53,378.57,Cash
432,2023-09-02,Kimberlyside,North,Monitor,Accessories,4,193,10,694.8,391.11,303.69,UPI
433,2026-01-18,New Jonathanfort,West,Headphones,Accessories,1,494,15,419.9,265.15,154.75,Net Banking
434,2023-12-17,Gibbsbury,West,Speaker,Office,4,2977,20,9526.4,5835.91,3690.49,Card
435,2024-01-31,New Andrea,North,Mouse,Electronics,2,3796,0,7592.0,5616.25,1975.75,Cash
436,2025-06-10,Adamsside,West,Headphones,Office,3,957,0,2871.0,1729.9,1141.1,UPI
437,2026-07-28,Aprilmouth,West,Laptop,Accessories,5,862,10,3879.0,2630.77,1248.23,Card
438,2024-01-24,Humphreytown,East,Keyboard,Electronics,5,3656,5,17366.0,8962.01,8403.99,Net Banking
439,2025-03-13,North Theresafurt,East,Keyboard,Electronics,5,4524,10,20358.0,14213.54,6144.46,UPI
440,2026-03-04,North Renee,South,Laptop,Accessories,4,4783,20,15305.6,11509.14,3796.46,UPI
441,2026-07-02,West Arthurview,West,Keyboard,Electronics,4,817,10,2941.2,2197.57,743.63,UPI
442,2023-09-11,Lake Deborahton,West,Phone,Accessories,2,1499,10,2698.2,2139.99,558.21,Net Banking
443,2024-09-29,New Debra,West,Headphones,Accessories,4,4106,10,14781.6,7794.94,6986.66,Net Banking
444,2023-10-26,Wagnerton,West,Camera,Accessories,3,1628,15,4151.4,2131.27,2020.13,Card
445,2025-09-04,New Veronicastad,North,Phone,Office,3,4722,0,14166.0,7725.28,6440.72,Cash
446,2024-02-28,Lisaville,North,Tablet,Office,5,3491,20,13964.0,7935.1,6028.9,Net Banking
447,2024-02-07,Port Anthonymouth,West,Mouse,Electronics,5,3989,20,15956.0,12198.3,3757.7,Net Banking
448,2024-04-06,East Christopher,South,Phone,Accessories,1,4213,20,3370.4,2595.67,774.73,Card
449,2023-09-07,Meyersland,West,Phone,Office,2,1835,5,3486.5,1875.23,1611.27,Net Banking
450,2026-07-10,North Ericchester,North,Phone,Accessories,2,1311,20,2097.6,1211.08,886.52,Net Banking
451,2025-10-18,Michaelside,North,Speaker,Office,5,2771,10,12469.5,8178.83,4290.67,Net Banking
452,2024-08-12,Lake Elizabeth,North,Phone,Office,1,3495,5,3320.25,1807.74,1512.51,UPI
453,2024-11-14,Thompsonville,East,Tablet,Office,3,4487,10,12114.9,9248.13,2866.77,Net Banking
454,2023-10-04,Lauramouth,West,Headphones,Office,5,3975,0,19875.0,10964.24,8910.76,Net Banking
455,2023-10-23,New Kelsey,North,Camera,Accessories,1,3342,10,3007.8,2126.98,880.82,Cash
456,2025-03-03,West Karenport,West,Phone,Electronics,1,2867,10,2580.3,1530.85,1049.45,Card
457,2024-03-09,Johnmouth,West,Speaker,Office,3,3729,10,10068.3,5847.93,4220.37,UPI
458,2024-03-09,Rachelstad,West,Camera,Office,2,3718,5,7064.2,5467.9,1596.3,Cash
459,2025-01-11,Jillland,West,Headphones,Office,1,4321,5,4104.95,2133.28,1971.67,UPI
460,2026-02-27,Dawnside,South,Laptop,Accessories,2,1679,5,3190.1,2396.06,794.04,UPI
461,2024-08-15,South Ashleyton,West,Printer,Accessories,3,1731,10,4673.7,2853.32,1820.38,UPI
462,2026-04-04,Benitezview,West,Headphones,Accessories,1,2081,10,1872.9,1211.08,661.82,Cash
463,2024-01-24,Johnsonville,North,Mouse,Electronics,3,1439,10,3885.3,2815.63,1069.67,Net Banking
464,2025-09-20,Allenside,South,Keyboard,Office,1,1434,20,1147.2,841.99,305.21,Card
465,2026-04-19,East James,North,Camera,Electronics,2,2304,15,3916.8,2561.53,1355.27,Card
466,2024-03-04,Lake Mariaside,East,Mouse,Accessories,5,169,5,802.75,462.16,340.59,Net Banking
467,2025-03-06,Robertmouth,East,Printer,Office,3,3860,10,10422.0,5893.25,4528.75,Net Banking
468,2024-04-25,Wilsontown,East,Printer,Office,5,938,0,4690.0,3064.7,1625.3,Cash
469,2024-11-30,North Cassie,East,Monitor,Accessories,3,985,15,2511.75,1303.98,1207.77,Cash
470,2025-11-08,Webbside,South,Laptop,Office,3,1643,5,4682.55,3067.95,1614.6,Net Banking
471,2026-06-17,Lake Geoffreymouth,East,Mouse,Accessories,3,1246,0,3738.0,2603.97,1134.03,Net Banking
472,2025-09-23,Patriciaport,South,Monitor,Office,4,389,20,1244.8,886.82,357.98,Card
473,2025-07-17,Apriltown,South,Printer,Electronics,5,3997,10,17986.5,11730.7,6255.8,Cash
474,2026-01-26,Brownbury,South,Monitor,Office,1,3956,5,3758.2,2714.46,1043.74,UPI
475,2024-04-06,Wallston,East,Tablet,Accessories,2,3010,5,5719.0,4136.34,1582.66,Cash
476,2025-08-30,Port Cameronfurt,North,Camera,Electronics,3,4896,10,13219.2,8448.76,4770.44,UPI
477,2025-02-19,South Kim,West,Printer,Accessories,4,1693,20,5417.6,2903.53,2514.07,Net Banking
478,2023-12-04,Angelahaven,East,Tablet,Office,1,1335,5,1268.25,1011.69,256.56,Net Banking
479,2025-08-24,Heatherview,West,Monitor,Office,2,2691,5,5112.9,3751.24,1361.66,Card
480,2025-06-30,West Jennifertown,South,Headphones,Office,3,575,0,1725.0,1096.44,628.56,Card
481,2025-05-26,Mauricemouth,West,Tablet,Accessories,4,821,5,3119.8,2135.02,984.78,Net Banking
482,2025-04-21,North Sandrahaven,East,Laptop,Accessories,4,138,0,552.0,364.39,187.61,Card
483,2023-11-10,Port Lauramouth,East,Mouse,Electronics,1,133,5,126.35,71.75,54.6,UPI
484,2026-06-03,Port Jenniferland,North,Laptop,Accessories,4,4223,20,13513.6,7997.82,5515.78,Cash
485,2025-11-20,Tammytown,West,Headphones,Accessories,4,4362,20,13958.4,9173.95,4784.45,Net Banking
486,2024-12-09,East Jamesfort,West,Laptop,Electronics,3,1643,5,4682.55,3673.11,1009.44,Card
487,2025-04-12,East Bryan,South,Phone,Accessories,2,1830,0,3660.0,2477.48,1182.52,UPI
488,2023-11-21,New Darrell,North,Phone,Office,4,2195,20,7024.0,4825.07,2198.93,UPI
489,2025-09-17,Markmouth,North,Printer,Accessories,1,1048,15,890.8,564.14,326.66,Net Banking
490,2025-08-27,Alexanderfurt,North,Printer,Accessories,2,1783,0,3566.0,2105.13,1460.87,Card
491,2023-12-03,Lake David,North,Mouse,Electronics,4,959,20,3068.8,2196.12,872.68,UPI
492,2023-09-22,Port Robinland,East,Printer,Electronics,4,1727,20,5526.4,3094.37,2432.03,Cash
493,2026-04-15,Port Lesliechester,West,Keyboard,Office,4,2519,5,9572.2,4899.26,4672.94,Net Banking
494,2025-02-08,New Kelly,North,Phone,Office,3,2021,0,6063.0,3054.69,3008.31,Net Banking
495,2025-12-22,South Jonathan,North,Mouse,Office,2,837,20,1339.2,699.75,639.45,Card
496,2024-06-07,East Daniel,North,Headphones,Electronics,4,2525,10,9090.0,5811.08,3278.92,Cash
497,2026-05-29,Jaredborough,North,Laptop,Electronics,3,2661,15,6785.55,4896.2,1889.35,Card
498,2025-03-09,Mariaville,East,Phone,Accessories,2,2792,10,5025.6,3861.46,1164.14,Cash
499,2024-05-16,Smithland,West,Mouse,Accessories,2,1032,15,1754.4,1087.86,666.54,Net Banking
500,2024-03-30,Wandastad,North,Headphones,Electronics,4,1466,0,5864.0,3165.11,2698.89,Net Banking
501,2024-02-05,Priceborough,South,Speaker,Accessories,5,4054,20,16216.0,11408.25,4807.75,Cash
502,2023-09-07,Lake Heatherport,West,Phone,Accessories,5,336,5,1596.0,1029.3,566.7,Net Banking
503,2024-07-03,Lake Mark,North,Printer,Office,1,618,10,556.2,387.39,168.81,Card
504,2025-09-07,Rhondaport,North,Tablet,Office,3,4352,20,10444.8,7378.96,3065.84,Card
505,2026-06-17,Danielfort,North,Laptop,Office,4,2932,15,9968.8,5428.97,4539.83,Card
506,2026-05-24,North Michelle,North,Camera,Accessories,5,3944,15,16762.0,12752.94,4009.06,Card
507,2025-07-21,Marissastad,West,Tablet,Electronics,3,2378,0,7134.0,4651.93,2482.07,UPI
508,2023-08-17,Kimberlyborough,West,Camera,Accessories,4,3738,20,11961.6,7588.79,4372.81,UPI
509,2025-02-18,North Christinaborough,North,Printer,Office,4,245,0,980.0,608.61,371.39,UPI
510,2024-10-27,North Robertburgh,West,Monitor,Accessories,1,2595,20,2076.0,1388.22,687.78,UPI
511,2025-08-18,Bondside,West,Monitor,Office,2,3822,10,6879.6,4595.88,2283.72,Net Banking
512,2024-09-29,Lake Kennethfurt,East,Mouse,Office,1,898,5,853.1,427.11,425.99,Cash
513,2024-05-07,Snyderbury,West,Phone,Accessories,1,475,5,451.25,292.29,158.96,Card
514,2025-12-03,Mollymouth,South,Monitor,Electronics,2,1089,15,1851.3,1045.39,805.91,Net Banking
515,2024-05-15,Lisashire,West,Camera,Office,1,4923,0,4923.0,3601.88,1321.12,Card
516,2025-11-17,North Felicia,West,Speaker,Accessories,4,135,20,432.0,311.41,120.59,Card
517,2024-05-11,West Michael,East,Printer,Accessories,5,1522,5,7229.5,3839.34,3390.16,Net Banking
518,2026-07-23,Mackenzieborough,East,Mouse,Accessories,5,2133,10,9598.5,5944.94,3653.56,Card
519,2024-02-14,East Steveberg,East,Printer,Accessories,2,3481,20,5569.6,3954.44,1615.16,Card
520,2024-04-08,South Brenda,East,Headphones,Office,2,1817,20,2907.2,2076.66,830.54,Card
521,2024-06-10,South Alyssaland,East,Printer,Accessories,5,4544,10,20448.0,14581.59,5866.41,Net Banking
522,2026-01-26,West Stephanie,North,Laptop,Accessories,5,2442,15,10378.5,7705.95,2672.55,Card
523,2025-01-17,Brandonmouth,South,Mouse,Office,1,563,5,534.85,310.26,224.59,Cash
524,2025-07-13,Millerborough,North,Monitor,Accessories,2,608,10,1094.4,614.18,480.22,UPI
525,2026-02-09,Mayerborough,West,Keyboard,Office,5,4702,5,22334.5,16141.68,6192.82,Cash
526,2025-04-28,Ruizport,East,Printer,Electronics,1,3225,15,2741.25,1713.2,1028.05,UPI
527,2025-10-03,North Amber,West,Keyboard,Office,3,1763,20,4231.2,3218.48,1012.72,Cash
528,2025-10-16,Jenniferfort,South,Mouse,Accessories,5,4577,20,18308.0,10233.09,8074.91,Card
529,2024-05-20,Lake Zacharyside,North,Tablet,Electronics,1,1631,5,1549.45,1116.42,433.03,Net Banking
530,2025-02-02,Melissaton,East,Laptop,Accessories,3,4659,10,12579.3,6780.49,5798.81,Net Banking
531,2024-03-08,North Annhaven,North,Speaker,Office,2,427,5,811.3,631.67,179.63,Cash
532,2026-06-03,New Sharonborough,East,Printer,Electronics,4,4791,20,15331.2,9312.56,6018.64,Card
533,2025-04-18,Port Ashleytown,West,Phone,Accessories,5,658,20,2632.0,1441.84,1190.16,Card
534,2025-07-23,North Ryanshire,South,Speaker,Office,2,2818,10,5072.4,3085.23,1987.17,Net Banking
535,2025-09-06,Gilbertside,West,Keyboard,Office,5,172,0,860.0,602.59,257.41,Card
536,2024-12-09,Nunezhaven,North,Tablet,Accessories,1,2729,15,2319.65,1797.22,522.43,Cash
537,2026-02-01,Phelpstown,West,Camera,Electronics,1,4334,10,3900.6,2552.13,1348.47,Cash
538,2025-08-02,New Davidland,North,Headphones,Office,2,2724,20,4358.4,2286.87,2071.53,UPI
539,2025-06-14,Harrisfurt,West,Phone,Electronics,1,1826,5,1734.7,1317.48,417.22,Net Banking
540,2026-05-24,Dianeside,East,Laptop,Electronics,1,1359,0,1359.0,866.73,492.27,UPI
541,2024-08-22,Port Ericberg,South,Mouse,Accessories,1,1558,10,1402.2,935.86,466.34,Net Banking
542,2024-01-07,Andrealand,West,Phone,Office,4,3413,15,11604.2,6903.59,4700.61,UPI
543,2023-10-12,Josephstad,North,Monitor,Office,5,618,20,2472.0,1269.76,1202.24,UPI
544,2024-12-14,Nicolefort,West,Tablet,Accessories,3,2568,20,6163.2,3241.54,2921.66,UPI
545,2024-11-16,Collinsmouth,West,Printer,Accessories,4,1380,20,4416.0,2499.28,1916.72,Card
546,2026-01-21,Tonybury,South,Phone,Electronics,3,3156,0,9468.0,6306.23,3161.77,UPI
547,2026-07-31,Lake Richardmouth,North,Mouse,Electronics,5,4987,15,21194.75,14012.82,7181.93,Cash
548,2026-07-08,East Kelly,South,Keyboard,Office,2,3480,20,5568.0,3021.96,2546.04,Cash
549,2024-12-28,North Dianeton,North,Printer,Accessories,2,1038,5,1972.2,1383.09,589.11,UPI
550,2024-08-08,East Ashley,West,Monitor,Accessories,3,651,10,1757.7,930.63,827.07,Card
551,2024-01-01,Jacobmouth,South,Monitor,Accessories,2,919,10,1654.2,1134.54,519.66,Net Banking
552,2025-02-23,Lake Danielle,East,Monitor,Accessories,3,2604,20,6249.6,3410.52,2839.08,Card
553,2025-01-02,Simston,West,Mouse,Accessories,1,2665,5,2531.75,1862.6,669.15,Card
554,2025-07-09,Nelsonhaven,East,Camera,Office,3,4031,15,10279.05,6512.88,3766.17,UPI
555,2025-01-25,West Stevenfort,South,Printer,Electronics,2,771,10,1387.8,1051.42,336.38,Cash
556,2026-04-21,Stewarttown,North,Speaker,Office,1,717,0,717.0,541.25,175.75,Net Banking
557,2024-01-11,Bradleyborough,West,Headphones,Accessories,5,1842,0,9210.0,6129.05,3080.95,Net Banking
558,2026-01-25,East Josephton,North,Tablet,Accessories,2,4930,10,8874.0,4793.42,4080.58,UPI
559,2024-01-23,South Amyside,South,Headphones,Office,2,1458,20,2332.8,1264.64,1068.16,Card
560,2026-01-21,Lake Amandashire,West,Keyboard,Electronics,4,3039,0,12156.0,6875.99,5280.01,Cash
561,2023-09-22,East Jeremy,East,Tablet,Accessories,3,2017,0,6051.0,4239.18,1811.82,Net Banking
562,2024-11-04,New Jacqueline,East,Mouse,Office,1,426,10,383.4,203.57,179.83,Card
563,2023-09-25,New Michael,North,Printer,Accessories,4,3200,10,11520.0,7791.02,3728.98,Net Banking
564,2023-12-03,Melanietown,East,Camera,Accessories,2,4330,15,7361.0,4459.8,2901.2,UPI
565,2023-08-30,Cameronview,North,Printer,Office,5,1238,15,5261.5,2892.15,2369.35,Cash
566,2024-07-21,Deborahbury,North,Keyboard,Accessories,2,1330,5,2527.0,1382.79,1144.21,Cash
567,2024-12-02,Davidport,South,Tablet,Electronics,1,4044,15,3437.4,2212.68,1224.72,Card
568,2026-02-18,West Andrew,South,Printer,Electronics,1,1147,20,917.6,621.86,295.74,Card
569,2024-08-29,Carolineburgh,West,Speaker,Office,1,1462,10,1315.8,1022.03,293.77,UPI
570,2025-07-09,Nielsenmouth,West,Camera,Electronics,3,802,5,2285.7,1450.87,834.83,Card
571,2025-02-28,Port Brentview,South,Speaker,Office,4,1269,20,4060.8,3029.91,1030.89,Cash
572,2025-03-27,North Elizabeth,North,Keyboard,Accessories,2,2907,15,4941.9,3355.35,1586.55,Net Banking
573,2023-12-23,Dennisview,West,Headphones,Office,2,989,0,1978.0,1109.07,868.93,UPI
574,2025-08-20,South Joshua,North,Phone,Accessories,2,3998,20,6396.8,4349.47,2047.33,Card
575,2026-03-31,Jenniferfurt,West,Printer,Accessories,5,4517,0,22585.0,17369.91,5215.09,Cash
576,2026-07-12,Velasquezchester,West,Tablet,Accessories,1,4440,15,3774.0,2146.82,1627.18,UPI
577,2023-09-27,Port Gabriella,South,Phone,Accessories,4,1196,10,4305.6,2769.11,1536.49,Net Banking
578,2024-03-24,Lake Kathleenfort,North,Speaker,Office,3,1648,0,4944.0,3523.81,1420.19,UPI
579,2025-04-11,New Anthonyberg,East,Tablet,Accessories,5,158,15,671.5,467.61,203.89,UPI
580,2023-08-23,Crystalfort,West,Speaker,Accessories,2,3590,20,5744.0,3309.06,2434.94,Cash
581,2024-12-27,Port Lauren,West,Headphones,Accessories,4,1768,15,6011.2,4001.24,2009.96,Net Banking
582,2023-08-02,Lake Roger,West,Headphones,Office,3,2612,20,6268.8,3782.01,2486.79,UPI
583,2025-10-03,Lake Danielle,West,Monitor,Office,2,3758,5,7140.2,3784.9,3355.3,UPI
584,2026-04-08,Lake Daniel,South,Camera,Office,2,3287,0,6574.0,4873.38,1700.62,Net Banking
585,2024-05-10,Lake Kaitlyn,North,Speaker,Electronics,1,624,10,561.6,318.16,243.44,Net Banking
586,2023-08-10,North Joseph,North,Headphones,Office,4,4368,10,15724.8,11219.36,4505.44,Net Banking
587,2026-07-01,New Rachelside,East,Keyboard,Electronics,4,187,5,710.6,536.62,173.98,Card
588,2023-12-12,Nicholefort,North,Headphones,Electronics,5,1488,0,7440.0,4522.94,2917.06,Cash
589,2024-11-04,West Theresa,South,Printer,Electronics,4,2992,15,10172.8,6323.77,3849.03,UPI
590,2026-01-18,North Joshua,East,Monitor,Accessories,1,4602,10,4141.8,2973.16,1168.64,Card
591,2024-03-11,East Christopherberg,North,Mouse,Electronics,5,1693,15,7195.25,5604.48,1590.77,Net Banking
592,2026-03-07,Jessicaton,East,Monitor,Electronics,5,972,20,3888.0,2028.43,1859.57,Cash
593,2025-09-02,Courtneyfort,West,Speaker,Accessories,5,4809,10,21640.5,15327.05,6313.45,Card
594,2025-07-03,South Thomasbury,North,Camera,Electronics,3,3858,15,9837.9,7564.92,2272.98,Cash
595,2023-12-11,Port George,South,Monitor,Accessories,1,3234,5,3072.3,2160.05,912.25,Cash
596,2023-09-24,Sandovalshire,East,Keyboard,Accessories,5,4488,0,22440.0,15937.91,6502.09,UPI
597,2025-05-17,Jacquelineberg,South,Camera,Accessories,4,2901,0,11604.0,7732.5,3871.5,Cash
598,2025-03-12,New Alexside,South,Camera,Office,2,4799,10,8638.2,4792.78,3845.42,Card
599,2025-11-21,Davidchester,South,Keyboard,Office,2,2082,10,3747.6,2106.28,1641.32,Cash
600,2024-04-25,Gileston,West,Speaker,Electronics,2,973,0,1946.0,1510.21,435.79,UPI
601,2025-01-07,Williamtown,East,Camera,Electronics,4,3140,20,10048.0,5974.79,4073.21,Cash
602,2024-04-03,Jenniferberg,West,Camera,Office,4,1919,20,6140.8,3306.66,2834.14,UPI
603,2026-04-27,Danamouth,South,Camera,Electronics,5,2944,15,12512.0,9485.6,3026.4,Net Banking
604,2025-01-08,Gonzalezport,West,Speaker,Electronics,3,168,0,504.0,353.92,150.08,Cash
605,2025-10-29,Wilsonfurt,South,Mouse,Accessories,3,2227,5,6346.95,4217.99,2128.96,Cash
606,2026-02-27,Peterville,West,Monitor,Accessories,3,1606,15,4095.3,2568.5,1526.8,Net Banking
607,2026-06-09,South Larryberg,South,Phone,Office,3,3792,5,10807.2,7256.2,3551.0,Cash
608,2026-03-06,Davishaven,South,Headphones,Office,2,4649,15,7903.3,5981.95,1921.35,Card
609,2024-10-17,South Stevenville,South,Printer,Office,4,179,5,680.2,426.12,254.08,Cash
610,2025-04-29,Schultzfort,North,Tablet,Electronics,4,2557,10,9205.2,6154.98,3050.22,Card
611,2024-10-19,North Jamiebury,North,Camera,Office,1,1865,10,1678.5,1079.21,599.29,Cash
612,2026-06-11,East Tracy,East,Monitor,Electronics,3,3057,10,8253.9,5514.47,2739.43,Net Banking
613,2024-07-01,West Angelview,South,Mouse,Accessories,1,2976,20,2380.8,1332.5,1048.3,Cash
614,2026-07-25,East Andrea,West,Speaker,Accessories,5,4093,15,17395.25,13340.24,4055.01,Net Banking
615,2024-11-17,Lisahaven,West,Phone,Electronics,2,1472,10,2649.6,1660.09,989.51,Card
616,2024-05-22,Juarezmouth,East,Mouse,Office,3,1969,10,5316.3,3163.54,2152.76,Net Banking
617,2025-08-13,West Jason,West,Tablet,Electronics,3,3744,10,10108.8,7322.5,2786.3,Card
618,2025-05-10,East Stephen,North,Keyboard,Electronics,1,1124,5,1067.8,745.97,321.83,Net Banking
619,2024-03-23,Michaelborough,West,Printer,Electronics,1,882,0,882.0,688.88,193.12,UPI
620,2025-04-06,South Henrybury,South,Phone,Office,4,4392,0,17568.0,9331.74,8236.26,Net Banking
621,2025-01-05,East Todd,West,Headphones,Electronics,3,1978,5,5637.3,4066.06,1571.24,Card
622,2024-12-01,Port Evelyn,East,Camera,Accessories,1,387,10,348.3,264.05,84.25,Cash
623,2025-01-25,West Seanside,South,Speaker,Office,5,3744,5,17784.0,14064.7,3719.3,Net Banking
624,2025-10-08,Jacksonhaven,East,Monitor,Accessories,5,3663,20,14652.0,10138.25,4513.75,Card
625,2026-03-07,North Kenneth,East,Headphones,Accessories,1,3719,10,3347.1,2040.84,1306.26,UPI
626,2025-02-10,Daltontown,West,Printer,Electronics,1,4387,5,4167.65,2513.78,1653.87,Net Banking
627,2026-06-16,North Christinaside,East,Speaker,Electronics,4,2554,0,10216.0,7455.24,2760.76,UPI
628,2025-07-24,Sandyburgh,West,Tablet,Electronics,5,3160,5,15010.0,9359.05,5650.95,Card
629,2025-04-23,Amandaview,West,Keyboard,Office,4,3199,5,12156.2,7037.15,5119.05,Cash
630,2025-07-31,North Christopherview,North,Headphones,Electronics,3,4457,10,12033.9,7507.6,4526.3,Cash
631,2026-07-22,North Karen,West,Keyboard,Accessories,1,3830,20,3064.0,1948.18,1115.82,UPI
632,2024-06-26,Benjaminmouth,North,Mouse,Accessories,2,506,20,809.6,410.18,399.42,Card
633,2026-06-20,West Williamchester,North,Camera,Electronics,4,167,5,634.6,334.47,300.13,Cash
634,2024-06-23,Charlesburgh,West,Laptop,Accessories,4,2652,15,9016.8,7207.93,1808.87,UPI
635,2025-03-25,Derrickburgh,North,Printer,Accessories,2,559,10,1006.2,737.24,268.96,Card
636,2023-11-09,Jonesshire,North,Keyboard,Accessories,2,2148,15,3651.6,2733.13,918.47,Net Banking
637,2026-06-04,North Jeremy,North,Printer,Office,2,374,5,710.6,453.54,257.06,Card
638,2025-09-15,West Phyllis,South,Laptop,Office,4,3287,10,11833.2,9240.13,2593.07,UPI
639,2024-05-03,West Richard,North,Keyboard,Electronics,3,4042,10,10913.4,6107.33,4806.07,Card
640,2025-04-29,Port William,East,Speaker,Electronics,4,2758,0,11032.0,6069.9,4962.1,Net Banking
641,2025-02-26,New Kevin,West,Speaker,Electronics,2,173,0,346.0,233.32,112.68,Cash
642,2024-08-14,Campbellville,East,Laptop,Electronics,1,2137,5,2030.15,1319.55,710.6,Cash
643,2024-09-24,New Lauren,South,Monitor,Office,2,4493,0,8986.0,4832.21,4153.79,Cash
644,2026-04-14,North Laura,East,Headphones,Accessories,4,1680,0,6720.0,4749.53,1970.47,UPI
645,2025-04-18,Lake Alicia,West,Keyboard,Office,4,3684,20,11788.8,6936.7,4852.1,Card
646,2025-10-12,South Brandon,East,Speaker,Office,5,2948,10,13266.0,9547.82,3718.18,Card
647,2026-03-14,Smithfurt,East,Printer,Accessories,1,4451,5,4228.45,2684.28,1544.17,Net Banking
648,2025-05-14,North Rebecca,North,Speaker,Accessories,1,4244,15,3607.4,2597.68,1009.72,Card
649,2026-07-14,Nicoleview,South,Printer,Office,3,618,20,1483.2,1106.04,377.16,Net Banking
650,2025-06-08,Antonioshire,West,Monitor,Electronics,5,1362,20,5448.0,3186.75,2261.25,UPI
651,2025-06-14,Hillport,South,Headphones,Electronics,5,646,0,3230.0,2424.3,805.7,Card
652,2025-02-24,Lake John,West,Camera,Office,1,4076,5,3872.2,2050.82,1821.38,Cash
653,2025-01-16,Michaelburgh,North,Laptop,Electronics,1,3101,5,2945.95,2008.51,937.44,Net Banking
654,2024-09-14,Lake Virginiabury,West,Monitor,Office,1,3934,0,3934.0,2392.96,1541.04,UPI
655,2026-03-21,Port Emily,North,Mouse,Electronics,5,2277,20,9108.0,4665.08,4442.92,Card
656,2025-06-12,North Darrylberg,West,Keyboard,Electronics,5,895,0,4475.0,3211.04,1263.96,Card
657,2024-10-15,East Kathryn,West,Phone,Office,5,1565,20,6260.0,4536.99,1723.01,Cash
658,2025-07-19,South Tom,South,Printer,Accessories,4,3598,0,14392.0,7916.22,6475.78,Cash
659,2023-10-15,New Tarabury,East,Monitor,Office,2,4473,20,7156.8,4529.56,2627.24,Cash
660,2026-07-18,Singletonfort,East,Speaker,Electronics,3,3477,15,8866.35,6630.67,2235.68,Card
661,2025-09-19,East Krystal,West,Camera,Accessories,4,4607,10,16585.2,10083.84,6501.36,UPI
662,2024-07-08,Lake Emilyside,South,Mouse,Electronics,1,2430,20,1944.0,981.51,962.49,Cash
663,2024-05-12,Brooksmouth,East,Printer,Office,2,1859,10,3346.2,1694.89,1651.31,Card
664,2025-03-11,Lopezborough,South,Mouse,Accessories,1,409,15,347.65,210.92,136.73,Card
665,2024-05-05,West Melissa,West,Speaker,Electronics,2,2199,10,3958.2,2088.23,1869.97,UPI
666,2024-02-04,North Bretthaven,North,Speaker,Office,3,4052,5,11548.2,7465.71,4082.49,Cash
667,2023-11-12,Fosterview,North,Monitor,Accessories,1,4820,15,4097.0,2144.96,1952.04,Net Banking
668,2025-05-29,East Nicole,North,Tablet,Electronics,4,1087,5,4130.6,2991.81,1138.79,Cash
669,2026-03-21,South Jessica,South,Monitor,Office,5,437,10,1966.5,1301.78,664.72,Card
670,2024-04-03,West Dakotahaven,North,Keyboard,Accessories,2,513,15,872.1,690.1,182.0,Cash
671,2025-05-02,Lake Samuel,West,Speaker,Office,4,1312,5,4985.6,2995.6,1990.0,UPI
672,2025-01-26,New Cassandra,West,Headphones,Electronics,5,3370,10,15165.0,7969.57,7195.43,Net Banking
673,2025-08-10,Walshview,South,Printer,Office,5,1722,15,7318.5,4527.19,2791.31,Card
674,2025-09-19,Porterfurt,East,Speaker,Electronics,2,686,10,1234.8,905.15,329.65,UPI
675,2024-01-26,Adamstown,East,Monitor,Office,4,3569,10,12848.4,7766.76,5081.64,UPI
676,2023-12-30,New Evan,West,Speaker,Electronics,3,1486,10,4012.2,2747.82,1264.38,Net Banking
677,2026-03-25,New Tonyfort,South,Phone,Electronics,1,2012,5,1911.4,1348.7,562.7,UPI
678,2023-12-09,Millerberg,North,Mouse,Accessories,2,1309,10,2356.2,1187.81,1168.39,Net Banking
679,2024-07-21,West Kyleburgh,South,Keyboard,Office,1,2818,5,2677.1,1932.88,744.22,Cash
680,2026-06-12,New Johnside,South,Laptop,Accessories,5,4056,20,16224.0,11664.68,4559.32,UPI
681,2024-12-20,Melaniefort,East,Laptop,Accessories,3,1495,0,4485.0,2624.64,1860.36,UPI
682,2025-03-16,West James,East,Phone,Electronics,1,3283,10,2954.7,2065.02,889.68,Cash
683,2026-02-14,Lake April,North,Monitor,Accessories,4,1993,15,6776.2,4421.89,2354.31,UPI
684,2026-01-02,Chanland,North,Laptop,Electronics,2,1729,20,2766.4,2185.56,580.84,Cash
685,2025-07-26,Nancyton,North,Monitor,Office,3,4113,15,10488.15,7586.26,2901.89,Cash
686,2026-07-16,West Angelborough,East,Laptop,Office,3,2576,5,7341.6,5864.46,1477.14,Cash
687,2024-12-04,Lewishaven,South,Headphones,Accessories,4,341,20,1091.2,856.3,234.9,Net Banking
688,2025-05-16,North Mirandaberg,South,Tablet,Electronics,2,819,15,1392.3,913.65,478.65,Card
689,2024-11-02,New Robert,South,Keyboard,Office,4,2659,20,8508.8,5094.95,3413.85,Card
690,2024-09-30,Lake Madisonhaven,East,Printer,Electronics,5,4534,5,21536.5,16341.39,5195.11,Net Banking
691,2024-11-26,Mathewsshire,North,Headphones,Accessories,2,4727,5,8981.3,5346.11,3635.19,Card
692,2023-08-29,East Dianeberg,East,Camera,Office,1,2710,15,2303.5,1815.98,487.52,Cash
693,2026-01-19,Robertsside,North,Speaker,Office,2,1639,0,3278.0,1768.36,1509.64,Cash
694,2023-12-04,South Jillianland,South,Keyboard,Office,5,4745,20,18980.0,10804.81,8175.19,UPI
695,2025-05-13,South Christinashire,West,Monitor,Electronics,3,751,15,1915.05,1034.56,880.49,Net Banking
696,2023-10-10,Lisaborough,South,Laptop,Accessories,4,3981,5,15127.8,8307.22,6820.58,UPI
697,2024-12-13,Shermanmouth,South,Keyboard,Electronics,3,3483,5,9926.55,7174.02,2752.53,Card
698,2026-01-06,Brownstad,South,Tablet,Accessories,4,4113,10,14806.8,11253.65,3553.15,UPI
699,2024-08-03,Port Whitney,North,Printer,Electronics,5,3216,10,14472.0,8947.24,5524.76,Net Banking
700,2024-08-19,West Penny,West,Laptop,Office,4,447,5,1698.6,1113.62,584.98,Net Banking
701,2024-11-09,North Angelashire,West,Mouse,Accessories,5,503,5,2389.25,1403.34,985.91,Net Banking
702,2024-04-17,South Albertstad,North,Printer,Electronics,2,3560,10,6408.0,4382.69,2025.31,Net Banking
703,2026-07-29,East Richard,South,Tablet,Accessories,4,840,20,2688.0,1435.26,1252.74,Cash
704,2024-04-24,Port Tara,South,Camera,Electronics,4,304,5,1155.2,734.83,420.37,Cash
705,2023-09-05,Lake Paul,West,Monitor,Electronics,3,1443,0,4329.0,2282.93,2046.07,Net Banking
706,2024-04-12,Lake Lauren,North,Headphones,Accessories,5,1409,15,5988.25,3982.81,2005.44,Card
707,2026-05-11,Marcusbury,North,Tablet,Accessories,2,1284,5,2439.6,1782.73,656.87,Cash
708,2025-07-16,North Lawrenceside,South,Keyboard,Electronics,4,2465,5,9367.0,5013.84,4353.16,Cash
709,2023-11-12,Port George,North,Speaker,Accessories,1,3857,15,3278.45,2480.55,797.9,Card
710,2026-05-05,Owenston,West,Phone,Office,2,4923,15,8369.1,5323.76,3045.34,UPI
711,2024-05-17,West Nancyborough,South,Laptop,Electronics,2,4583,10,8249.4,5658.51,2590.89,Card
712,2025-01-05,Rangelside,North,Speaker,Office,1,2959,0,2959.0,1608.55,1350.45,Cash
713,2023-10-12,Loriton,South,Headphones,Office,3,818,0,2454.0,1307.16,1146.84,Cash
714,2024-03-18,Nicholsonville,South,Camera,Office,5,4973,20,19892.0,14644.34,5247.66,Cash
715,2024-04-11,New Alexandrastad,West,Phone,Accessories,1,862,10,775.8,463.03,312.77,UPI
716,2025-12-26,Port Laura,East,Monitor,Office,3,3956,5,11274.6,6050.03,5224.57,Net Banking
717,2023-08-01,Lake Leroy,North,Speaker,Office,5,1819,5,8640.25,5906.61,2733.64,UPI
718,2025-03-09,South Jill,East,Mouse,Office,4,2452,15,8336.8,5691.14,2645.66,Cash
719,2023-10-22,West Joyceland,West,Camera,Electronics,2,4709,15,8005.3,5250.77,2754.53,Card
720,2026-03-08,Lake Jaclynport,West,Phone,Office,3,1685,0,5055.0,2706.76,2348.24,Card
721,2024-03-19,East Susanview,East,Printer,Office,5,3496,15,14858.0,7631.78,7226.22,Card
722,2026-06-30,Ruizland,North,Mouse,Accessories,1,1748,10,1573.2,906.67,666.53,Cash
723,2024-02-25,South Larry,North,Headphones,Electronics,1,1032,10,928.8,559.52,369.28,Cash
724,2023-09-10,Port Markmouth,South,Camera,Electronics,3,4024,15,10261.2,7584.84,2676.36,Net Banking
725,2025-06-10,South Stevenview,West,Laptop,Office,5,2845,15,12091.25,8889.45,3201.8,Cash
726,2025-05-26,West Richard,South,Speaker,Office,5,2684,20,10736.0,7093.98,3642.02,Cash
727,2024-10-19,Yorkmouth,North,Monitor,Accessories,3,642,5,1829.7,1068.8,760.9,Card
728,2023-09-07,East Peter,East,Monitor,Office,5,3291,5,15632.25,10607.38,5024.87,UPI
729,2026-07-30,Rogerburgh,South,Monitor,Accessories,3,3490,0,10470.0,6796.25,3673.75,Cash
730,2026-04-20,Port Davidhaven,East,Laptop,Electronics,2,4401,10,7921.8,4376.82,3544.98,UPI
731,2024-11-10,Dannybury,South,Keyboard,Accessories,4,4245,0,16980.0,12560.23,4419.77,Net Banking
732,2024-06-04,Elizabethstad,North,Printer,Office,5,2642,10,11889.0,6455.59,5433.41,Card
733,2023-11-10,Lake Jason,North,Laptop,Accessories,2,399,15,678.3,418.02,260.28,UPI
734,2024-06-09,West Robertmouth,North,Phone,Office,5,813,10,3658.5,2341.67,1316.83,Cash
735,2025-12-10,Thomasshire,South,Monitor,Electronics,1,4831,10,4347.9,3007.25,1340.65,Card
736,2024-05-18,Rileymouth,West,Phone,Accessories,3,2366,20,5678.4,3382.88,2295.52,Card
737,2026-06-26,North Mike,North,Keyboard,Office,2,2341,0,4682.0,2362.43,2319.57,Cash
738,2025-12-08,Marcusfurt,East,Speaker,Electronics,5,2709,10,12190.5,6612.94,5577.56,Card
739,2025-08-25,Joyville,West,Laptop,Electronics,1,2650,20,2120.0,1627.47,492.53,UPI
740,2024-04-04,Thompsonfort,North,Tablet,Accessories,4,513,0,2052.0,1262.14,789.86,Card
741,2025-05-28,Caldwellland,East,Monitor,Electronics,5,4955,15,21058.75,14423.02,6635.73,UPI
742,2024-10-05,Lopezton,West,Phone,Accessories,4,4751,5,18053.8,9530.15,8523.65,Cash
743,2025-03-20,South Jenniferchester,South,Speaker,Accessories,4,3954,5,15025.2,11783.28,3241.92,Cash
744,2024-12-30,New Alison,East,Camera,Accessories,4,1602,10,5767.2,4248.31,1518.89,UPI
745,2024-06-05,South Thomas,West,Headphones,Accessories,1,3993,0,3993.0,2417.49,1575.51,Cash
746,2023-12-15,Lake Laura,West,Phone,Accessories,5,4807,5,22833.25,14896.07,7937.18,UPI
747,2024-07-18,New Amy,West,Keyboard,Office,3,4464,15,11383.2,7060.37,4322.83,Card
748,2023-08-17,Amandashire,East,Keyboard,Office,5,1402,15,5958.5,3665.34,2293.16,Net Banking
749,2024-03-05,Lake Samantha,South,Headphones,Office,4,4746,10,17085.6,11333.87,5751.73,UPI
750,2026-06-05,Port Carmen,West,Monitor,Office,5,4086,0,20430.0,13844.37,6585.63,UPI
751,2025-07-11,Lake Catherine,North,Speaker,Electronics,4,1543,10,5554.8,4370.32,1184.48,Net Banking
752,2026-05-27,Campbellport,South,Speaker,Office,3,4149,0,12447.0,6561.56,5885.44,UPI
753,2025-07-14,Franciston,West,Speaker,Office,2,1322,15,2247.4,1481.88,765.52,Net Banking
754,2025-03-27,Lake Amy,East,Tablet,Office,2,1784,10,3211.2,1894.35,1316.85,Cash
755,2023-11-20,West Katieburgh,West,Headphones,Accessories,1,4873,0,4873.0,3330.44,1542.56,UPI
756,2025-08-10,Leachville,East,Phone,Accessories,3,4596,0,13788.0,6897.49,6890.51,UPI
757,2024-11-28,West Devinstad,East,Tablet,Accessories,2,3636,20,5817.6,3596.91,2220.69,Net Banking
758,2024-03-08,East April,West,Headphones,Electronics,4,4565,5,17347.0,12121.15,5225.85,Net Banking
759,2026-06-27,West Robertville,South,Headphones,Electronics,3,3517,5,10023.45,5879.17,4144.28,UPI
760,2026-06-13,Burnsberg,South,Phone,Electronics,1,1279,15,1087.15,758.15,329.0,Net Banking
761,2024-05-28,New Nathanside,West,Printer,Accessories,4,3587,20,11478.4,6358.34,5120.06,Net Banking
762,2024-09-18,Sarahbury,North,Speaker,Accessories,3,1949,5,5554.65,3485.16,2069.49,Card
763,2025-09-15,Port Ann,East,Laptop,Electronics,5,2305,15,9796.25,7621.18,2175.07,Net Banking
764,2023-08-03,East Michaelbury,North,Headphones,Office,3,1027,20,2464.8,1588.46,876.34,Cash
765,2024-09-15,Sarahside,North,Keyboard,Accessories,4,4334,0,17336.0,11389.87,5946.13,UPI
766,2025-03-24,East Morganchester,East,Printer,Electronics,5,4848,10,21816.0,14920.22,6895.78,Net Banking
767,2025-07-10,Sabrinabury,East,Tablet,Accessories,4,4299,15,14616.6,9825.13,4791.47,Cash
768,2024-03-01,West Kyle,East,Speaker,Accessories,3,1472,0,4416.0,3128.8,1287.2,UPI
769,2025-07-28,East Stephanie,East,Speaker,Electronics,4,4836,5,18376.8,12346.6,6030.2,Cash
770,2024-05-04,South Dianafurt,East,Mouse,Electronics,4,775,5,2945.0,1919.19,1025.81,Cash
771,2023-10-22,Lake Michaelview,South,Speaker,Office,3,2204,0,6612.0,4776.7,1835.3,Card
772,2026-07-19,Clarkfurt,South,Camera,Electronics,4,3129,5,11890.2,6877.0,5013.2,UPI
773,2024-05-22,Owensview,South,Camera,Accessories,3,791,5,2254.35,1529.94,724.41,Net Banking
774,2025-09-13,North Lawrencefort,East,Laptop,Office,2,3705,5,7039.5,3965.05,3074.45,Cash
775,2024-12-23,Lopezchester,West,Mouse,Accessories,1,530,5,503.5,321.84,181.66,Card
776,2025-07-16,New Ashley,West,Laptop,Accessories,4,3295,15,11203.0,6484.16,4718.84,Net Banking
777,2025-12-29,North Bruceview,North,Phone,Office,4,2686,20,8595.2,6058.44,2536.76,Cash
778,2026-02-14,Chelseaberg,North,Mouse,Office,4,2333,10,8398.8,4880.52,3518.28,Net Banking
779,2025-09-21,Lake Kristie,East,Headphones,Accessories,4,2080,20,6656.0,4866.53,1789.47,UPI
780,2026-07-17,Diazmouth,North,Camera,Accessories,1,656,0,656.0,408.93,247.07,Card
781,2024-12-31,South Michaelhaven,North,Laptop,Office,3,2163,5,6164.55,3145.23,3019.32,Card
782,2024-10-22,Jerryfort,South,Tablet,Office,5,1097,0,5485.0,2884.65,2600.35,Card
783,2025-02-13,Rebeccaland,North,Camera,Accessories,1,1609,10,1448.1,852.02,596.08,Net Banking
784,2025-12-24,South Jesse,East,Laptop,Accessories,3,2208,5,6292.8,4620.3,1672.5,Net Banking
785,2026-01-17,Riosfurt,East,Headphones,Accessories,3,592,10,1598.4,1257.43,340.97,UPI
786,2024-08-08,East Allison,West,Phone,Electronics,4,1743,20,5577.6,3445.79,2131.81,Net Banking
787,2025-03-16,Port Monica,North,Laptop,Electronics,2,970,15,1649.0,1178.41,470.59,UPI
788,2025-11-10,Timothyfort,West,Headphones,Office,5,2152,15,9146.0,4624.49,4521.51,UPI
789,2023-10-01,Spencerland,East,Tablet,Office,1,3298,10,2968.2,1619.1,1349.1,UPI
790,2023-12-29,North Christopherhaven,North,Printer,Electronics,5,4119,15,17505.75,11042.93,6462.82,UPI
791,2023-08-08,Lake Justinport,East,Monitor,Office,4,4049,0,16196.0,10854.12,5341.88,Cash
792,2024-02-21,West Eric,East,Phone,Accessories,4,552,0,2208.0,1346.01,861.99,Cash
793,2025-11-07,New Brooke,West,Keyboard,Accessories,2,1546,20,2473.6,1265.99,1207.61,Net Banking
794,2024-03-09,New Douglas,West,Keyboard,Electronics,1,3043,15,2586.55,1359.13,1227.42,UPI
795,2026-02-13,Lake Saraborough,West,Phone,Office,2,307,20,491.2,280.74,210.46,Cash
796,2024-08-03,Randybury,North,Laptop,Accessories,4,4474,15,15211.6,12016.74,3194.86,UPI
797,2025-11-01,North Tyrone,West,Printer,Electronics,3,450,15,1147.5,614.44,533.06,Card
798,2025-05-31,Cindystad,North,Camera,Office,1,402,5,381.9,246.96,134.94,UPI
799,2024-12-11,East Nicholas,North,Mouse,Electronics,2,1169,0,2338.0,1289.82,1048.18,Net Banking
800,2025-02-18,Carlosmouth,North,Phone,Accessories,5,1498,20,5992.0,3110.97,2881.03,Card
801,2023-10-31,Devinmouth,West,Monitor,Electronics,1,1760,15,1496.0,899.4,596.6,Card
802,2025-12-01,East Sharonfort,East,Phone,Electronics,3,1846,0,5538.0,3754.35,1783.65,Cash
803,2026-01-24,South Rhondachester,South,Camera,Electronics,2,3500,5,6650.0,4714.11,1935.89,UPI
804,2025-10-12,Heatherport,South,Laptop,Accessories,2,918,20,1468.8,900.14,568.66,UPI
805,2025-04-25,South Joestad,East,Tablet,Office,1,159,5,151.05,117.49,33.56,Net Banking
806,2024-07-16,Johnsonland,West,Tablet,Electronics,2,1788,5,3397.2,2350.68,1046.52,Card
807,2025-02-04,Kylefort,West,Speaker,Electronics,5,408,20,1632.0,904.13,727.87,Cash
808,2025-08-24,Lake Kyle,South,Phone,Office,3,3530,0,10590.0,7066.85,3523.15,UPI
809,2026-02-24,West Angela,West,Keyboard,Accessories,5,3064,20,12256.0,7994.13,4261.87,UPI
810,2025-03-05,New Michelle,West,Camera,Electronics,2,1023,5,1943.7,1371.42,572.28,Card
811,2023-09-01,Nathanton,West,Mouse,Accessories,1,542,10,487.8,285.62,202.18,Net Banking
812,2025-08-19,Johntown,South,Headphones,Electronics,1,955,0,955.0,742.47,212.53,Net Banking
813,2025-05-03,Victoriaside,West,Speaker,Office,5,1050,0,5250.0,4034.75,1215.25,Cash
814,2024-12-05,East Stephenmouth,North,Monitor,Electronics,4,1728,10,6220.8,3539.75,2681.05,UPI
815,2025-09-06,North Jasmine,South,Phone,Accessories,2,3479,5,6610.1,4049.74,2560.36,Net Banking
816,2025-05-29,West Kellystad,West,Headphones,Accessories,1,3670,5,3486.5,1969.35,1517.15,Cash
817,2024-08-28,Halltown,East,Keyboard,Accessories,2,3849,5,7313.1,5043.16,2269.94,Card
818,2024-03-13,West Angela,North,Camera,Accessories,1,4758,0,4758.0,2779.53,1978.47,Net Banking
819,2025-07-26,Port Michaela,South,Speaker,Electronics,2,2914,5,5536.6,4240.61,1295.99,Card
820,2024-04-20,West Joseph,South,Speaker,Accessories,1,3472,20,2777.6,1796.45,981.15,Net Banking
821,2024-11-23,Whiteheadhaven,South,Keyboard,Accessories,3,218,15,555.9,400.72,155.18,Net Banking
822,2024-02-08,West Christopherland,North,Tablet,Electronics,5,1921,20,7684.0,6023.3,1660.7,UPI
823,2024-03-13,New Elizabeth,West,Camera,Office,4,4230,0,16920.0,10620.84,6299.16,UPI
824,2024-08-10,East Danielton,North,Tablet,Electronics,4,4157,5,15796.6,8292.07,7504.53,Card
825,2024-04-16,North John,North,Laptop,Accessories,3,2523,5,7190.55,4992.34,2198.21,Cash
826,2026-02-06,Walterport,North,Camera,Accessories,2,3862,20,6179.2,4474.89,1704.31,Card
827,2026-05-03,Harristown,North,Phone,Accessories,4,1615,10,5814.0,4000.28,1813.72,Cash
828,2023-09-07,Port Wayneburgh,East,Speaker,Office,5,367,10,1651.5,1036.76,614.74,Card
829,2025-05-09,New Holly,East,Laptop,Electronics,1,2850,0,2850.0,1865.1,984.9,Net Banking
830,2023-10-22,East Tylerbury,East,Headphones,Office,3,3912,20,9388.8,4809.53,4579.27,UPI
831,2024-05-08,Port Ernest,South,Printer,Electronics,5,1777,5,8440.75,6705.12,1735.63,Net Banking
832,2025-10-30,Port Nancystad,East,Printer,Office,5,1818,5,8635.5,5147.96,3487.54,Net Banking
833,2026-06-18,Haileychester,West,Camera,Office,3,546,0,1638.0,1002.2,635.8,UPI
834,2024-08-01,South Ricky,West,Speaker,Accessories,4,4457,20,14262.4,10979.7,3282.7,UPI
835,2025-12-08,East Dawnhaven,South,Mouse,Electronics,2,3850,0,7700.0,4035.19,3664.81,UPI
836,2025-04-25,Michaelhaven,West,Headphones,Electronics,2,2360,0,4720.0,3347.07,1372.93,UPI
837,2025-04-08,Rhondaside,West,Monitor,Accessories,3,3512,20,8428.8,6570.39,1858.41,Net Banking
838,2023-12-11,North Joshua,South,Printer,Office,1,2488,5,2363.6,1226.44,1137.16,Cash
839,2026-05-29,Lawrenceland,East,Camera,Office,4,4840,10,17424.0,12139.79,5284.21,Net Banking
840,2026-07-23,Port Christinaton,East,Headphones,Accessories,4,2591,20,8291.2,4473.82,3817.38,Card
841,2025-09-13,Millerville,North,Headphones,Accessories,4,3146,10,11325.6,8278.16,3047.44,Cash
842,2025-04-18,West Katiefort,East,Headphones,Electronics,4,1462,20,4678.4,3636.24,1042.16,Card
843,2024-12-06,Simmonsberg,East,Speaker,Electronics,2,2048,0,4096.0,2098.57,1997.43,Net Banking
844,2025-01-20,Richmouth,North,Monitor,Accessories,3,3128,5,8914.8,5006.08,3908.72,Card
845,2025-04-27,Lindsaybury,East,Phone,Electronics,3,3773,20,9055.2,7177.51,1877.69,Net Banking
846,2026-04-25,Rickychester,South,Laptop,Office,4,1290,15,4386.0,3413.81,972.19,Cash
847,2025-01-12,Karenmouth,South,Speaker,Office,3,3982,10,10751.4,8503.09,2248.31,Net Banking
848,2026-06-03,Billyhaven,South,Printer,Electronics,3,1020,15,2601.0,2002.91,598.09,Cash
849,2025-04-24,Rhondaview,West,Monitor,Electronics,1,3390,20,2712.0,2040.14,671.86,Cash
850,2025-10-09,East Travismouth,East,Keyboard,Electronics,1,1698,20,1358.4,893.73,464.67,UPI
851,2024-04-11,Lake James,West,Keyboard,Accessories,5,3749,0,18745.0,14860.13,3884.87,Cash
852,2024-08-18,West Erin,East,Tablet,Electronics,5,4290,0,21450.0,16570.86,4879.14,Net Banking
853,2024-10-29,New Ashleyhaven,East,Monitor,Accessories,3,3263,10,8810.1,4437.27,4372.83,Net Banking
854,2025-02-02,Alvarezbury,West,Tablet,Accessories,5,817,5,3880.75,2787.76,1092.99,Cash
855,2025-06-15,Younghaven,North,Headphones,Electronics,2,3572,15,6072.4,3290.45,2781.95,Cash
856,2024-10-16,New Justin,West,Phone,Electronics,4,4403,10,15850.8,8239.8,7611.0,Net Banking
857,2024-12-07,West Courtneytown,South,Keyboard,Electronics,3,3495,5,9960.75,6641.27,3319.48,Net Banking
858,2024-09-28,North Danielle,East,Speaker,Accessories,3,4637,15,11824.35,6061.99,5762.36,Net Banking
859,2025-04-09,Jillborough,North,Headphones,Accessories,5,3896,5,18506.0,9402.01,9103.99,Cash
860,2023-10-19,Emilyside,West,Keyboard,Electronics,4,1117,10,4021.2,2513.84,1507.36,UPI
861,2024-07-02,Lake Kevin,East,Speaker,Accessories,3,4139,0,12417.0,8439.43,3977.57,Net Banking
862,2023-10-08,North Melissa,North,Mouse,Electronics,3,3999,0,11997.0,7341.69,4655.31,UPI
863,2024-05-20,New Karen,South,Monitor,Electronics,2,2718,15,4620.6,3527.81,1092.79,UPI
864,2024-11-05,Jerrybury,East,Laptop,Accessories,3,3058,15,7797.9,5387.37,2410.53,Cash
865,2025-11-19,South Amy,South,Phone,Office,5,729,20,2916.0,1627.55,1288.45,Card
866,2026-07-24,Hillstad,East,Mouse,Office,5,2742,10,12339.0,9230.15,3108.85,Cash
867,2024-08-26,Burnsborough,South,Laptop,Electronics,1,4477,20,3581.6,2168.62,1412.98,Cash
868,2025-01-06,Lake Daniel,South,Phone,Electronics,3,4072,15,10383.6,6251.9,4131.7,Card
869,2024-08-17,Smithstad,North,Tablet,Accessories,5,1911,5,9077.25,6703.84,2373.41,UPI
870,2024-03-12,Kevinborough,East,Monitor,Electronics,1,1175,0,1175.0,756.53,418.47,Net Banking
871,2025-02-04,North Rodney,East,Laptop,Office,5,4385,10,19732.5,10885.67,8846.83,UPI
872,2026-01-25,Elizabethberg,East,Headphones,Electronics,2,1154,5,2192.6,1548.88,643.72,Card
873,2026-07-14,Lake Abigail,West,Tablet,Electronics,1,3580,0,3580.0,1873.49,1706.51,Card
874,2023-09-15,Reynoldsmouth,West,Phone,Accessories,1,368,20,294.4,199.59,94.81,UPI
875,2023-11-02,Lake Michaelville,North,Speaker,Electronics,1,2571,0,2571.0,1867.48,703.52,Card
876,2025-02-26,Rebeccaburgh,East,Speaker,Accessories,2,2979,0,5958.0,3141.26,2816.74,Cash
877,2025-07-27,Jacobchester,North,Phone,Office,2,4201,20,6721.6,3848.43,2873.17,UPI
878,2024-01-17,Autumnstad,South,Printer,Electronics,5,1877,5,8915.75,7037.02,1878.73,UPI
879,2025-05-13,Laurenhaven,South,Camera,Office,2,4230,15,7191.0,4386.07,2804.93,UPI
880,2025-12-28,East Jessicashire,South,Tablet,Electronics,2,3006,15,5110.2,3205.26,1904.94,Cash
881,2026-05-23,New Rachelburgh,West,Monitor,Office,1,3916,0,3916.0,2568.58,1347.42,Cash
882,2025-07-23,Jamiestad,North,Tablet,Accessories,5,432,0,2160.0,1292.62,867.38,Net Banking
883,2025-11-30,Port Jennifer,West,Mouse,Accessories,5,2655,15,11283.75,6406.48,4877.27,Card
884,2025-04-14,Rachelfort,West,Phone,Accessories,1,3996,10,3596.4,1991.65,1604.75,Net Banking
885,2025-05-08,New David,West,Speaker,Electronics,5,796,0,3980.0,2161.18,1818.82,Card
886,2024-01-29,Ericfort,West,Phone,Electronics,1,3079,5,2925.05,1759.68,1165.37,Net Banking
887,2024-07-20,Sandraport,West,Monitor,Accessories,4,2381,20,7619.2,5166.54,2452.66,Net Banking
888,2024-12-15,Jamesshire,West,Phone,Electronics,4,4289,10,15440.4,8402.85,7037.55,Cash
889,2025-05-29,Gonzalezberg,South,Laptop,Electronics,4,4173,5,15857.4,10918.0,4939.4,UPI
890,2023-08-02,Wanghaven,West,Speaker,Office,1,4180,0,4180.0,3308.98,871.02,Cash
891,2024-12-11,Port Charles,North,Printer,Accessories,2,2580,20,4128.0,2835.81,1292.19,Net Banking
892,2025-04-24,Cindyville,East,Printer,Accessories,2,2504,15,4256.8,2754.47,1502.33,UPI
893,2025-07-05,Edwardsland,East,Tablet,Accessories,1,3625,0,3625.0,2229.7,1395.3,Net Banking
894,2023-12-14,Mckinneyhaven,East,Headphones,Accessories,1,369,5,350.55,233.82,116.73,Net Banking
895,2026-07-24,East Timothy,North,Speaker,Office,2,2659,15,4520.3,2921.18,1599.12,Net Banking
896,2023-09-30,South Kimberly,South,Printer,Electronics,5,4518,20,18072.0,11583.17,6488.83,Net Banking
897,2023-10-14,Callahanberg,East,Mouse,Accessories,3,4152,20,9964.8,7884.76,2080.04,UPI
898,2024-03-05,South Veronica,East,Monitor,Office,1,4937,0,4937.0,2658.37,2278.63,UPI
899,2025-03-23,Ryanfurt,East,Tablet,Accessories,3,3217,0,9651.0,6065.12,3585.88,UPI
900,2025-02-15,Wilsonville,North,Phone,Accessories,2,2128,5,4043.2,2807.7,1235.5,UPI
901,2025-11-16,Tiffanychester,North,Camera,Office,3,1490,0,4470.0,2957.02,1512.98,Net Banking
902,2025-06-10,Lake Richardton,West,Speaker,Electronics,5,4316,15,18343.0,10638.68,7704.32,Cash
903,2025-02-23,South Timothyborough,North,Camera,Electronics,4,4772,15,16224.8,9681.77,6543.03,Card
904,2024-01-11,West Sharon,East,Headphones,Office,3,4169,20,10005.6,7438.53,2567.07,Cash
905,2025-10-06,Port Joshua,North,Printer,Electronics,3,3671,5,10462.35,6790.96,3671.39,Cash
906,2025-07-16,Port Ronaldborough,West,Keyboard,Office,3,489,10,1320.3,1054.75,265.55,UPI
907,2024-12-24,Sarahland,North,Speaker,Office,5,876,20,3504.0,2106.08,1397.92,Net Banking
908,2025-07-03,West Bradleytown,East,Printer,Accessories,4,1818,10,6544.8,4834.61,1710.19,Net Banking
909,2024-11-26,Costachester,East,Speaker,Office,5,2666,5,12663.5,7905.75,4757.75,Net Banking
910,2025-11-18,Markstad,South,Speaker,Accessories,5,1579,0,7895.0,5434.55,2460.45,Card
911,2023-11-17,Willieside,West,Speaker,Office,4,2294,20,7340.8,5451.87,1888.93,UPI
912,2023-10-12,Coreybury,South,Headphones,Office,5,1743,10,7843.5,5010.0,2833.5,Cash
913,2024-06-19,Blevinston,North,Keyboard,Accessories,4,3460,10,12456.0,9442.34,3013.66,Cash
914,2025-06-19,Lake Tracymouth,South,Tablet,Electronics,3,1415,10,3820.5,2697.49,1123.01,UPI
915,2024-01-09,West Marcia,East,Camera,Accessories,2,1672,0,3344.0,1918.37,1425.63,Net Banking
916,2023-12-07,East Cindy,South,Laptop,Accessories,4,403,5,1531.4,838.91,692.49,Cash
917,2025-12-20,Thomasfurt,West,Laptop,Electronics,5,1541,0,7705.0,6080.29,1624.71,UPI
918,2024-02-27,East Anaberg,West,Monitor,Office,3,2541,0,7623.0,5871.02,1751.98,UPI
919,2025-01-12,Port Christinaburgh,North,Printer,Office,4,1251,5,4753.8,2536.53,2217.27,Cash
920,2024-08-02,Lawrencestad,East,Monitor,Office,4,839,5,3188.2,2167.81,1020.39,Net Banking
921,2023-09-26,Maxstad,South,Keyboard,Accessories,2,3564,5,6771.6,3678.9,3092.7,Net Banking
922,2023-11-09,Jasonshire,East,Phone,Accessories,4,2183,20,6985.6,3610.0,3375.6,Net Banking
923,2025-05-30,Sanchezfort,South,Monitor,Accessories,4,2118,10,7624.8,5824.05,1800.75,Cash
924,2024-06-15,South Lisa,North,Keyboard,Accessories,3,272,20,652.8,333.22,319.58,Net Banking
925,2024-09-23,Kathleenview,South,Camera,Accessories,3,3072,0,9216.0,6086.92,3129.08,UPI
926,2025-07-31,Meredithburgh,South,Mouse,Electronics,4,2193,10,7894.8,4161.15,3733.65,Card
927,2026-01-03,East Jeffchester,East,Phone,Accessories,4,2698,15,9173.2,6758.77,2414.43,Net Banking
928,2024-09-29,East Michaelstad,North,Headphones,Office,4,2825,15,9605.0,7328.89,2276.11,Cash
929,2024-08-26,West Jason,East,Camera,Office,5,643,10,2893.5,1812.09,1081.41,UPI
930,2024-05-08,Brendaland,South,Laptop,Accessories,1,1605,15,1364.25,1005.87,358.38,Card
931,2024-11-19,Harringtontown,South,Keyboard,Office,3,2670,20,6408.0,3362.08,3045.92,Card
932,2024-10-05,Danielmouth,South,Mouse,Electronics,5,3461,10,15574.5,9896.77,5677.73,Cash
933,2025-03-08,South Christina,South,Tablet,Accessories,3,1727,0,5181.0,3234.75,1946.25,Card
934,2026-04-25,Brownfort,South,Phone,Accessories,1,288,20,230.4,159.93,70.47,Card
935,2026-01-05,Donnamouth,West,Speaker,Accessories,3,1482,0,4446.0,2757.9,1688.1,Card
936,2025-04-14,West Jake,North,Laptop,Office,1,3114,5,2958.3,2319.82,638.48,Net Banking
937,2025-10-15,South Timothyberg,South,Keyboard,Accessories,4,4148,0,16592.0,9413.39,7178.61,Cash
938,2025-04-15,Acostaberg,South,Speaker,Electronics,4,3229,5,12270.2,7722.77,4547.43,Cash
939,2026-01-30,South Aaron,South,Laptop,Accessories,2,3526,5,6699.4,4170.76,2528.64,Cash
940,2026-04-25,Tonyaview,West,Phone,Electronics,2,3794,5,7208.6,4403.67,2804.93,Net Banking
941,2024-05-24,Jacobfort,West,Tablet,Office,2,2748,15,4671.6,3298.41,1373.19,Cash
942,2024-07-05,Emmachester,East,Keyboard,Accessories,1,880,20,704.0,364.41,339.59,Cash
943,2026-06-11,Lake Christine,West,Mouse,Accessories,5,5000,0,25000.0,12540.21,12459.79,Cash
944,2024-07-11,Jarvisfort,East,Headphones,Office,2,4683,0,9366.0,6314.05,3051.95,Net Banking
945,2025-03-10,Lake Bethburgh,West,Headphones,Accessories,3,3934,5,11211.9,5907.49,5304.41,UPI
946,2025-11-29,Rochaburgh,East,Monitor,Accessories,3,461,5,1313.85,853.69,460.16,Cash
947,2024-11-08,Berryshire,South,Monitor,Office,3,2260,20,5424.0,3221.33,2202.67,Net Banking
948,2025-10-12,Cantustad,South,Laptop,Electronics,2,4652,15,7908.4,4080.47,3827.93,Card
949,2024-09-19,Samanthastad,West,Tablet,Electronics,1,3952,10,3556.8,1952.92,1603.88,Net Banking
950,2025-06-07,South Omarstad,West,Camera,Accessories,1,3716,10,3344.4,2664.3,680.1,UPI
951,2024-09-14,South Wesley,East,Headphones,Electronics,2,1112,10,2001.6,1056.99,944.61,Cash
952,2026-01-15,Ericaborough,North,Printer,Office,5,4897,5,23260.75,15702.5,7558.25,Card
953,2025-05-20,North Stacy,North,Monitor,Electronics,4,729,5,2770.2,2023.56,746.64,Cash
954,2026-03-24,Emilybury,North,Monitor,Electronics,1,3329,10,2996.1,2028.66,967.44,UPI
955,2024-09-03,East Josephmouth,East,Speaker,Office,1,3870,15,3289.5,2092.83,1196.67,UPI
956,2025-03-10,South Ashley,East,Speaker,Electronics,3,459,20,1101.6,865.05,236.55,Card
957,2026-04-17,Brownmouth,North,Printer,Office,1,2417,10,2175.3,1608.51,566.79,Net Banking
958,2025-09-11,Chenburgh,West,Phone,Electronics,1,3367,10,3030.3,1676.98,1353.32,Card
959,2024-02-12,West Shannonhaven,South,Phone,Accessories,2,3282,15,5579.4,3266.63,2312.77,Net Banking
960,2024-03-11,Lake Jason,North,Monitor,Office,4,2640,20,8448.0,4556.73,3891.27,Card
961,2024-06-08,New Robert,West,Phone,Accessories,4,3749,15,12746.6,8195.2,4551.4,Cash
962,2025-04-05,East Melissatown,North,Laptop,Office,5,1626,15,6910.5,4762.76,2147.74,Cash
963,2025-01-23,Kellyview,North,Mouse,Accessories,4,1936,5,7356.8,5732.42,1624.38,Net Banking
964,2023-09-29,Tanyamouth,South,Mouse,Electronics,1,4012,10,3610.8,1966.38,1644.42,Net Banking
965,2024-10-06,Erinville,North,Printer,Electronics,3,4757,0,14271.0,9494.47,4776.53,Net Banking
966,2024-01-15,Delgadoland,East,Monitor,Accessories,4,874,15,2971.6,2074.94,896.66,UPI
967,2026-07-19,Alexview,West,Headphones,Electronics,5,233,0,1165.0,841.31,323.69,Net Banking
968,2024-11-18,Fordfort,East,Monitor,Office,1,782,15,664.7,507.18,157.52,Net Banking
969,2023-12-09,Hillhaven,South,Keyboard,Electronics,4,2271,10,8175.6,6458.85,1716.75,UPI
970,2024-10-02,Port Diana,North,Laptop,Accessories,5,2224,0,11120.0,7007.15,4112.85,UPI
971,2023-09-04,Port Mark,West,Speaker,Office,1,1506,15,1280.1,816.77,463.33,Net Banking
972,2024-09-17,Robertview,North,Headphones,Electronics,3,3055,15,7790.25,5775.63,2014.62,UPI
973,2026-04-06,West Colleenburgh,South,Laptop,Electronics,2,1016,0,2032.0,1440.3,591.7,Net Banking
974,2024-01-22,West Jamesberg,South,Phone,Accessories,2,2080,15,3536.0,2661.29,874.71,Net Banking
975,2026-06-25,Mitchellburgh,South,Headphones,Office,2,3982,15,6769.4,3429.01,3340.39,Net Banking
976,2025-04-12,Vasquezmouth,South,Keyboard,Accessories,4,3962,0,15848.0,12011.82,3836.18,Net Banking
977,2024-04-15,Johntown,West,Tablet,Accessories,1,2834,0,2834.0,1504.28,1329.72,Cash
978,2024-06-01,Harrishaven,West,Keyboard,Office,1,4093,15,3479.05,2246.88,1232.17,UPI
979,2025-06-04,New Brianstad,North,Mouse,Office,5,255,15,1083.75,729.28,354.47,Net Banking
980,2025-11-05,Williamport,East,Camera,Office,4,1057,15,3593.8,2468.25,1125.55,Net Banking
981,2025-10-01,Andersonview,West,Monitor,Accessories,1,1421,10,1278.9,918.07,360.83,Card
982,2024-01-17,Heatherville,East,Speaker,Office,5,1899,20,7596.0,5869.59,1726.41,Net Banking
983,2024-03-30,Jacquelineton,East,Camera,Electronics,2,2503,15,4255.1,3352.77,902.33,Card
984,2026-05-13,Michaelstad,South,Headphones,Office,3,806,15,2055.3,1107.25,948.05,Net Banking
985,2025-10-24,Wardville,South,Printer,Electronics,1,3507,15,2980.95,1762.03,1218.92,UPI
986,2024-02-22,South Joshua,South,Printer,Electronics,3,2236,10,6037.2,4244.62,1792.58,UPI
987,2026-02-28,East Robertfort,North,Printer,Electronics,3,3627,0,10881.0,7456.41,3424.59,Net Banking
988,2025-03-12,Cassieshire,East,Headphones,Office,3,2887,10,7794.9,5696.61,2098.29,UPI
989,2023-12-15,Ryanberg,North,Phone,Office,1,3686,15,3133.1,2471.37,661.73,UPI
990,2024-07-31,Jamesland,North,Keyboard,Accessories,5,443,20,1772.0,942.04,829.96,Card
991,2023-08-01,Jefferyshire,North,Headphones,Office,3,3716,20,8918.4,5792.66,3125.74,Cash
992,2025-01-05,West Joyville,West,Tablet,Electronics,3,1228,0,3684.0,2779.87,904.13,Card
993,2024-12-24,Janiceborough,North,Mouse,Accessories,4,2896,10,10425.6,6792.35,3633.25,Net Banking
994,2025-06-11,Greenfurt,West,Keyboard,Electronics,3,2110,5,6013.5,4365.57,1647.93,Net Banking
995,2025-02-11,Maryborough,East,Laptop,Accessories,4,3453,15,11740.2,9222.54,2517.66,Card
996,2026-07-04,East Gloriahaven,East,Tablet,Electronics,1,4338,0,4338.0,2279.33,2058.67,Net Banking
997,2025-02-17,Websterbury,South,Speaker,Electronics,1,3321,0,3321.0,2318.23,1002.77,Cash
998,2025-07-08,North Robin,East,Monitor,Electronics,4,3393,20,10857.6,8274.19,2583.41,Cash
999,2024-05-30,Lake Beverlyshire,South,Printer,Office,5,1303,15,5537.75,3510.14,2027.61,Net Banking
1000,2024-10-14,New Ashleytown,North,Laptop,Office,3,3413,5,9727.05,7434.31,2292.74,Cash
1001,2024-02-16,Angelatown,East,Keyboard,Electronics,4,1132,20,3622.4,2889.14,733.26,Cash
1002,2024-09-11,South Kelsey,East,Keyboard,Accessories,5,2891,5,13732.25,6962.61,6769.64,Net Banking
1003,2024-08-01,Melissamouth,East,Printer,Accessories,5,1004,0,5020.0,3777.42,1242.58,UPI
1004,2025-01-24,Julieburgh,North,Camera,Accessories,1,1121,15,952.85,561.6,391.25,Card
1005,2024-10-23,Lake Trevorborough,South,Monitor,Accessories,5,4733,20,18932.0,14262.4,4669.6,Cash
1006,2025-12-11,Thompsonview,South,Phone,Accessories,5,1246,15,5295.5,3473.32,1822.18,Card
1007,2023-11-02,Lake Aaronshire,West,Tablet,Electronics,3,3821,0,11463.0,6235.48,5227.52,UPI
1008,2023-09-24,Stricklandport,West,Phone,Accessories,1,3580,5,3401.0,2186.42,1214.58,Net Banking
1009,2024-09-14,North Williamfurt,East,Speaker,Accessories,5,4679,20,18716.0,13730.95,4985.05,Net Banking
1010,2025-02-28,South Donnaburgh,South,Printer,Electronics,4,4110,15,13974.0,10440.58,3533.42,Net Banking
1011,2026-01-10,Jonesmouth,North,Keyboard,Accessories,4,1159,20,3708.8,2814.91,893.89,Net Banking
1012,2026-01-16,Matthewston,North,Speaker,Accessories,1,1384,20,1107.2,676.28,430.92,UPI
1013,2025-10-11,Lisaborough,South,Phone,Accessories,1,3127,20,2501.6,1468.13,1033.47,Cash
1014,2026-01-13,East Ericaview,South,Headphones,Office,3,2584,10,6976.8,4505.46,2471.34,Net Banking
1015,2024-10-20,Newtonside,West,Laptop,Electronics,1,2599,10,2339.1,1320.83,1018.27,Cash
1016,2025-04-20,Andrewshire,East,Speaker,Accessories,1,466,15,396.1,255.23,140.87,Cash
1017,2026-05-26,Craigmouth,South,Printer,Office,4,3993,20,12777.6,6897.9,5879.7,Net Banking
1018,2024-07-19,Holtville,East,Phone,Office,4,3778,5,14356.4,10909.48,3446.92,Net Banking
1019,2024-11-01,South Sharonshire,North,Camera,Office,4,2007,15,6823.8,4105.88,2717.92,Cash
1020,2024-03-20,Debbieborough,East,Printer,Office,1,1456,0,1456.0,977.85,478.15,UPI
1021,2023-12-24,Jeffreychester,North,Speaker,Office,5,797,5,3785.75,2977.68,808.07,Card
1022,2025-06-22,Port Stephaniebury,South,Laptop,Accessories,4,4217,0,16868.0,9042.68,7825.32,Card
1023,2025-03-22,Bentonburgh,East,Tablet,Office,2,4847,15,8239.9,4329.2,3910.7,UPI
1024,2023-12-13,Ianshire,West,Laptop,Office,4,290,10,1044.0,658.87,385.13,Cash
1025,2025-06-24,Clarkport,North,Printer,Electronics,4,2206,0,8824.0,4715.49,4108.51,Cash
1026,2023-12-27,North Robertfort,South,Mouse,Accessories,2,1596,10,2872.8,2098.56,774.24,Card
1027,2023-08-02,Perryville,North,Mouse,Accessories,1,2764,5,2625.8,1334.3,1291.5,UPI
1028,2026-02-10,East Lori,East,Tablet,Electronics,3,1267,15,3230.85,2480.98,749.87,UPI
1029,2023-08-03,East Jaime,West,Printer,Office,2,2062,20,3299.2,2229.63,1069.57,Net Banking
1030,2024-02-08,North James,West,Phone,Accessories,1,2306,0,2306.0,1373.23,932.77,UPI
1031,2023-08-02,East Mercedesport,North,Keyboard,Office,4,2014,0,8056.0,4678.51,3377.49,Card
1032,2024-12-08,Cherylhaven,South,Headphones,Accessories,3,4755,15,12125.25,7684.92,4440.33,Card
1033,2023-10-16,Lisaberg,West,Laptop,Electronics,2,4503,15,7655.1,6035.32,1619.78,Net Banking
1034,2024-05-01,New Lisaburgh,West,Mouse,Office,5,2469,5,11727.75,5865.79,5861.96,Cash
1035,2024-01-21,South Josephtown,East,Laptop,Electronics,4,2978,5,11316.4,7644.77,3671.63,UPI
1036,2024-06-17,Lake Brandy,South,Printer,Accessories,3,834,15,2126.7,1508.95,617.75,Net Banking
1037,2023-09-11,New Amanda,East,Mouse,Office,2,4235,10,7623.0,5832.96,1790.04,Net Banking
1038,2023-12-02,Port Mark,West,Speaker,Accessories,3,2114,10,5707.8,3438.89,2268.91,UPI
1039,2026-06-09,Martinland,North,Headphones,Accessories,2,116,20,185.6,119.33,66.27,Net Banking
1040,2025-10-11,Robertashire,North,Printer,Electronics,4,4508,0,18032.0,13275.01,4756.99,Net Banking
1041,2025-01-04,Port Devin,East,Tablet,Electronics,1,2991,15,2542.35,1902.29,640.06,UPI
1042,2024-02-17,New Michael,West,Laptop,Electronics,1,3890,10,3501.0,2733.84,767.16,UPI
1043,2026-05-16,West Rodneystad,East,Keyboard,Electronics,3,3031,5,8638.35,4552.32,4086.03,Net Banking
1044,2024-01-05,West Whitney,South,Laptop,Electronics,3,401,10,1082.7,701.43,381.27,Net Banking
1045,2026-04-01,North Erictown,South,Printer,Electronics,1,2372,20,1897.6,1233.63,663.97,Card
1046,2025-10-02,Port Matthew,South,Mouse,Office,1,4918,5,4672.1,3381.63,1290.47,Card
1047,2024-04-18,South Matthew,North,Printer,Office,5,2347,5,11148.25,8409.13,2739.12,Cash
1048,2023-11-21,Tammyberg,North,Monitor,Accessories,5,3818,0,19090.0,14916.3,4173.7,Net Banking
1049,2026-05-06,Connortown,East,Printer,Electronics,3,1097,20,2632.8,1684.93,947.87,Card
1050,2025-11-14,Stephensview,East,Laptop,Accessories,1,2376,15,2019.6,1332.38,687.22,Card
1051,2025-08-06,Lake Monica,South,Tablet,Electronics,3,770,20,1848.0,1371.77,476.23,Card
1052,2024-09-19,Lorihaven,North,Laptop,Accessories,2,1447,10,2604.6,1545.16,1059.44,Net Banking
1053,2024-05-17,Haleyport,South,Phone,Accessories,1,4954,10,4458.6,3353.55,1105.05,Card
1054,2023-12-25,West Jasonfurt,South,Phone,Office,3,545,10,1471.5,965.16,506.34,Net Banking
1055,2024-02-08,Lyonsland,North,Laptop,Accessories,1,3757,20,3005.6,1615.35,1390.25,Cash
1056,2024-03-27,South Tiffany,West,Laptop,Accessories,1,1144,0,1144.0,887.44,256.56,Net Banking
1057,2024-09-07,New Kari,East,Tablet,Accessories,1,934,0,934.0,623.7,310.3,UPI
1058,2024-12-01,Lake Henryhaven,North,Camera,Accessories,5,3467,5,16468.25,12505.57,3962.68,Net Banking
1059,2026-03-28,Mendozaborough,North,Camera,Office,4,929,10,3344.4,2325.28,1019.12,Cash
1060,2025-02-02,East Jimmyshire,North,Speaker,Electronics,5,1676,0,8380.0,4448.16,3931.84,Card
1061,2026-05-10,Jenniferside,West,Headphones,Electronics,5,2199,10,9895.5,6197.57,3697.93,Card
1062,2025-08-20,North Joannmouth,West,Printer,Office,1,595,5,565.25,335.48,229.77,Cash
1063,2023-10-21,South Edwin,South,Camera,Accessories,3,4881,20,11714.4,8582.54,3131.86,Cash
1064,2026-02-11,North Jessicamouth,South,Laptop,Electronics,3,3121,0,9363.0,6135.61,3227.39,UPI
1065,2026-01-17,Robersonside,South,Phone,Accessories,4,2916,5,11080.8,8786.56,2294.24,Card
1066,2023-08-06,West Antonio,East,Speaker,Accessories,4,3928,20,12569.6,8895.81,3673.79,Net Banking
1067,2025-08-20,Jonesview,North,Camera,Electronics,3,1429,0,4287.0,2727.78,1559.22,UPI
1068,2023-08-17,West Dawn,South,Camera,Office,2,1986,15,3376.2,2320.04,1056.16,Cash
1069,2024-05-02,Guerrerochester,North,Monitor,Electronics,4,1781,15,6055.4,3362.4,2693.0,UPI
1070,2023-12-27,Amybury,East,Camera,Electronics,3,345,20,828.0,442.61,385.39,Cash
1071,2024-11-18,Jacksonchester,South,Keyboard,Accessories,1,343,5,325.85,182.26,143.59,Card
1072,2025-12-31,North Edwardborough,North,Headphones,Accessories,3,4642,5,13229.7,7323.46,5906.24,UPI
1073,2026-03-23,East Johnnyville,North,Monitor,Electronics,1,1224,15,1040.4,724.6,315.8,Cash
1074,2026-05-06,South Bryan,South,Printer,Office,4,2067,10,7441.2,5527.67,1913.53,Net Banking
1075,2024-10-17,Bradburgh,South,Keyboard,Electronics,1,1070,5,1016.5,777.44,239.06,Net Banking
1076,2024-06-21,Danielside,South,Laptop,Office,3,2704,20,6489.6,4081.06,2408.54,Card
1077,2023-09-01,West Nicole,North,Mouse,Electronics,5,2509,5,11917.75,7130.44,4787.31,Net Banking
1078,2024-02-11,South Frankmouth,North,Headphones,Office,2,766,15,1302.2,960.11,342.09,Net Banking
1079,2024-09-22,Taylorstad,South,Monitor,Office,5,3165,15,13451.25,8819.55,4631.7,Cash
1080,2024-05-02,Maldonadochester,West,Speaker,Office,5,4059,15,17250.75,11077.18,6173.57,UPI
1081,2024-03-26,North Wesley,South,Tablet,Electronics,2,1898,5,3606.2,2292.19,1314.01,Cash
1082,2026-06-20,West Benjamin,East,Mouse,Office,4,3189,20,10204.8,5583.69,4621.11,UPI
1083,2025-02-02,East Emily,East,Keyboard,Office,2,788,10,1418.4,898.35,520.05,UPI
1084,2023-09-12,Mclaughlinshire,West,Camera,Accessories,4,4296,20,13747.2,8260.86,5486.34,Net Banking
1085,2026-01-29,Lake Andrewmouth,North,Headphones,Accessories,3,4175,10,11272.5,6559.53,4712.97,Card
1086,2025-01-09,East Jeffrey,East,Printer,Office,3,721,10,1946.7,1499.82,446.88,UPI
1087,2025-07-23,Wuburgh,East,Laptop,Office,3,1965,0,5895.0,3157.22,2737.78,Card
1088,2026-05-29,Karenshire,East,Keyboard,Office,3,1710,10,4617.0,2654.81,1962.19,Card
1089,2025-10-26,Kentside,East,Monitor,Accessories,5,2239,0,11195.0,8183.8,3011.2,Net Banking
1090,2025-12-18,Longberg,South,Tablet,Electronics,5,197,15,837.25,582.92,254.33,Card
1091,2025-11-30,Sarahland,West,Camera,Accessories,2,3986,5,7573.4,4958.67,2614.73,UPI
1092,2026-01-06,Mayoland,West,Keyboard,Accessories,3,1638,15,4176.9,3053.48,1123.42,Net Banking
1093,2025-12-18,West Megan,South,Mouse,Office,5,346,10,1557.0,843.4,713.6,UPI
1094,2023-08-31,East Ryanstad,West,Tablet,Office,4,3005,10,10818.0,6140.81,4677.19,Cash
1095,2026-06-24,Hahnville,North,Headphones,Electronics,3,4908,0,14724.0,9869.1,4854.9,Cash
1096,2026-01-26,Thompsonville,South,Tablet,Electronics,5,4801,15,20404.25,16202.03,4202.22,Net Banking
1097,2025-09-25,Mccarthyburgh,West,Mouse,Electronics,2,3989,0,7978.0,4776.05,3201.95,Card
1098,2023-08-28,Brendaborough,West,Laptop,Electronics,1,4629,5,4397.55,2241.07,2156.48,Card
1099,2026-05-05,Alvarezside,East,Printer,Electronics,1,3261,10,2934.9,1648.73,1286.17,Net Banking
1100,2025-07-04,Lake Matthew,East,Tablet,Accessories,1,3119,20,2495.2,1255.87,1239.33,Card
1101,2023-11-20,Mannshire,North,Tablet,Electronics,1,1157,20,925.6,578.98,346.62,Card
1102,2026-06-07,Markmouth,West,Headphones,Office,2,2637,15,4482.9,3341.41,1141.49,Cash
1103,2024-08-28,Benjaminhaven,West,Mouse,Electronics,5,1762,20,7048.0,5039.54,2008.46,UPI
1104,2025-12-16,North Tabithaland,South,Printer,Accessories,2,3751,0,7502.0,5606.81,1895.19,Net Banking
1105,2026-01-17,Meganside,North,Mouse,Office,4,3890,20,12448.0,6369.96,6078.04,Net Banking
1106,2025-07-23,West Candice,South,Tablet,Electronics,3,2536,15,6466.8,4422.7,2044.1,Card
1107,2024-10-12,Lake Johnport,South,Speaker,Electronics,5,3639,15,15465.75,9517.61,5948.14,Net Banking
1108,2025-01-29,Kylebury,East,Phone,Office,1,2063,5,1959.85,1140.89,818.96,Card
1109,2023-09-18,South Danny,East,Phone,Electronics,4,3469,20,11100.8,5954.13,5146.67,Cash
1110,2025-01-27,Pamelashire,North,Camera,Electronics,4,3794,5,14417.2,8301.86,6115.34,UPI
1111,2025-10-27,Lisashire,South,Tablet,Electronics,4,3222,10,11599.2,8395.35,3203.85,UPI
1112,2023-11-11,Micheleland,West,Camera,Accessories,3,1039,5,2961.15,1771.16,1189.99,UPI
1113,2024-03-06,Pricestad,West,Headphones,Accessories,1,4592,5,4362.4,3115.08,1247.32,Cash
1114,2025-11-22,East Patricia,South,Mouse,Electronics,2,1497,0,2994.0,2042.2,951.8,Net Banking
1115,2025-04-21,New Jodyburgh,South,Camera,Accessories,2,735,0,1470.0,1033.73,436.27,Card
1116,2024-08-02,Port Jessicabury,North,Printer,Office,2,382,20,611.2,345.24,265.96,UPI
1117,2023-10-10,Seanmouth,North,Laptop,Accessories,4,2625,15,8925.0,4602.84,4322.16,Card
1118,2024-05-20,Madisonmouth,North,Tablet,Electronics,2,3169,5,6021.1,3371.79,2649.31,UPI
1119,2024-05-10,Christinastad,North,Headphones,Office,3,1674,0,5022.0,2843.31,2178.69,Card
1120,2024-07-19,North Justin,East,Monitor,Office,1,3505,20,2804.0,1492.58,1311.42,Card
1121,2023-08-23,Marcview,West,Phone,Electronics,5,1796,20,7184.0,4443.44,2740.56,Card
1122,2024-09-27,West Christopher,West,Monitor,Electronics,1,3021,10,2718.9,1501.07,1217.83,Net Banking
1123,2026-01-24,East Miaburgh,East,Speaker,Accessories,2,3858,5,7330.2,3810.27,3519.93,UPI
1124,2025-11-19,Derekshire,West,Phone,Office,1,1890,15,1606.5,948.57,657.93,Card
1125,2024-06-03,North Jennifer,West,Headphones,Accessories,3,876,20,2102.4,1255.78,846.62,Card
1126,2024-04-28,Thorntonshire,West,Tablet,Office,3,4049,0,12147.0,7294.66,4852.34,Card
1127,2025-12-05,North Jacksonview,North,Mouse,Electronics,5,4912,0,24560.0,13993.84,10566.16,Net Banking
1128,2024-08-20,West Nicole,West,Mouse,Electronics,2,750,0,1500.0,811.9,688.1,Card
1129,2025-02-22,North Deborah,West,Monitor,Electronics,4,1774,0,7096.0,4054.79,3041.21,Cash
1130,2025-05-23,New Timothy,West,Mouse,Electronics,3,424,20,1017.6,750.51,267.09,Card
1131,2025-12-24,Port Robinfurt,North,Keyboard,Office,3,2907,5,8284.95,4654.03,3630.92,Card
1132,2025-05-18,Andrewburgh,West,Laptop,Electronics,5,3225,20,12900.0,7694.74,5205.26,Net Banking
1133,2026-06-24,East Amandaberg,South,Keyboard,Electronics,1,1676,0,1676.0,1156.96,519.04,UPI
1134,2024-10-01,North Amandachester,South,Keyboard,Office,2,4954,20,7926.4,5939.78,1986.62,UPI
1135,2025-01-25,Karinatown,South,Keyboard,Accessories,4,3926,10,14133.6,7762.85,6370.75,Card
1136,2025-06-06,North Sherriport,West,Keyboard,Accessories,5,2139,10,9625.5,5636.75,3988.75,Net Banking
1137,2025-05-24,West Kristen,West,Camera,Accessories,1,3045,15,2588.25,1587.41,1000.84,Net Banking
1138,2023-08-13,South Breannaton,West,Phone,Accessories,2,4048,0,8096.0,5898.57,2197.43,Card
1139,2025-08-24,Williamsfort,East,Camera,Accessories,5,1539,10,6925.5,4253.19,2672.31,Net Banking
1140,2026-05-16,Coleport,West,Keyboard,Electronics,5,4039,0,20195.0,12116.4,8078.6,Card
1141,2026-04-11,Elizabethland,East,Camera,Accessories,1,205,20,164.0,117.93,46.07,Net Banking
1142,2026-01-04,Hannahland,North,Tablet,Electronics,4,3156,15,10730.4,6941.12,3789.28,UPI
1143,2025-06-05,Karenchester,West,Mouse,Office,4,4733,5,17985.4,10040.68,7944.72,Cash
1144,2024-09-08,South Kirstenburgh,West,Tablet,Office,5,4102,10,18459.0,13086.26,5372.74,Card
1145,2023-09-11,Andrewshire,East,Laptop,Office,2,4013,0,8026.0,6231.71,1794.29,Card
1146,2023-10-19,Glassshire,South,Laptop,Electronics,3,3831,5,10918.35,6292.1,4626.25,UPI
1147,2025-03-30,North Timothy,North,Printer,Electronics,4,3357,20,10742.4,8510.6,2231.8,Net Banking
1148,2023-10-02,Lake Nancybury,West,Speaker,Accessories,2,3596,10,6472.8,4579.84,1892.96,Net Banking
1149,2026-04-06,North Richardbury,East,Headphones,Accessories,1,995,20,796.0,583.47,212.53,Card
1150,2024-02-16,Tuckerfort,West,Laptop,Electronics,4,2623,0,10492.0,8352.76,2139.24,UPI
1151,2024-08-02,Johnsonmouth,West,Headphones,Electronics,4,4400,15,14960.0,10417.49,4542.51,Cash
1152,2025-11-11,South Erikahaven,North,Camera,Office,2,1200,5,2280.0,1472.75,807.25,Card
1153,2026-03-12,Reneeside,South,Mouse,Accessories,2,1746,0,3492.0,2531.61,960.39,Net Banking
1154,2025-06-04,Lake Derrick,North,Tablet,Electronics,5,994,5,4721.5,2473.8,2247.7,Cash
1155,2025-05-22,Port Vanessatown,West,Camera,Office,1,2902,0,2902.0,1960.86,941.14,UPI
1156,2024-06-15,South Theresaview,North,Speaker,Electronics,1,600,10,540.0,391.79,148.21,UPI
1157,2024-11-23,Lake Jameshaven,East,Camera,Accessories,2,4378,0,8756.0,5364.8,3391.2,Cash
1158,2024-10-28,New Derek,East,Monitor,Electronics,5,3618,10,16281.0,9951.53,6329.47,Cash
1159,2025-05-14,Tylershire,East,Monitor,Electronics,4,3200,20,10240.0,5295.85,4944.15,UPI
1160,2024-08-07,West Kristinport,North,Printer,Accessories,4,3391,5,12885.8,6542.17,6343.63,Card
1161,2024-01-26,Lake Christopherview,West,Printer,Accessories,3,3802,20,9124.8,6440.79,2684.01,Card
1162,2026-04-18,Port Bethburgh,North,Monitor,Office,1,2739,0,2739.0,1890.27,848.73,Net Banking
1163,2025-01-06,Rebeccaborough,North,Monitor,Accessories,2,4069,15,6917.3,4992.64,1924.66,Net Banking
1164,2024-08-22,Walshmouth,South,Printer,Office,1,3252,10,2926.8,1996.52,930.28,UPI
1165,2023-09-07,Tylerhaven,West,Headphones,Accessories,2,4179,0,8358.0,4934.6,3423.4,UPI
1166,2024-06-16,South Eric,South,Phone,Electronics,4,4529,5,17210.2,9861.56,7348.64,Net Banking
1167,2024-01-22,Patelshire,East,Keyboard,Office,1,1412,10,1270.8,979.53,291.27,Cash
1168,2025-09-29,Spencerbury,West,Phone,Office,4,1108,5,4210.4,3270.73,939.67,Cash
1169,2025-10-08,North Earl,East,Tablet,Office,2,4818,20,7708.8,4003.95,3704.85,Net Banking
1170,2026-03-31,Farrellfurt,North,Mouse,Electronics,5,3679,5,17475.25,9909.61,7565.64,UPI
1171,2024-08-15,Clarkborough,North,Speaker,Accessories,1,2887,20,2309.6,1804.17,505.43,Card
1172,2024-03-05,Lake Shaun,East,Laptop,Office,3,3214,20,7713.6,5562.09,2151.51,Card
1173,2024-03-05,North Jason,South,Printer,Office,4,3570,10,12852.0,9399.75,3452.25,Card
1174,2026-05-02,East Brandonside,West,Monitor,Electronics,1,3338,0,3338.0,2208.05,1129.95,Cash
1175,2025-11-23,Villanuevaville,East,Headphones,Office,2,4194,15,7129.8,3880.23,3249.57,UPI
1176,2024-04-05,New Rhondaberg,North,Mouse,Office,5,2722,10,12249.0,7970.59,4278.41,Net Banking
1177,2024-04-22,Christopherport,West,Laptop,Accessories,2,4155,10,7479.0,5319.38,2159.62,Card
1178,2026-04-20,Davidsonville,South,Camera,Office,2,1943,0,3886.0,3019.22,866.78,Net Banking
1179,2026-01-17,Michaelstad,East,Tablet,Office,3,1404,0,4212.0,2798.38,1413.62,Net Banking
1180,2023-11-23,West Michealborough,East,Mouse,Office,3,3306,15,8430.3,4396.8,4033.5,Card
1181,2026-02-13,Murphyburgh,North,Mouse,Accessories,5,3325,0,16625.0,8965.37,7659.63,Card
1182,2026-04-27,New Johnnytown,East,Headphones,Electronics,5,1226,15,5210.5,3693.13,1517.37,Card
1183,2024-02-07,North Kellychester,North,Headphones,Accessories,2,174,10,313.2,224.81,88.39,Net Banking
1184,2024-02-23,West Eric,West,Headphones,Electronics,2,561,0,1122.0,680.69,441.31,UPI
1185,2024-06-15,Jennifermouth,South,Tablet,Electronics,5,2872,20,11488.0,7239.12,4248.88,UPI
1186,2025-09-01,East Mariefort,South,Tablet,Office,1,2073,15,1762.05,1139.32,622.73,UPI
1187,2026-03-04,Griffinburgh,West,Monitor,Electronics,4,3230,10,11628.0,8019.83,3608.17,UPI
1188,2024-10-26,Port Robertport,South,Laptop,Office,1,776,0,776.0,501.89,274.11,Net Banking
1189,2025-07-25,Tiffanyshire,West,Tablet,Accessories,3,874,20,2097.6,1162.76,934.84,Card
1190,2024-03-26,West Kaitlyn,South,Tablet,Office,1,2764,0,2764.0,1973.86,790.14,UPI
1191,2025-08-29,East Jenna,West,Phone,Office,4,4655,20,14896.0,10949.19,3946.81,UPI
1192,2024-06-11,Elizabethberg,South,Laptop,Office,2,1061,5,2015.9,1529.26,486.64,Net Banking
1193,2023-10-11,South Christopherville,South,Headphones,Electronics,3,1107,0,3321.0,1788.84,1532.16,Cash
1194,2026-05-29,West Christiefort,East,Printer,Electronics,1,793,0,793.0,516.91,276.09,Net Banking
1195,2025-02-03,South Brittany,East,Printer,Accessories,1,2134,10,1920.6,986.9,933.7,Card
1196,2023-10-15,New Jesse,East,Speaker,Office,5,4117,10,18526.5,12168.2,6358.3,Card
1197,2023-09-26,Lake Stevefort,South,Mouse,Electronics,1,466,5,442.7,226.23,216.47,Card
1198,2024-09-22,New Johnfort,East,Headphones,Office,5,4622,5,21954.5,14874.94,7079.56,Net Banking
1199,2024-11-09,South Shawn,South,Tablet,Accessories,1,4604,10,4143.6,2395.84,1747.76,UPI
1200,2025-12-29,North Cindy,North,Mouse,Office,3,3584,5,10214.4,6749.38,3465.02,Card
1201,2025-04-17,Timothyhaven,West,Headphones,Accessories,3,4717,20,11320.8,7714.94,3605.86,Net Banking
1202,2023-11-21,West Edwardshire,East,Phone,Office,4,312,20,998.4,573.33,425.07,UPI
1203,2023-12-20,Oliverberg,North,Monitor,Accessories,5,3432,0,17160.0,10275.53,6884.47,Cash
1204,2025-09-20,Port Lisaberg,West,Keyboard,Accessories,2,1949,10,3508.2,1764.48,1743.72,UPI
1205,2024-05-01,Philipburgh,East,Speaker,Accessories,1,1539,20,1231.2,884.62,346.58,UPI
1206,2025-06-24,South Annemouth,East,Speaker,Electronics,5,2958,20,11832.0,8987.82,2844.18,UPI
1207,2023-12-05,Jacksonton,West,Camera,Office,2,2705,15,4598.5,2548.5,2050.0,Card
1208,2024-03-02,West Crystal,South,Headphones,Accessories,3,177,20,424.8,303.29,121.51,Cash
1209,2026-02-06,East Kurt,West,Camera,Electronics,1,3132,5,2975.4,2093.09,882.31,Net Banking
1210,2025-10-04,Karenfort,West,Printer,Office,3,3939,20,9453.6,5540.24,3913.36,Card
1211,2026-03-19,Chungport,East,Phone,Office,3,812,10,2192.4,1363.57,828.83,UPI
1212,2024-03-21,Williamsbury,North,Phone,Office,1,2066,0,2066.0,1135.34,930.66,Cash
1213,2025-03-06,Lake Markchester,West,Printer,Office,5,4137,0,20685.0,16313.22,4371.78,Card
1214,2024-12-19,Lisahaven,North,Tablet,Electronics,4,4178,20,13369.6,9432.74,3936.86,Card
1215,2025-04-05,Audreybury,South,Printer,Office,1,3581,20,2864.8,2076.69,788.11,UPI
1216,2025-10-26,Lake Regina,South,Headphones,Electronics,5,3775,5,17931.25,12594.13,5337.12,Cash
1217,2025-01-17,Rebeccastad,West,Camera,Accessories,2,4308,10,7754.4,6092.98,1661.42,Card
1218,2025-01-12,Matthewville,South,Printer,Electronics,3,1027,10,2772.9,2146.82,626.08,Cash
1219,2026-06-20,Castrostad,North,Speaker,Accessories,3,4057,10,10953.9,6346.97,4606.93,Card
1220,2024-08-04,Solischester,West,Laptop,Accessories,3,4323,0,12969.0,10123.92,2845.08,UPI
1221,2023-08-14,West Jeffrey,North,Laptop,Accessories,5,3871,10,17419.5,10268.89,7150.61,Card
1222,2025-07-29,Lake Jasminestad,West,Keyboard,Electronics,4,3004,0,12016.0,6373.3,5642.7,Card
1223,2023-10-30,Thompsonville,East,Keyboard,Accessories,4,1114,15,3787.6,1901.65,1885.95,Net Banking
1224,2025-12-01,Walkerchester,South,Printer,Accessories,3,2551,10,6887.7,4328.94,2558.76,UPI
1225,2023-09-15,Annahaven,West,Laptop,Accessories,4,3699,5,14056.2,7617.93,6438.27,Card
1226,2025-05-13,Port Andrewmouth,West,Tablet,Office,1,1652,10,1486.8,761.36,725.44,Cash
1227,2025-01-26,Ashleymouth,East,Phone,Accessories,1,1413,5,1342.35,1053.09,289.26,Net Banking
1228,2024-05-01,East Tracey,West,Printer,Office,5,4159,5,19755.25,11803.1,7952.15,Net Banking
1229,2025-06-28,Lake Matthew,South,Headphones,Accessories,2,998,0,1996.0,1472.68,523.32,UPI
1230,2025-01-04,Hallland,North,Tablet,Accessories,2,526,10,946.8,595.44,351.36,Cash
1231,2026-01-09,Maddenshire,South,Speaker,Electronics,3,4080,0,12240.0,8914.02,3325.98,Card
1232,2025-11-18,Christopherhaven,South,Tablet,Electronics,2,2403,0,4806.0,3648.96,1157.04,Net Banking
1233,2025-11-20,Haasborough,South,Keyboard,Electronics,1,4215,20,3372.0,1869.29,1502.71,Card
1234,2024-06-25,East Michael,South,Tablet,Electronics,4,414,10,1490.4,1188.03,302.37,Card
1235,2023-11-29,New Tracyside,East,Keyboard,Electronics,1,517,15,439.45,273.42,166.03,Cash
1236,2025-06-14,North Erikshire,North,Mouse,Electronics,4,4025,0,16100.0,10512.64,5587.36,Cash
1237,2025-07-21,Baileychester,South,Monitor,Electronics,3,2398,10,6474.6,4619.47,1855.13,Card
1238,2023-11-28,Jacobburgh,East,Keyboard,Accessories,1,104,0,104.0,72.61,31.39,Net Banking
1239,2025-08-06,Romanside,West,Monitor,Accessories,3,925,15,2358.75,1310.17,1048.58,Cash
1240,2024-05-17,Gonzalezmouth,South,Monitor,Accessories,1,893,0,893.0,629.47,263.53,Cash
1241,2024-01-25,West Garyport,East,Keyboard,Office,5,4432,20,17728.0,10840.28,6887.72,Net Banking
1242,2026-05-31,Port Angelaburgh,North,Laptop,Office,1,971,5,922.45,635.45,287.0,Card
1243,2026-05-24,New Jamesview,East,Mouse,Office,2,3751,0,7502.0,3919.52,3582.48,Net Banking
1244,2024-06-05,Camposview,South,Tablet,Office,2,4470,5,8493.0,4358.13,4134.87,Cash
1245,2025-06-16,Alexishaven,North,Tablet,Electronics,5,2945,10,13252.5,8409.3,4843.2,Net Banking
1246,2025-02-06,Dustinmouth,South,Speaker,Accessories,4,4390,20,14048.0,10357.11,3690.89,Card
1247,2026-07-01,New Laurenchester,South,Tablet,Accessories,3,472,20,1132.8,587.06,545.74,UPI
1248,2024-06-03,South Arthurtown,West,Tablet,Office,2,3686,20,5897.6,3628.47,2269.13,Cash
1249,2025-05-13,Marcusport,South,Speaker,Office,2,1607,0,3214.0,1761.27,1452.73,UPI
1250,2024-12-23,Camachoside,East,Mouse,Electronics,5,3830,20,15320.0,10912.84,4407.16,Cash
1251,2025-02-04,Gregorystad,North,Printer,Electronics,3,4623,0,13869.0,7646.43,6222.57,Cash
1252,2025-08-30,Port Marymouth,East,Laptop,Office,1,1313,10,1181.7,919.57,262.13,Card
1253,2025-08-31,Kingmouth,East,Speaker,Accessories,2,4479,0,8958.0,4482.76,4475.24,Cash
1254,2025-02-27,Dixonburgh,West,Speaker,Accessories,1,4599,10,4139.1,2966.18,1172.92,Cash
1255,2024-12-03,Johnsonmouth,East,Headphones,Accessories,1,185,10,166.5,94.2,72.3,UPI
1256,2025-01-16,Hernandezport,West,Mouse,Office,5,4878,0,24390.0,17482.28,6907.72,Card
1257,2024-03-30,Smithmouth,West,Headphones,Accessories,4,1907,10,6865.2,3986.2,2879.0,Card
1258,2024-03-21,Port Ernestbury,North,Camera,Electronics,4,3119,5,11852.2,9133.9,2718.3,Net Banking
1259,2024-11-27,East Danielview,South,Mouse,Electronics,2,1542,5,2929.8,1965.6,964.2,Cash
1260,2023-08-08,East Tylerberg,South,Phone,Electronics,2,1555,15,2643.5,1866.87,776.63,UPI
1261,2026-01-08,New Jeffrey,West,Phone,Office,4,2109,15,7170.6,5541.0,1629.6,Card
1262,2024-09-04,Port Herbertview,North,Laptop,Office,1,916,15,778.6,478.99,299.61,UPI
1263,2024-05-09,Hermanport,North,Laptop,Electronics,2,2134,0,4268.0,2476.71,1791.29,Cash
1264,2025-04-12,Lake Lisaton,West,Headphones,Accessories,1,1757,5,1669.15,1075.15,594.0,Cash
1265,2023-09-03,Cindyland,East,Printer,Electronics,4,1365,5,5187.0,2680.45,2506.55,UPI
1266,2026-02-22,Port Roger,West,Headphones,Electronics,1,942,20,753.6,443.89,309.71,Card
1267,2024-09-03,Lake Rachelburgh,East,Mouse,Electronics,1,1956,15,1662.6,1023.52,639.08,Net Banking
1268,2025-09-14,North Steven,South,Phone,Accessories,1,4128,5,3921.6,3126.42,795.18,Cash
1269,2024-09-04,Lake Heatherborough,North,Laptop,Office,1,2833,0,2833.0,1722.88,1110.12,Card
1270,2025-07-04,North Johnside,South,Tablet,Electronics,2,3611,20,5777.6,3469.18,2308.42,Cash
1271,2024-02-25,Port Stevenfort,East,Camera,Office,5,2451,10,11029.5,8411.32,2618.18,Cash
1272,2024-06-05,New Jennifer,South,Headphones,Accessories,3,725,0,2175.0,1649.77,525.23,Card
1273,2024-10-20,Marcusbury,North,Speaker,Accessories,4,3759,15,12780.6,9513.81,3266.79,Cash
1274,2023-08-04,Alexisland,South,Tablet,Accessories,2,840,10,1512.0,1207.23,304.77,Cash
1275,2023-10-30,Lake Shannon,West,Speaker,Office,4,3572,15,12144.8,8598.84,3545.96,Cash
1276,2024-09-12,Shawnville,West,Printer,Office,2,2114,15,3593.8,2248.27,1345.53,Net Banking
1277,2024-01-31,Lake Debra,West,Printer,Office,5,4492,5,21337.0,13130.54,8206.46,Card
1278,2026-07-01,West Wendystad,North,Monitor,Office,1,2026,10,1823.4,913.27,910.13,Net Banking
1279,2023-11-07,Robertsborough,East,Headphones,Accessories,2,1002,0,2004.0,1549.91,454.09,Net Banking
1280,2025-03-21,Karahaven,South,Laptop,Office,2,4617,15,7848.9,4495.45,3353.45,Card
1281,2024-03-16,Rebeccaburgh,West,Monitor,Electronics,1,1272,15,1081.2,778.38,302.82,UPI
1282,2025-05-31,North Justinton,South,Laptop,Electronics,5,704,15,2992.0,2247.68,744.32,Cash
1283,2025-09-15,Lake Nicole,West,Headphones,Electronics,2,747,5,1419.3,742.46,676.84,Net Banking
1284,2026-03-18,Amberborough,East,Camera,Office,2,4420,10,7956.0,5100.24,2855.76,UPI
1285,2025-04-24,North Justin,North,Speaker,Electronics,3,1011,5,2881.35,1492.54,1388.81,Card
1286,2024-09-10,Port Danny,West,Printer,Office,1,3347,15,2844.95,2002.76,842.19,Cash
1287,2025-11-14,Maryton,West,Headphones,Accessories,5,4211,10,18949.5,13507.31,5442.19,UPI
1288,2024-04-12,Lopezbury,West,Speaker,Electronics,5,3192,5,15162.0,10961.22,4200.78,Card
1289,2023-09-21,Lake Michael,North,Camera,Accessories,4,1604,20,5132.8,3498.13,1634.67,Cash
1290,2025-03-07,Hutchinsonberg,East,Tablet,Electronics,4,3216,5,12220.8,6310.84,5909.96,Cash
1291,2024-05-31,West Ryanport,East,Laptop,Electronics,1,955,0,955.0,581.41,373.59,Cash
1292,2024-02-17,New Christine,North,Mouse,Electronics,2,4536,0,9072.0,4713.77,4358.23,Card
1293,2025-11-18,North Bill,North,Speaker,Accessories,1,2068,10,1861.2,978.08,883.12,UPI
1294,2026-04-25,Medinaberg,North,Monitor,Accessories,1,2677,0,2677.0,2096.23,580.77,Net Banking
1295,2023-08-06,East Glenborough,East,Headphones,Office,5,1696,10,7632.0,5537.42,2094.58,UPI
1296,2026-06-01,West Jenniferburgh,South,Laptop,Office,3,3436,20,8246.4,4373.07,3873.33,Net Banking
1297,2024-06-18,Karlashire,South,Camera,Electronics,4,4903,0,19612.0,11512.95,8099.05,UPI
1298,2023-09-29,Michaelfort,South,Printer,Office,2,1866,5,3545.4,2590.44,954.96,Cash
1299,2025-03-18,Loganborough,West,Laptop,Office,4,1174,10,4226.4,2481.96,1744.44,Net Banking
1300,2024-05-15,Moorebury,South,Speaker,Office,2,1810,20,2896.0,1975.25,920.75,Net Banking
1301,2026-07-10,Stephenville,East,Printer,Electronics,1,222,5,210.9,153.93,56.97,Net Banking
1302,2024-11-29,West Rubenville,East,Headphones,Electronics,1,3825,10,3442.5,1896.53,1545.97,Cash
1303,2026-06-19,Heathershire,South,Camera,Accessories,5,3076,10,13842.0,7291.53,6550.47,Net Banking
1304,2026-03-30,Beardstad,West,Laptop,Accessories,3,3721,5,10604.85,8292.45,2312.4,Cash
1305,2025-03-05,North Martinshire,South,Camera,Accessories,4,3450,20,11040.0,8557.57,2482.43,Cash
1306,2024-04-10,East Tonyamouth,East,Laptop,Office,3,783,15,1996.65,1301.38,695.27,UPI
1307,2025-12-04,West Thomasfort,North,Mouse,Accessories,2,4694,0,9388.0,5129.31,4258.69,Card
1308,2024-06-11,New Caitlin,West,Phone,Accessories,5,3370,0,16850.0,9552.52,7297.48,Net Banking
1309,2026-03-22,Alvarezfurt,South,Phone,Accessories,4,4483,15,15242.2,8120.06,7122.14,Net Banking
1310,2024-12-04,New Jacqueline,East,Speaker,Accessories,2,3389,10,6100.2,3168.09,2932.11,Card
1311,2024-04-15,South Andreville,South,Camera,Electronics,4,1036,10,3729.6,2373.42,1356.18,Card
1312,2024-01-10,Harrismouth,West,Laptop,Accessories,3,4754,0,14262.0,11357.45,2904.55,Net Banking
1313,2025-07-23,North Terrifurt,North,Tablet,Accessories,4,1848,0,7392.0,4165.01,3226.99,Cash
1314,2025-09-11,Port Kelliemouth,West,Phone,Accessories,2,784,5,1489.6,775.75,713.85,Net Banking
1315,2024-06-26,East Brianbury,East,Headphones,Electronics,4,4398,5,16712.4,11713.61,4998.79,UPI
1316,2025-10-16,Thompsonport,East,Tablet,Accessories,4,2901,10,10443.6,5737.3,4706.3,Net Banking
1317,2024-11-20,Christinefort,West,Laptop,Office,5,1416,15,6018.0,3649.36,2368.64,Card
1318,2025-01-17,Erinport,East,Laptop,Electronics,1,4838,20,3870.4,2103.12,1767.28,Net Banking
1319,2026-05-13,East David,West,Mouse,Office,2,4191,10,7543.8,4029.01,3514.79,UPI
1320,2024-02-02,East Barbara,North,Laptop,Electronics,4,1129,15,3838.6,2655.06,1183.54,Card
1321,2024-12-13,Braunfort,South,Monitor,Electronics,4,4573,5,17377.4,11821.55,5555.85,Card
1322,2025-05-19,Lake Toddview,North,Mouse,Accessories,5,217,10,976.5,726.65,249.85,UPI
1323,2024-10-15,New Philip,East,Printer,Accessories,4,3835,15,13039.0,8124.81,4914.19,Cash
1324,2025-09-30,Morganfort,South,Printer,Office,1,1540,15,1309.0,822.73,486.27,Card
1325,2026-04-12,Jeffreymouth,West,Mouse,Office,5,3670,15,15597.5,9132.47,6465.03,UPI
1326,2024-06-07,South Dennisfurt,West,Phone,Accessories,1,950,0,950.0,660.14,289.86,UPI
1327,2025-04-01,Port Andrea,East,Tablet,Electronics,4,4223,20,13513.6,10023.86,3489.74,Card
1328,2025-10-30,Belindaborough,West,Phone,Accessories,4,4618,15,15701.2,8389.94,7311.26,Net Banking
1329,2025-11-21,Richardville,South,Printer,Accessories,4,3342,0,13368.0,10452.24,2915.76,Cash
1330,2024-02-22,Adammouth,North,Tablet,Electronics,3,2618,15,6675.9,4686.42,1989.48,UPI
1331,2024-03-15,West Stephanieport,East,Monitor,Electronics,1,1356,10,1220.4,918.02,302.38,Net Banking
1332,2025-06-17,West Beckymouth,West,Laptop,Office,2,4652,15,7908.4,4411.29,3497.11,Net Banking
1333,2024-09-07,Christinachester,East,Printer,Electronics,2,3298,5,6266.2,3890.91,2375.29,Net Banking
1334,2023-09-09,Lake Eric,West,Mouse,Office,2,915,5,1738.5,1132.25,606.25,Card
1335,2026-06-16,Travisville,West,Laptop,Office,3,1769,0,5307.0,2801.99,2505.01,Card
1336,2026-07-09,South Justin,North,Headphones,Accessories,1,4553,0,4553.0,3057.51,1495.49,Cash
1337,2025-09-26,Floresbury,South,Tablet,Accessories,2,2063,5,3919.7,2309.0,1610.7,UPI
1338,2025-05-03,Joshuafort,North,Phone,Accessories,3,779,5,2220.15,1527.98,692.17,UPI
1339,2024-01-25,West Ashley,South,Phone,Electronics,1,1261,10,1134.9,656.65,478.25,Net Banking
1340,2025-11-24,North Robertshire,North,Tablet,Electronics,3,1803,15,4597.65,2437.68,2159.97,Net Banking
1341,2025-08-14,Sandovalshire,East,Camera,Electronics,1,1822,15,1548.7,948.7,600.0,Card
1342,2025-01-05,West Jeffreyhaven,North,Phone,Accessories,3,183,5,521.55,363.99,157.56,Cash
1343,2024-11-25,Port Nathan,East,Phone,Electronics,4,4576,0,18304.0,10021.74,8282.26,UPI
1344,2023-09-07,Johnchester,South,Keyboard,Accessories,5,288,20,1152.0,752.86,399.14,UPI
1345,2025-05-10,South Gregory,North,Headphones,Accessories,2,341,10,613.8,332.42,281.38,Cash
1346,2026-04-05,East Glennton,East,Camera,Office,4,1732,0,6928.0,4188.43,2739.57,Net Banking
1347,2026-04-24,Port Johnfurt,East,Headphones,Electronics,4,4299,15,14616.6,11352.78,3263.82,Cash
1348,2025-02-02,Mathisstad,East,Headphones,Electronics,4,942,20,3014.4,2224.46,789.94,Net Banking
1349,2023-09-21,New Tammyburgh,East,Monitor,Office,4,3754,15,12763.6,8665.19,4098.41,UPI
1350,2025-01-18,Fowlerhaven,East,Monitor,Office,5,3237,15,13757.25,7702.91,6054.34,UPI
1351,2024-01-08,New Carolynfort,East,Speaker,Accessories,4,1470,0,5880.0,4630.08,1249.92,Cash
1352,2024-11-01,West Jacob,North,Headphones,Accessories,5,4445,10,20002.5,12391.39,7611.11,Net Banking
1353,2024-10-21,Knappland,East,Monitor,Electronics,2,3030,5,5757.0,3003.96,2753.04,Cash
1354,2025-12-08,Brittanybury,East,Keyboard,Accessories,1,178,10,160.2,113.18,47.02,Cash
1355,2023-12-06,New Wanda,South,Printer,Electronics,2,4700,0,9400.0,5787.37,3612.63,UPI
1356,2024-01-01,Stephensfort,North,Speaker,Office,5,2377,20,9508.0,7453.14,2054.86,Net Banking
1357,2024-10-10,Vincentville,North,Camera,Accessories,4,2703,10,9730.8,5443.85,4286.95,UPI
1358,2024-07-19,Brettstad,South,Speaker,Accessories,3,3550,0,10650.0,5721.48,4928.52,Net Banking
1359,2025-07-23,Andrewborough,North,Camera,Accessories,2,4821,0,9642.0,5645.5,3996.5,Card
1360,2023-09-01,Ryantown,North,Monitor,Office,4,403,20,1289.6,999.97,289.63,UPI
1361,2024-12-19,Barrborough,West,Mouse,Accessories,1,3949,0,3949.0,2957.62,991.38,Cash
1362,2024-12-14,West Lisa,East,Camera,Office,3,3379,0,10137.0,6760.72,3376.28,UPI
1363,2025-03-20,South Nicole,North,Monitor,Office,4,2544,15,8649.6,5604.95,3044.65,UPI
1364,2023-08-31,Obrienland,South,Phone,Accessories,1,1935,0,1935.0,1446.68,488.32,Net Banking
1365,2025-04-27,West Stephanie,East,Printer,Electronics,2,1494,0,2988.0,1665.36,1322.64,UPI
1366,2024-06-15,New Carolinemouth,East,Phone,Accessories,3,452,0,1356.0,697.53,658.47,Cash
1367,2026-01-09,South Taraview,South,Speaker,Accessories,5,3209,10,14440.5,10246.97,4193.53,UPI
1368,2025-03-21,Brownbury,West,Camera,Office,2,2715,5,5158.5,3744.61,1413.89,UPI
1369,2025-11-24,Meltonfurt,West,Mouse,Accessories,5,4422,5,21004.5,14143.7,6860.8,Net Banking
1370,2026-04-13,South Adam,North,Monitor,Office,2,852,10,1533.6,1119.31,414.29,Card
1371,2026-03-17,Paulbury,North,Keyboard,Electronics,2,739,0,1478.0,1169.88,308.12,Card
1372,2026-05-26,Port Paulbury,East,Keyboard,Office,4,3254,5,12365.2,7991.55,4373.65,Cash
1373,2025-07-16,Fisherview,North,Headphones,Electronics,3,3819,5,10884.15,8210.37,2673.78,Cash
1374,2024-01-29,West Theresa,West,Keyboard,Electronics,4,3806,20,12179.2,7965.67,4213.53,Cash
1375,2024-08-17,East Timothy,North,Headphones,Accessories,4,1445,10,5202.0,4085.9,1116.1,UPI
1376,2025-08-21,South Daniel,South,Mouse,Electronics,1,2070,0,2070.0,1590.23,479.77,Net Banking
1377,2024-07-29,Lake Jeffrey,North,Monitor,Accessories,5,3808,10,17136.0,9933.29,7202.71,Card
1378,2025-03-08,Lake Holly,East,Laptop,Accessories,2,3351,20,5361.6,3373.81,1987.79,Cash
1379,2024-12-07,Brownhaven,West,Keyboard,Accessories,3,901,0,2703.0,1877.47,825.53,Card
1380,2023-11-20,Annatown,West,Printer,Accessories,4,1547,20,4950.4,2884.98,2065.42,UPI
1381,2024-08-11,North Ashley,North,Laptop,Office,1,2139,0,2139.0,1210.4,928.6,Cash
1382,2024-09-07,North Brianna,South,Speaker,Office,2,639,20,1022.4,542.19,480.21,Net Banking
1383,2023-09-18,Jerryland,East,Camera,Electronics,4,3318,0,13272.0,7511.51,5760.49,Card
1384,2025-10-23,Amyshire,East,Laptop,Electronics,2,2947,10,5304.6,3775.58,1529.02,Card
1385,2025-06-18,Fitzpatrickborough,South,Headphones,Accessories,5,4005,10,18022.5,13620.85,4401.65,UPI
1386,2024-11-15,North Gregorytown,South,Laptop,Office,2,1634,10,2941.2,2264.61,676.59,Net Banking
1387,2026-01-16,Meghanton,East,Phone,Electronics,4,2836,0,11344.0,6276.12,5067.88,UPI
1388,2026-02-01,Gordontown,West,Keyboard,Accessories,5,2984,15,12682.0,8559.69,4122.31,UPI
1389,2023-09-01,East Chrisshire,East,Keyboard,Office,1,242,20,193.6,136.3,57.3,Card
1390,2024-06-22,Jordanmouth,East,Camera,Accessories,2,869,0,1738.0,1027.82,710.18,Cash
1391,2023-09-10,Port Benjamin,West,Laptop,Accessories,5,2208,15,9384.0,5405.76,3978.24,Cash
1392,2026-01-18,Lake Tommyhaven,East,Printer,Office,3,4342,20,10420.8,6724.61,3696.19,UPI
1393,2024-10-15,West Lisa,South,Monitor,Accessories,2,3461,5,6575.9,4588.73,1987.17,UPI
1394,2025-05-31,Michaelfurt,North,Keyboard,Accessories,2,4831,15,8212.7,4991.89,3220.81,UPI
1395,2025-05-28,Ryanland,South,Mouse,Office,3,4563,15,11635.65,9264.3,2371.35,Cash
1396,2026-05-02,Amandaburgh,East,Mouse,Electronics,3,3303,20,7927.2,4955.99,2971.21,UPI
1397,2026-02-02,Lake Matthew,North,Tablet,Accessories,5,4360,10,19620.0,14719.93,4900.07,Cash
1398,2025-01-06,Mccoyport,South,Camera,Office,3,1002,0,3006.0,1952.93,1053.07,Card
1399,2023-10-29,Lake Jamesmouth,South,Mouse,Accessories,5,2473,20,9892.0,6602.34,3289.66,Cash
1400,2024-06-14,New Kathrynborough,South,Mouse,Office,1,2514,0,2514.0,1599.3,914.7,UPI
1401,2024-04-13,Madisonburgh,East,Laptop,Electronics,1,4100,10,3690.0,1850.63,1839.37,Cash
1402,2023-08-02,West Ryanbury,South,Phone,Office,2,2968,10,5342.4,3929.76,1412.64,Cash
1403,2025-07-29,Baldwinfort,North,Mouse,Electronics,2,1711,15,2908.7,1965.02,943.68,UPI
1404,2023-12-12,Lake James,West,Tablet,Accessories,4,3005,5,11419.0,8490.17,2928.83,UPI
1405,2024-07-24,Garciastad,West,Monitor,Office,3,2574,20,6177.6,3664.68,2512.92,Card
1406,2024-10-23,Lake Brenda,South,Mouse,Accessories,2,2148,5,4081.2,2550.32,1530.88,UPI
1407,2023-12-03,Chelseaview,West,Tablet,Electronics,3,4742,15,12092.1,8026.12,4065.98,Card
1408,2024-03-04,Lake Brooke,East,Camera,Accessories,5,3720,10,16740.0,10900.16,5839.84,Net Banking
1409,2024-07-24,Suttonburgh,North,Tablet,Electronics,4,3544,15,12049.6,7692.29,4357.31,Card
1410,2026-05-06,South Kimberly,East,Headphones,Office,5,2577,5,12240.75,8251.45,3989.3,Cash
1411,2025-12-01,North Krystalberg,North,Camera,Office,1,3316,5,3150.2,1955.9,1194.3,Net Banking
1412,2023-08-23,Ortiztown,North,Monitor,Office,1,793,0,793.0,460.77,332.23,UPI
1413,2024-05-17,Port Martin,North,Phone,Office,3,4732,15,12066.6,8533.23,3533.37,UPI
1414,2025-10-30,West Sandymouth,West,Headphones,Electronics,2,4329,5,8225.1,5499.42,2725.68,Card
1415,2024-10-29,New Miranda,South,Phone,Electronics,3,2646,0,7938.0,5887.5,2050.5,UPI
1416,2024-04-19,Lutztown,South,Phone,Accessories,2,1091,20,1745.6,923.53,822.07,UPI
1417,2025-02-16,South Reneeberg,North,Mouse,Accessories,5,3735,15,15873.75,8201.9,7671.85,Net Banking
1418,2026-06-27,Jonathanton,West,Speaker,Electronics,2,2024,20,3238.4,1872.06,1366.34,Net Banking
1419,2025-09-23,Clarkport,South,Headphones,Office,2,277,5,526.3,285.52,240.78,Card
1420,2024-05-08,Port Davidville,North,Speaker,Accessories,4,4035,10,14526.0,8524.36,6001.64,Cash
1421,2026-06-15,Timothystad,North,Camera,Accessories,3,3304,15,8425.2,5975.96,2449.24,Net Banking
1422,2023-10-06,Jamieburgh,West,Laptop,Office,2,329,10,592.2,377.31,214.89,Cash
1423,2025-02-25,Amandaburgh,East,Headphones,Accessories,1,3741,0,3741.0,2889.67,851.33,Net Banking
1424,2024-02-05,Francomouth,South,Monitor,Office,3,174,5,495.9,301.17,194.73,Net Banking
1425,2025-07-15,North Jaimeport,East,Speaker,Accessories,5,614,5,2916.5,2032.15,884.35,Net Banking
1426,2025-12-12,Dalemouth,North,Camera,Accessories,2,2380,10,4284.0,3328.85,955.15,Net Banking
1427,2025-05-03,East Andrea,East,Headphones,Office,5,1577,20,6308.0,4494.77,1813.23,Cash
1428,2025-06-20,North Brittanymouth,West,Phone,Electronics,5,4857,10,21856.5,14760.74,7095.76,UPI
1429,2025-03-29,East Jennifer,West,Camera,Accessories,2,1998,0,3996.0,2795.51,1200.49,Card
1430,2025-05-29,New Randyside,West,Tablet,Electronics,2,963,5,1829.7,1314.55,515.15,UPI
1431,2025-02-20,New Timothy,North,Camera,Accessories,5,2151,0,10755.0,5498.23,5256.77,UPI
1432,2024-03-14,Tamaraland,West,Headphones,Office,2,2730,0,5460.0,3874.51,1585.49,Card
1433,2025-03-15,Douglasstad,East,Keyboard,Electronics,2,2168,15,3685.6,2326.55,1359.05,Card
1434,2024-02-18,North Katherinemouth,North,Phone,Electronics,4,4429,5,16830.2,8849.41,7980.79,UPI
1435,2024-04-07,Port Jonathanview,North,Monitor,Electronics,2,142,10,255.6,187.18,68.42,Net Banking
1436,2026-06-22,West Timothy,East,Monitor,Office,2,1799,20,2878.4,2153.83,724.57,Card
1437,2024-06-21,Clarkburgh,North,Speaker,Electronics,1,3695,15,3140.75,2159.71,981.04,Card
1438,2024-03-09,Katrinamouth,South,Laptop,Office,5,2543,0,12715.0,6807.33,5907.67,Cash
1439,2025-11-01,Port Lynn,East,Tablet,Office,1,1935,10,1741.5,1352.59,388.91,Cash
1440,2023-11-11,North Lance,South,Printer,Office,1,1393,10,1253.7,654.97,598.73,Cash
1441,2024-11-10,Branditon,North,Speaker,Accessories,4,564,20,1804.8,1280.06,524.74,Cash
1442,2025-07-19,Wendyshire,South,Monitor,Electronics,1,364,10,327.6,205.22,122.38,Card
1443,2026-04-21,Jonesmouth,North,Keyboard,Accessories,2,4581,10,8245.8,6409.07,1836.73,UPI
1444,2025-11-06,Port Ryan,West,Speaker,Office,5,389,10,1750.5,1390.45,360.05,UPI
1445,2025-03-11,Davidland,North,Phone,Electronics,5,4022,5,19104.5,11102.63,8001.87,Net Banking
1446,2023-10-29,South Jesseburgh,East,Keyboard,Electronics,5,1945,10,8752.5,5509.3,3243.2,UPI
1447,2026-05-07,North Kimberlyhaven,West,Laptop,Office,1,1707,20,1365.6,931.94,433.66,Net Banking
1448,2025-09-13,Jenniferton,West,Tablet,Office,1,3271,15,2780.35,1970.25,810.1,Card
1449,2024-08-10,North Matthew,East,Monitor,Electronics,1,3687,0,3687.0,2835.83,851.17,Cash
1450,2024-02-22,Byrdside,North,Keyboard,Accessories,4,574,5,2181.2,1242.43,938.77,UPI
1451,2024-01-02,Oscarberg,South,Camera,Electronics,1,2147,0,2147.0,1122.85,1024.15,Cash
1452,2024-11-30,Port Jenniferfurt,South,Mouse,Electronics,1,2673,10,2405.7,1637.62,768.08,Net Banking
1453,2026-07-31,Cartermouth,South,Camera,Office,4,1102,0,4408.0,2305.0,2103.0,Cash
1454,2024-01-16,South Suzanneborough,East,Keyboard,Office,2,3733,10,6719.4,5257.45,1461.95,Cash
1455,2024-07-11,Alexisfurt,East,Tablet,Office,3,4535,20,10884.0,5782.82,5101.18,Net Banking
1456,2025-05-10,South Thomasshire,South,Mouse,Office,3,742,5,2114.7,1635.96,478.74,Card
1457,2025-03-07,Samuelchester,South,Camera,Office,1,3150,5,2992.5,1528.45,1464.05,Net Banking
1458,2024-04-03,Steinmouth,East,Mouse,Office,1,274,15,232.9,174.88,58.02,Net Banking
1459,2024-05-25,Cooperland,West,Camera,Electronics,3,792,0,2376.0,1386.94,989.06,Net Banking
1460,2025-08-15,Carterview,West,Headphones,Office,4,3737,0,14948.0,8480.52,6467.48,Net Banking
1461,2024-02-17,Vazquezbury,East,Laptop,Office,5,528,10,2376.0,1210.31,1165.69,Cash
1462,2025-04-24,Carterland,East,Speaker,Accessories,3,4941,5,14081.85,10239.98,3841.87,Net Banking
1463,2025-02-07,Jamesstad,East,Printer,Accessories,1,994,20,795.2,490.19,305.01,Net Banking
1464,2024-12-06,Smithton,West,Camera,Office,5,4755,20,19020.0,10994.13,8025.87,Card
1465,2025-02-14,Grossland,East,Phone,Electronics,2,224,10,403.2,298.32,104.88,Cash
1466,2026-01-07,Hamiltonberg,East,Monitor,Accessories,3,4778,15,12183.9,6233.06,5950.84,Cash
1467,2025-11-02,Kellershire,East,Mouse,Electronics,5,201,0,1005.0,595.03,409.97,Net Banking
1468,2025-08-01,Phillipborough,North,Monitor,Accessories,4,241,15,819.4,411.88,407.52,Card
1469,2024-06-11,South Stephentown,East,Speaker,Office,4,579,20,1852.8,1448.24,404.56,Cash
1470,2025-12-31,Henryport,East,Mouse,Accessories,1,3708,5,3522.6,2033.96,1488.64,Card
1471,2023-11-20,Wallerton,North,Keyboard,Electronics,2,1529,5,2905.1,2211.86,693.24,UPI
1472,2024-11-01,Lake Kimberlyview,North,Printer,Office,2,4251,15,7226.7,4870.56,2356.14,Card
1473,2023-12-02,Roberttown,East,Printer,Office,1,2222,10,1999.8,1009.57,990.23,UPI
1474,2026-03-28,Port Eric,West,Phone,Office,5,2022,10,9099.0,4847.48,4251.52,UPI
1475,2024-10-22,Davisstad,West,Phone,Office,2,1771,10,3187.8,2139.36,1048.44,Net Banking
1476,2026-06-18,Fordview,East,Monitor,Accessories,3,1272,0,3816.0,2281.82,1534.18,Cash
1477,2025-11-11,Marktown,East,Laptop,Accessories,4,2508,20,8025.6,4087.82,3937.78,Card
1478,2023-12-27,Aliciaborough,East,Printer,Office,5,309,0,1545.0,1054.79,490.21,Cash
1479,2026-07-08,Bakerborough,South,Tablet,Office,2,3203,20,5124.8,2612.52,2512.28,UPI
1480,2025-08-04,Leport,West,Printer,Office,1,1939,20,1551.2,1009.91,541.29,UPI
1481,2025-09-20,New Sarah,West,Monitor,Accessories,5,521,20,2084.0,1337.3,746.7,Card
1482,2025-06-13,Jamesview,East,Keyboard,Accessories,5,2500,5,11875.0,7108.44,4766.56,Cash
1483,2024-01-01,New Nicholefort,West,Monitor,Electronics,1,2074,15,1762.9,1269.01,493.89,Cash
1484,2026-04-20,East Vanessa,West,Speaker,Electronics,5,4242,0,21210.0,16424.83,4785.17,Net Banking
1485,2024-05-05,Thompsonview,South,Printer,Electronics,4,1982,20,6342.4,4746.31,1596.09,Net Banking
1486,2024-10-04,Lake Troy,East,Monitor,Accessories,5,1231,20,4924.0,2846.48,2077.52,UPI
1487,2024-05-07,Mirandafurt,South,Speaker,Accessories,1,3446,15,2929.1,1908.33,1020.77,Card
1488,2024-04-04,West Thomasshire,West,Mouse,Office,2,3819,0,7638.0,4201.14,3436.86,Net Banking
1489,2024-02-09,Ortegaside,North,Headphones,Electronics,1,1135,0,1135.0,851.43,283.57,Card
1490,2025-04-03,South Katherinehaven,East,Headphones,Accessories,5,4436,15,18853.0,14540.91,4312.09,Card
1491,2024-04-26,Marshallton,East,Speaker,Office,3,1075,10,2902.5,2232.68,669.82,UPI
1492,2024-11-21,West Sarahborough,West,Camera,Office,1,704,10,633.6,497.36,136.24,Net Banking
1493,2025-08-31,Watsontown,North,Headphones,Electronics,3,4008,5,11422.8,8224.79,3198.01,Cash
1494,2024-07-15,Sanchezhaven,East,Phone,Electronics,4,3207,10,11545.2,7291.67,4253.53,Cash
1495,2024-04-02,Davidstad,West,Mouse,Accessories,4,2894,0,11576.0,7747.12,3828.88,Net Banking
1496,2024-03-10,West Ian,South,Tablet,Office,3,1561,5,4448.85,2280.39,2168.46,Cash
1497,2024-01-11,West Paulhaven,South,Phone,Accessories,5,2675,0,13375.0,8081.22,5293.78,Cash
1498,2025-03-14,South Roger,East,Mouse,Office,4,3695,5,14041.0,10749.86,3291.14,UPI
1499,2025-05-22,East Alexander,South,Laptop,Office,2,2382,5,4525.8,2393.21,2132.59,UPI
1500,2025-11-26,Amandamouth,North,Monitor,Electronics,5,4506,5,21403.5,10744.55,10658.95,Cash
1501,2024-10-06,Perezbury,West,Mouse,Electronics,5,3593,15,15270.25,10021.38,5248.87,UPI
1502,2024-10-04,Port Rachelmouth,South,Mouse,Office,4,3641,15,12379.4,7166.64,5212.76,UPI
1503,2023-12-13,Vincentborough,East,Headphones,Office,3,747,5,2128.95,1529.03,599.92,Cash
1504,2024-12-23,North William,North,Monitor,Electronics,3,3814,20,9153.6,6422.39,2731.21,Net Banking
1505,2025-05-03,North James,North,Laptop,Electronics,1,4370,10,3933.0,2191.15,1741.85,Card
1506,2024-09-16,West Robertview,East,Camera,Electronics,5,3181,5,15109.75,10607.11,4502.64,Net Banking
1507,2024-09-29,Alanfurt,North,Printer,Office,2,4169,10,7504.2,4048.8,3455.4,Card
1508,2025-08-01,North Kristen,South,Headphones,Electronics,1,3657,0,3657.0,2366.84,1290.16,Net Banking
1509,2023-08-18,Victoriaberg,East,Camera,Office,3,3215,20,7716.0,4401.32,3314.68,Card
1510,2024-03-10,West Crystal,West,Tablet,Office,3,1999,10,5397.3,3780.23,1617.07,Cash
1511,2026-04-05,Lake Christopherville,North,Mouse,Accessories,5,4040,10,18180.0,9616.49,8563.51,Net Banking
1512,2025-05-28,Ambermouth,West,Monitor,Office,3,2126,15,5421.3,2899.02,2522.28,UPI
1513,2025-03-15,Masonside,West,Camera,Office,3,3361,5,9578.85,7012.72,2566.13,Net Banking
1514,2026-05-01,Brandonton,South,Tablet,Electronics,2,337,10,606.6,352.06,254.54,Cash
1515,2023-09-13,Bradhaven,West,Tablet,Accessories,3,2701,15,6887.55,4252.47,2635.08,Cash
1516,2026-02-21,West Jesse,East,Laptop,Accessories,1,2298,15,1953.3,1403.36,549.94,Net Banking
1517,2025-09-09,Jamesshire,South,Phone,Office,4,1912,20,6118.4,4666.42,1451.98,Cash
1518,2024-02-05,Sanchezmouth,North,Tablet,Electronics,2,4521,0,9042.0,7098.73,1943.27,Cash
1519,2025-12-10,Ryanland,South,Monitor,Office,3,4629,0,13887.0,9672.01,4214.99,Card
1520,2024-03-15,Alexaburgh,South,Mouse,Electronics,2,4488,15,7629.6,5782.6,1847.0,Cash
1521,2024-11-14,Lake Amandafort,South,Laptop,Electronics,3,3486,5,9935.1,6615.64,3319.46,UPI
1522,2026-06-27,New Robinmouth,West,Laptop,Electronics,5,939,20,3756.0,2326.4,1429.6,Cash
1523,2026-06-24,New Ronaldland,South,Laptop,Accessories,3,298,5,849.3,585.56,263.74,UPI
1524,2026-03-09,Lake Sarahport,East,Phone,Electronics,4,3382,5,12851.6,9580.72,3270.88,UPI
1525,2025-05-21,Lake Stephaniestad,South,Phone,Office,5,3502,0,17510.0,8832.44,8677.56,Net Banking
1526,2025-08-10,Watsonside,North,Mouse,Accessories,2,2657,10,4782.6,3001.3,1781.3,Net Banking
1527,2024-01-09,East Sarahshire,West,Tablet,Accessories,2,916,10,1648.8,1303.84,344.96,Net Banking
1528,2024-10-04,West Davidmouth,West,Mouse,Office,1,1920,15,1632.0,1090.66,541.34,Card
1529,2023-10-19,Lisaberg,East,Printer,Office,4,241,15,819.4,588.55,230.85,UPI
1530,2026-07-09,Ralphport,West,Keyboard,Accessories,4,1935,20,6192.0,4907.51,1284.49,Cash
1531,2023-09-15,Lake Robinland,East,Headphones,Office,4,4713,0,18852.0,13061.52,5790.48,UPI
1532,2023-11-20,South Suzanneville,West,Speaker,Electronics,1,4694,5,4459.3,2507.48,1951.82,UPI
1533,2023-08-25,Campbelltown,South,Laptop,Accessories,2,3402,20,5443.2,4090.14,1353.06,Cash
1534,2025-10-24,Williamsborough,North,Monitor,Office,4,2651,10,9543.6,7160.53,2383.07,Net Banking
1535,2025-04-10,North Thomas,West,Printer,Accessories,1,2296,5,2181.2,1584.67,596.53,Cash
1536,2024-10-31,North Deborahberg,North,Phone,Accessories,2,2736,15,4651.2,3314.73,1336.47,UPI
1537,2025-05-31,Heatherview,North,Headphones,Electronics,4,1142,0,4568.0,2506.13,2061.87,Net Banking
1538,2025-09-17,Smithberg,West,Headphones,Office,1,419,15,356.15,230.98,125.17,Net Banking
1539,2023-11-11,Robertmouth,East,Mouse,Office,4,175,10,630.0,337.22,292.78,Cash
1540,2025-03-09,New Alyssa,South,Mouse,Office,5,3144,20,12576.0,8741.15,3834.85,Card
1541,2025-05-29,East Tylerstad,West,Camera,Electronics,5,3141,20,12564.0,8560.55,4003.45,Cash
1542,2025-10-08,Harrisport,West,Laptop,Accessories,2,1445,20,2312.0,1651.98,660.02,Net Banking
1543,2024-11-29,Mayhaven,North,Mouse,Office,2,1331,15,2262.7,1176.86,1085.84,Card
1544,2024-06-26,Farmerfort,North,Laptop,Office,2,868,20,1388.8,885.47,503.33,Net Banking
1545,2026-04-27,East Tylertown,South,Monitor,Office,5,1381,0,6905.0,4178.46,2726.54,UPI
1546,2026-02-19,West David,West,Speaker,Office,2,2349,10,4228.2,3155.19,1073.01,Cash
1547,2026-01-10,Cherylville,South,Phone,Office,3,3403,10,9188.1,6140.72,3047.38,Card
1548,2024-04-26,Robertsbury,North,Headphones,Office,1,1873,10,1685.7,933.03,752.67,Net Banking
1549,2024-10-15,Garciaborough,West,Keyboard,Electronics,3,4815,20,11556.0,7874.63,3681.37,UPI
1550,2024-10-02,East Terryberg,South,Headphones,Electronics,2,1873,0,3746.0,2917.63,828.37,Net Banking
1551,2026-06-12,Holmesfurt,North,Headphones,Office,1,2748,0,2748.0,2112.62,635.38,Net Banking
1552,2024-08-13,East Patricia,North,Keyboard,Office,4,3964,10,14270.4,8430.49,5839.91,Net Banking
1553,2025-07-25,Alishahaven,East,Printer,Electronics,4,3258,15,11077.2,6718.29,4358.91,Card
1554,2023-10-08,Port Lindsayhaven,West,Camera,Office,2,2375,5,4512.5,3393.23,1119.27,Cash
1555,2024-08-05,East Daniel,South,Laptop,Accessories,1,4670,15,3969.5,2761.29,1208.21,Net Banking
1556,2024-12-23,West Angel,South,Tablet,Accessories,3,3574,5,10185.9,6978.28,3207.62,Card
1557,2024-07-16,New Chadshire,South,Laptop,Office,1,1704,15,1448.4,881.06,567.34,Cash
1558,2024-11-19,New Lynnton,North,Speaker,Accessories,3,870,10,2349.0,1819.87,529.13,UPI
1559,2024-10-21,New Donald,East,Mouse,Office,3,4021,15,10253.55,5261.87,4991.68,UPI
1560,2025-05-08,North Jenniferborough,West,Camera,Electronics,5,349,15,1483.25,1185.37,297.88,Net Banking
1561,2026-04-27,Boothberg,South,Headphones,Electronics,5,951,0,4755.0,2904.64,1850.36,UPI
1562,2024-09-22,Saraburgh,North,Monitor,Electronics,4,1078,0,4312.0,2729.55,1582.45,Cash
1563,2025-10-12,Danfurt,East,Headphones,Office,2,236,10,424.8,319.1,105.7,Cash
1564,2025-10-21,New Stephanieville,North,Phone,Electronics,5,216,15,918.0,573.67,344.33,Card
1565,2024-05-14,Bullockchester,East,Speaker,Electronics,3,787,5,2242.95,1419.83,823.12,Net Banking
1566,2024-06-06,Port Jenniferfort,East,Phone,Accessories,2,126,10,226.8,132.03,94.77,Net Banking
1567,2025-11-26,Taylorfort,North,Phone,Electronics,5,805,20,3220.0,2508.64,711.36,Card
1568,2024-02-02,Laurieton,North,Headphones,Electronics,1,1620,10,1458.0,987.57,470.43,Card
1569,2025-12-14,Port Christopher,South,Mouse,Office,3,3871,0,11613.0,8862.57,2750.43,Card
1570,2025-04-06,Lydiaview,East,Headphones,Accessories,2,2643,0,5286.0,3244.51,2041.49,Card
1571,2025-03-12,Coxburgh,South,Mouse,Electronics,5,2684,15,11407.0,6476.76,4930.24,Card
1572,2025-01-27,Port Christopherland,West,Monitor,Office,3,2224,15,5671.2,3285.69,2385.51,Cash
1573,2025-08-27,New David,South,Laptop,Office,3,4384,15,11179.2,8371.54,2807.66,Net Banking
1574,2026-03-23,West David,West,Monitor,Office,2,4506,20,7209.6,4060.44,3149.16,Cash
1575,2025-12-25,Phelpston,East,Phone,Office,2,2903,20,4644.8,3091.04,1553.76,Card
1576,2023-12-09,Lunabury,North,Printer,Office,3,1887,15,4811.85,2782.47,2029.38,Card
1577,2023-11-25,South Aprilside,East,Speaker,Accessories,4,1245,15,4233.0,2861.7,1371.3,UPI
1578,2025-07-08,Josephfort,North,Headphones,Accessories,3,956,10,2581.2,1963.77,617.43,Net Banking
1579,2025-03-08,East Larry,East,Mouse,Electronics,3,2858,0,8574.0,4768.29,3805.71,Net Banking
1580,2024-12-04,Samuelbury,West,Speaker,Office,5,1625,0,8125.0,5132.58,2992.42,Net Banking
1581,2025-06-12,Pamelaland,East,Speaker,Accessories,4,3979,5,15120.2,8705.79,6414.41,Net Banking
1582,2025-10-20,Amyshire,South,Printer,Electronics,4,2559,0,10236.0,8099.03,2136.97,Net Banking
1583,2024-07-25,West Joshua,North,Headphones,Office,4,2306,20,7379.2,4576.76,2802.44,Card
1584,2024-10-23,Armstrongberg,South,Headphones,Office,3,4989,20,11973.6,6699.69,5273.91,Cash
1585,2024-11-14,Lake Justin,South,Monitor,Accessories,1,840,10,756.0,557.82,198.18,Net Banking
1586,2023-08-08,West Eileen,South,Headphones,Accessories,2,3873,0,7746.0,5403.47,2342.53,Cash
1587,2024-05-27,Lake Kaitlin,West,Phone,Office,1,1612,5,1531.4,1159.77,371.63,Card
1588,2025-03-17,East Rickyview,South,Monitor,Electronics,2,4649,10,8368.2,4196.51,4171.69,Net Banking
1589,2024-01-03,Maldonadobury,West,Camera,Office,5,3328,5,15808.0,12233.02,3574.98,Card
1590,2025-09-13,Port Jessica,South,Tablet,Accessories,1,3275,5,3111.25,1852.77,1258.48,Cash
1591,2024-10-24,Port Kenneth,East,Camera,Office,4,4990,15,16966.0,11201.54,5764.46,UPI
1592,2026-04-06,Angelastad,East,Printer,Electronics,2,1559,5,2962.1,1809.07,1153.03,Net Banking
1593,2026-07-24,East Anthony,North,Keyboard,Accessories,1,1984,5,1884.8,1225.09,659.71,Net Banking
1594,2026-06-09,Ronaldberg,West,Headphones,Accessories,1,2881,15,2448.85,1704.92,743.93,Cash
1595,2025-04-13,Lake Jesse,West,Headphones,Electronics,4,4037,0,16148.0,9338.48,6809.52,Net Banking
1596,2024-04-30,West Natalie,East,Phone,Office,5,971,15,4126.75,3061.51,1065.24,Net Banking
1597,2025-10-22,Cooleyhaven,West,Camera,Electronics,1,1417,10,1275.3,686.9,588.4,Net Banking
1598,2026-07-06,South Mark,East,Phone,Office,4,3560,0,14240.0,8414.22,5825.78,Net Banking
1599,2025-03-11,Fernandezton,East,Phone,Electronics,5,3154,15,13404.5,9565.55,3838.95,Net Banking
1600,2024-05-19,Penningtonshire,East,Speaker,Accessories,5,3241,0,16205.0,8833.61,7371.39,Card
1601,2026-06-20,South Lisaville,East,Laptop,Electronics,5,3827,15,16264.75,8369.24,7895.51,Net Banking
1602,2024-11-03,West Ryan,East,Mouse,Accessories,4,3107,0,12428.0,9529.17,2898.83,Cash
1603,2026-05-03,Jasonbury,East,Monitor,Accessories,3,292,20,700.8,406.58,294.22,UPI
1604,2025-07-04,North Charles,North,Monitor,Office,4,2759,10,9932.4,6861.25,3071.15,UPI
1605,2024-04-06,Welchmouth,North,Headphones,Office,5,3345,5,15888.75,8779.65,7109.1,Card
1606,2026-04-06,South Deborah,West,Speaker,Electronics,4,3631,10,13071.6,7890.23,5181.37,Net Banking
1607,2024-11-15,Nicoleburgh,South,Speaker,Office,1,726,10,653.4,399.78,253.62,UPI
1608,2025-03-13,West Michael,East,Tablet,Accessories,4,4299,0,17196.0,10340.5,6855.5,UPI
1609,2025-07-13,South Jerry,West,Phone,Electronics,2,2204,0,4408.0,3310.65,1097.35,Cash
1610,2023-11-30,West Philip,South,Laptop,Accessories,3,4311,20,10346.4,7824.7,2521.7,Net Banking
1611,2026-07-08,Whiteland,South,Mouse,Office,2,3679,10,6622.2,4794.88,1827.32,UPI
1612,2026-04-30,Castroborough,East,Laptop,Accessories,5,3365,5,15983.75,11243.97,4739.78,Card
1613,2026-02-01,West Nicholasview,West,Speaker,Office,1,3494,5,3319.3,1933.26,1386.04,Cash
1614,2025-04-14,Oliviaport,East,Keyboard,Electronics,1,1913,5,1817.35,918.53,898.82,Cash
1615,2025-01-08,Port Christopher,East,Printer,Accessories,5,3873,20,15492.0,9701.55,5790.45,Net Banking
1616,2024-08-02,South Kathleen,East,Camera,Electronics,5,202,10,909.0,547.38,361.62,Net Banking
1617,2024-01-05,East Williambury,West,Mouse,Accessories,4,1825,20,5840.0,4142.41,1697.59,UPI
1618,2026-03-05,Jeffreyville,East,Phone,Electronics,5,743,15,3157.75,2110.63,1047.12,Cash
1619,2024-03-24,Alfredstad,West,Laptop,Electronics,3,2490,10,6723.0,4272.13,2450.87,Card
1620,2023-08-12,Alexanderville,North,Mouse,Office,5,2980,20,11920.0,7503.15,4416.85,Net Banking
1621,2024-01-11,East Paul,North,Phone,Accessories,2,3174,20,5078.4,2739.84,2338.56,Card
1622,2023-10-03,Patrickville,South,Tablet,Office,2,1006,20,1609.6,944.52,665.08,Net Banking
1623,2023-11-02,West Annettehaven,East,Monitor,Accessories,3,1883,15,4801.65,3697.93,1103.72,UPI
1624,2024-01-29,Traceyhaven,South,Tablet,Accessories,3,4214,20,10113.6,6672.47,3441.13,Net Banking
1625,2024-02-24,Mccoyborough,South,Tablet,Accessories,3,3781,5,10775.85,8374.7,2401.15,UPI
1626,2024-06-09,West Jasmineland,North,Tablet,Office,5,2836,15,12053.0,8399.22,3653.78,Net Banking
1627,2026-01-17,North Michael,South,Headphones,Office,4,3461,5,13151.8,9086.91,4064.89,UPI
1628,2024-02-24,Campbellbury,East,Speaker,Electronics,5,4774,15,20289.5,15899.8,4389.7,Card
1629,2024-08-27,Sarafort,North,Speaker,Office,5,3965,0,19825.0,15573.6,4251.4,Net Banking
1630,2025-11-19,South Megan,South,Camera,Accessories,5,4288,5,20368.0,15379.73,4988.27,Card
1631,2026-06-28,North Brandyshire,East,Phone,Electronics,2,3968,5,7539.2,4499.52,3039.68,Card
1632,2024-06-30,Lake Robert,West,Keyboard,Electronics,5,3877,15,16477.25,9449.94,7027.31,Net Banking
1633,2024-03-03,Port Austin,South,Keyboard,Accessories,5,1010,20,4040.0,3035.51,1004.49,UPI
1634,2025-04-02,Lake Jeanmouth,West,Tablet,Electronics,1,364,15,309.4,235.18,74.22,Net Banking
1635,2025-05-13,West Cherylland,North,Camera,Accessories,3,4501,0,13503.0,9651.11,3851.89,UPI
1636,2025-05-26,Robertmouth,West,Tablet,Electronics,3,3363,0,10089.0,6144.32,3944.68,UPI
1637,2024-01-17,New Dawnton,North,Headphones,Accessories,2,2250,20,3600.0,2613.86,986.14,Net Banking
1638,2024-08-08,Dylanland,South,Mouse,Electronics,3,1262,5,3596.7,2656.76,939.94,Cash
1639,2024-08-31,Haleborough,East,Monitor,Accessories,1,3853,15,3275.05,2376.87,898.18,Net Banking
1640,2025-01-24,Webbview,North,Headphones,Electronics,3,3789,10,10230.3,6859.1,3371.2,Cash
1641,2026-01-12,Port Jeffreyhaven,East,Mouse,Office,1,1910,10,1719.0,1150.12,568.88,Card
1642,2024-02-03,Colemanshire,East,Headphones,Office,5,2596,15,11033.0,7876.72,3156.28,Card
1643,2025-07-07,Moodyville,South,Laptop,Electronics,2,2494,15,4239.8,2447.18,1792.62,Cash
1644,2024-11-02,Sallyfurt,West,Camera,Office,2,4886,0,9772.0,5646.52,4125.48,Card
1645,2024-06-03,East Heather,East,Printer,Accessories,3,1376,20,3302.4,2495.9,806.5,Net Banking
1646,2023-11-08,Port Katrinaborough,West,Tablet,Electronics,4,1485,20,4752.0,3063.21,1688.79,UPI
1647,2023-08-28,North Jenniferborough,South,Mouse,Office,3,1941,10,5240.7,2944.9,2295.8,UPI
1648,2023-11-17,New James,North,Printer,Electronics,2,3020,15,5134.0,3274.45,1859.55,Card
1649,2024-07-03,Vickieberg,East,Printer,Electronics,3,369,15,940.95,647.3,293.65,Cash
1650,2025-12-26,South Brandon,North,Camera,Office,5,4480,20,17920.0,13651.18,4268.82,Card
1651,2024-06-12,Michaelchester,South,Keyboard,Office,2,2197,5,4174.3,2950.85,1223.45,Net Banking
1652,2025-02-08,Warnerborough,East,Phone,Office,2,429,20,686.4,397.93,288.47,Card
1653,2026-03-16,Martinezland,South,Keyboard,Electronics,1,1185,20,948.0,560.11,387.89,Net Banking
1654,2025-06-11,West Matthew,North,Monitor,Office,4,905,20,2896.0,2213.97,682.03,UPI
1655,2025-11-19,Jessicaport,West,Keyboard,Electronics,2,4018,0,8036.0,5083.33,2952.67,Card
1656,2024-08-29,Lake Sierra,West,Phone,Office,5,4091,10,18409.5,12349.07,6060.43,Net Banking
1657,2026-01-22,West Ashley,North,Mouse,Accessories,2,4924,20,7878.4,5724.94,2153.46,Cash
1658,2025-11-27,Josetown,East,Mouse,Accessories,4,1546,10,5565.6,3629.82,1935.78,Card
1659,2025-06-09,Porterchester,West,Phone,Electronics,3,2355,20,5652.0,3678.99,1973.01,Net Banking
1660,2026-05-24,North Kevinton,South,Headphones,Electronics,1,2714,20,2171.2,1392.07,779.13,Net Banking
1661,2025-01-15,Adamsfort,South,Keyboard,Electronics,3,874,15,2228.7,1343.3,885.4,Card
1662,2025-05-07,West Nathan,West,Phone,Office,2,2616,20,4185.6,2476.26,1709.34,Cash
1663,2025-11-01,Port Peterland,East,Headphones,Electronics,5,1822,20,7288.0,5113.01,2174.99,Net Banking
1664,2025-06-09,West Vincentmouth,East,Printer,Accessories,2,1393,20,2228.8,1557.43,671.37,Net Banking
1665,2024-08-27,Port Shawn,East,Monitor,Electronics,3,1973,10,5327.1,3417.84,1909.26,Cash
1666,2023-09-18,North Michelle,West,Speaker,Accessories,3,2999,10,8097.3,5141.08,2956.22,Net Banking
1667,2026-06-18,Port Abigail,East,Headphones,Accessories,1,3410,0,3410.0,2695.96,714.04,Cash
1668,2025-01-01,Sparkstown,East,Mouse,Accessories,1,1756,5,1668.2,1165.43,502.77,UPI
1669,2026-03-12,Christophershire,South,Keyboard,Office,3,3602,15,9185.1,5489.99,3695.11,Net Banking
1670,2023-11-09,East Kristieborough,East,Camera,Office,3,975,0,2925.0,1675.85,1249.15,Net Banking
1671,2026-06-04,New Davidtown,West,Laptop,Electronics,1,3295,15,2800.75,1610.3,1190.45,UPI
1672,2025-11-05,West Carolynton,East,Phone,Accessories,3,2361,20,5666.4,3461.23,2205.17,Card
1673,2025-02-28,Nicholasland,South,Speaker,Accessories,1,2758,15,2344.3,1751.88,592.42,Card
1674,2026-07-28,East Karen,East,Printer,Office,5,820,15,3485.0,1998.88,1486.12,Cash
1675,2026-04-29,Wendyfort,East,Monitor,Accessories,1,1250,0,1250.0,951.52,298.48,Card
1676,2024-04-09,Larsentown,East,Monitor,Electronics,2,2731,15,4642.7,2638.47,2004.23,Cash
1677,2025-12-06,South Kenneth,West,Tablet,Accessories,3,289,5,823.65,441.28,382.37,Net Banking
1678,2024-06-22,Lake Donaldborough,East,Laptop,Office,1,4428,0,4428.0,3426.81,1001.19,Net Banking
1679,2023-11-24,New Joseph,West,Mouse,Office,1,4230,10,3807.0,2805.92,1001.08,Cash
1680,2025-07-25,Byrdstad,North,Printer,Electronics,1,718,20,574.4,303.08,271.32,UPI
1681,2024-01-25,Port Michaelshire,South,Phone,Office,5,3937,20,15748.0,10945.68,4802.32,Net Banking
1682,2025-10-04,West Kennethborough,South,Monitor,Electronics,3,3915,15,9983.25,7655.22,2328.03,Card
1683,2026-03-28,Port Stephen,West,Laptop,Accessories,5,2883,15,12252.75,8066.16,4186.59,Cash
1684,2024-03-03,Jenniferton,East,Tablet,Electronics,1,3294,0,3294.0,1655.44,1638.56,Cash
1685,2025-09-24,South Fred,South,Speaker,Accessories,2,4887,10,8796.6,5803.2,2993.4,Card
1686,2025-07-14,New Catherine,North,Laptop,Office,2,1314,5,2496.6,1479.35,1017.25,UPI
1687,2025-06-03,Lake Shannontown,East,Monitor,Electronics,2,4524,10,8143.2,6403.8,1739.4,Card
1688,2023-11-03,Bowmanshire,East,Keyboard,Electronics,2,2581,5,4903.9,3076.14,1827.76,Cash
1689,2025-05-09,Port Julieton,West,Laptop,Accessories,1,1224,15,1040.4,558.63,481.77,Card
1690,2024-02-25,Lake Darrellbury,South,Keyboard,Accessories,4,503,15,1710.2,1080.1,630.1,UPI
1691,2025-10-06,Jimenezside,North,Headphones,Electronics,1,1534,20,1227.2,949.83,277.37,UPI
1692,2026-02-05,Fordshire,South,Phone,Office,4,3035,10,10926.0,6823.71,4102.29,Cash
1693,2024-03-16,South Matthewmouth,West,Laptop,Electronics,4,2191,20,7011.2,3741.16,3270.04,Net Banking
1694,2023-08-24,Marshallmouth,East,Phone,Accessories,4,3379,0,13516.0,8196.16,5319.84,Cash
1695,2025-07-28,South Pedro,North,Mouse,Office,2,791,15,1344.7,1025.71,318.99,Cash
1696,2024-03-13,Williamsport,North,Headphones,Office,1,1252,5,1189.4,657.99,531.41,Card
1697,2025-03-13,Oscartown,South,Mouse,Accessories,2,3948,0,7896.0,4092.93,3803.07,Net Banking
1698,2024-08-02,South Ginaberg,South,Headphones,Accessories,2,3534,5,6714.6,3709.09,3005.51,UPI
1699,2024-04-12,North Antonio,West,Monitor,Accessories,2,345,15,586.5,329.16,257.34,Cash
1700,2025-08-11,Lucasfort,West,Laptop,Office,1,311,10,279.9,142.34,137.56,Card
1701,2025-07-14,Woodburgh,South,Headphones,Electronics,4,480,20,1536.0,941.74,594.26,UPI
1702,2024-04-15,Richardmouth,North,Phone,Accessories,3,1924,0,5772.0,3613.07,2158.93,Net Banking
1703,2026-03-27,New Cindyshire,North,Mouse,Accessories,4,4496,15,15286.4,8259.57,7026.83,Net Banking
1704,2023-09-23,Jacksonville,East,Speaker,Office,3,1150,10,3105.0,2163.91,941.09,UPI
1705,2023-12-18,Lake John,South,Printer,Electronics,4,4137,20,13238.4,7398.76,5839.64,Card
1706,2026-05-24,Rodriguezfort,East,Speaker,Electronics,2,773,0,1546.0,1105.67,440.33,Card
1707,2024-12-31,Elizabethshire,East,Monitor,Office,2,2153,5,4090.7,2941.25,1149.45,Net Banking
1708,2024-06-17,Joytown,East,Headphones,Accessories,5,4359,20,17436.0,11737.05,5698.95,Net Banking
1709,2024-01-21,Marybury,North,Tablet,Office,3,1289,20,3093.6,2230.25,863.35,UPI
1710,2026-04-24,New Kimberlyshire,North,Keyboard,Electronics,2,1592,0,3184.0,1728.55,1455.45,Net Banking
1711,2025-12-13,Jenniferside,East,Keyboard,Office,3,195,20,468.0,301.5,166.5,Net Banking
1712,2026-03-04,Andersonstad,West,Phone,Office,4,1859,15,6320.6,4338.42,1982.18,Cash
1713,2024-09-05,Parkburgh,South,Mouse,Accessories,5,2863,10,12883.5,10293.99,2589.51,Net Banking
1714,2026-03-18,West Lucasburgh,East,Printer,Accessories,5,3838,0,19190.0,13440.75,5749.25,UPI
1715,2026-04-22,Alexberg,South,Phone,Electronics,3,3594,0,10782.0,8511.59,2270.41,Net Banking
1716,2025-11-08,Brianborough,South,Monitor,Accessories,1,1085,20,868.0,619.59,248.41,Net Banking
1717,2025-03-28,Timothyport,South,Tablet,Office,4,4632,0,18528.0,14635.04,3892.96,Card
1718,2024-12-01,Dannyview,East,Printer,Office,2,1917,0,3834.0,2145.52,1688.48,Card
1719,2023-11-19,South Charlesberg,East,Printer,Electronics,5,4446,20,17784.0,9142.73,8641.27,Card
1720,2025-05-20,Hayeshaven,South,Headphones,Office,3,1400,0,4200.0,2957.3,1242.7,Net Banking
1721,2025-12-31,New Johntown,West,Mouse,Accessories,2,2380,0,4760.0,3749.53,1010.47,Net Banking
1722,2024-11-30,Kempbury,East,Laptop,Electronics,4,3933,10,14158.8,7657.59,6501.21,Cash
1723,2024-03-16,Erikaberg,North,Laptop,Accessories,5,2652,5,12597.0,9786.81,2810.19,Card
1724,2025-08-08,Stephanieport,South,Tablet,Electronics,2,4039,5,7674.1,5597.32,2076.78,Net Banking
1725,2023-11-20,Simmonshaven,East,Phone,Electronics,4,4944,5,18787.2,10794.6,7992.6,Cash
1726,2025-04-06,Wolfeside,South,Keyboard,Accessories,2,3388,0,6776.0,4863.77,1912.23,Card
1727,2025-11-15,West Barbaraburgh,East,Printer,Electronics,3,2782,0,8346.0,5767.31,2578.69,Net Banking
1728,2025-11-26,Richardland,West,Headphones,Electronics,2,3690,10,6642.0,4959.4,1682.6,Cash
1729,2023-08-02,Port Andreaton,East,Phone,Office,3,435,15,1109.25,833.48,275.77,Net Banking
1730,2025-04-11,Ballborough,West,Mouse,Electronics,4,4892,5,18589.6,14181.5,4408.1,UPI
1731,2026-02-22,North Andrea,West,Tablet,Accessories,1,3070,5,2916.5,2218.9,697.6,UPI
1732,2025-04-15,Meyerville,East,Tablet,Office,1,2395,10,2155.5,1662.79,492.71,Cash
1733,2024-10-27,New Patrick,West,Keyboard,Office,3,780,0,2340.0,1240.99,1099.01,Net Banking
1734,2026-02-26,Jessicaport,North,Camera,Office,2,4942,15,8401.4,5878.36,2523.04,Net Banking
1735,2023-08-24,Mitchellhaven,North,Speaker,Office,5,4351,15,18491.75,9479.43,9012.32,UPI
1736,2024-10-18,Port Megan,South,Monitor,Office,5,877,0,4385.0,3464.23,920.77,Net Banking
1737,2024-12-02,South Christine,West,Camera,Office,4,426,10,1533.6,1064.51,469.09,UPI
1738,2026-07-03,West Melissaburgh,South,Laptop,Office,4,3637,0,14548.0,8216.88,6331.12,Cash
1739,2024-07-18,Lake Katiefort,West,Mouse,Accessories,1,2494,15,2119.9,1569.93,549.97,Cash
1740,2024-12-31,South Mallory,North,Monitor,Accessories,3,2137,10,5769.9,3656.97,2112.93,Cash
1741,2024-11-02,Bryantland,East,Tablet,Accessories,2,1815,20,2904.0,2123.53,780.47,Card
1742,2026-01-24,South Josetown,South,Monitor,Accessories,4,828,10,2980.8,1805.0,1175.8,UPI
1743,2024-04-24,Stephanieborough,South,Tablet,Electronics,1,3426,10,3083.4,2116.88,966.52,Cash
1744,2024-10-15,West Jennifer,East,Headphones,Electronics,4,2972,10,10699.2,7936.34,2762.86,Cash
1745,2024-02-13,Mendozashire,East,Printer,Office,1,1013,5,962.35,649.16,313.19,Card
1746,2024-03-18,North Krista,West,Mouse,Electronics,4,722,5,2743.6,1448.65,1294.95,Cash
1747,2025-11-01,Smithmouth,West,Phone,Office,5,2998,15,12741.5,6879.26,5862.24,Cash
1748,2024-06-07,New Albert,South,Camera,Electronics,5,4770,0,23850.0,14242.05,9607.95,Card
1749,2025-11-26,Garrettburgh,South,Keyboard,Electronics,5,1369,10,6160.5,3128.97,3031.53,Card
1750,2026-07-04,Brooksmouth,South,Laptop,Office,4,1869,5,7102.2,3577.56,3524.64,Net Banking
1751,2024-04-14,Amandaland,South,Tablet,Electronics,4,3495,20,11184.0,7441.47,3742.53,Net Banking
1752,2024-10-03,Lake Ann,East,Mouse,Accessories,5,3271,10,14719.5,10480.63,4238.87,Cash
1753,2023-08-28,Alejandrochester,North,Headphones,Accessories,3,2022,10,5459.4,3614.73,1844.67,Card
1754,2024-10-15,East Erikaview,West,Printer,Accessories,5,4842,5,22999.5,12166.42,10833.08,UPI
1755,2025-03-21,Sanderstown,South,Camera,Accessories,5,1966,10,8847.0,6327.99,2519.01,UPI
1756,2025-08-28,South Sarah,North,Headphones,Electronics,4,3687,15,12535.8,8490.73,4045.07,Net Banking
1757,2023-08-19,East Kimberlyborough,South,Phone,Office,5,571,10,2569.5,1652.16,917.34,Cash
1758,2026-07-27,South Benjamin,North,Speaker,Accessories,1,2361,20,1888.8,1087.2,801.6,Net Banking
1759,2025-10-30,Jonathantown,East,Printer,Office,2,3346,5,6357.4,4440.9,1916.5,Cash
1760,2025-05-30,Johnfort,West,Headphones,Office,3,2005,20,4812.0,3558.59,1253.41,Cash
1761,2026-05-23,Johnburgh,North,Speaker,Electronics,1,533,10,479.7,324.39,155.31,Net Banking
1762,2024-12-18,North Vanessaville,South,Headphones,Electronics,2,1694,5,3218.6,2555.36,663.24,Net Banking
1763,2026-07-03,New Scott,West,Speaker,Office,1,2818,0,2818.0,1488.6,1329.4,Net Banking
1764,2023-08-01,New Josephhaven,East,Headphones,Electronics,4,3223,15,10958.2,5934.44,5023.76,Cash
1765,2026-04-22,Port Randy,West,Phone,Electronics,3,1553,15,3960.15,3024.44,935.71,Cash
1766,2025-08-06,Adkinsberg,North,Monitor,Accessories,4,1743,5,6623.4,4009.54,2613.86,UPI
1767,2026-06-18,West Georgeport,North,Printer,Electronics,5,2211,0,11055.0,8443.7,2611.3,Cash
1768,2026-01-16,East Ryanshire,North,Laptop,Accessories,1,1480,0,1480.0,1167.84,312.16,Net Banking
1769,2024-04-17,Lake Adam,North,Headphones,Electronics,3,326,20,782.4,523.43,258.97,Net Banking
1770,2024-03-09,Erinfort,North,Headphones,Office,2,4484,5,8519.6,6753.76,1765.84,Cash
1771,2024-09-15,Jacobfort,South,Printer,Electronics,5,1549,15,6583.25,4686.68,1896.57,Net Banking
1772,2025-09-23,Patriciafurt,North,Mouse,Accessories,1,417,20,333.6,255.69,77.91,UPI
1773,2025-10-03,West Albert,North,Camera,Electronics,3,1577,20,3784.8,2481.11,1303.69,Card
1774,2023-11-20,Lake Christopher,West,Camera,Electronics,5,2863,15,12167.75,9473.59,2694.16,UPI
1775,2024-03-11,Derekland,West,Keyboard,Accessories,3,2117,10,5715.9,3100.39,2615.51,UPI
1776,2024-05-08,East Aaronchester,North,Printer,Electronics,3,580,15,1479.0,1099.3,379.7,Cash
1777,2024-07-13,Townsendfort,West,Printer,Office,5,4712,20,18848.0,13394.55,5453.45,Card
1778,2024-01-10,Christianview,South,Mouse,Office,3,2724,5,7763.4,4924.88,2838.52,Net Banking
1779,2025-09-12,Lake Gina,North,Camera,Electronics,4,3664,15,12457.6,6536.71,5920.89,Cash
1780,2023-08-14,New Stanley,West,Mouse,Office,5,4065,20,16260.0,10026.61,6233.39,UPI
1781,2025-08-14,Ricardohaven,East,Speaker,Office,5,441,5,2094.75,1642.36,452.39,Card
1782,2025-11-10,Arnoldfort,East,Tablet,Electronics,3,492,20,1180.8,600.31,580.49,Cash
1783,2026-01-31,Martinezshire,South,Printer,Accessories,5,529,15,2248.25,1622.25,626.0,UPI
1784,2024-08-03,Lake Linda,South,Monitor,Electronics,2,908,15,1543.6,1211.71,331.89,Card
1785,2025-12-30,East Andreabury,North,Laptop,Accessories,4,1793,20,5737.6,3971.14,1766.46,Card
1786,2025-08-28,Ryanbury,East,Headphones,Accessories,1,2479,0,2479.0,1912.1,566.9,Card
1787,2025-10-26,Lake Derrick,South,Speaker,Office,3,3392,0,10176.0,5564.02,4611.98,Cash
1788,2024-10-17,North Anthonybury,East,Tablet,Office,4,4773,10,17182.8,9647.5,7535.3,UPI
1789,2025-03-11,West Jaclynbury,South,Camera,Accessories,4,3488,15,11859.2,6918.97,4940.23,UPI
1790,2026-01-06,Lynnstad,South,Phone,Office,4,442,15,1502.8,809.51,693.29,UPI
1791,2024-10-05,West Sandrahaven,East,Headphones,Office,1,1401,15,1190.85,619.18,571.67,Cash
1792,2026-06-21,North Adrianaport,East,Phone,Electronics,4,2433,20,7785.6,4561.83,3223.77,Net Banking
1793,2025-12-29,Cathyfurt,South,Headphones,Office,2,808,20,1292.8,974.69,318.11,UPI
1794,2024-10-19,Robertsburgh,North,Tablet,Electronics,4,4022,0,16088.0,8581.69,7506.31,UPI
1795,2024-05-17,South Ginaville,West,Headphones,Accessories,1,2080,15,1768.0,1210.37,557.63,UPI
1796,2024-04-02,Port Robertton,North,Speaker,Electronics,5,1648,5,7828.0,5616.38,2211.62,Card
1797,2026-02-23,North Rogerside,South,Laptop,Accessories,3,2154,5,6138.9,3714.25,2424.65,Net Banking
1798,2026-03-30,South Stephanie,South,Keyboard,Accessories,2,2490,20,3984.0,2068.07,1915.93,Net Banking
1799,2025-06-11,North Williamborough,East,Printer,Electronics,1,3708,0,3708.0,2792.22,915.78,Card
1800,2026-03-28,Danielborough,North,Tablet,Office,5,2701,0,13505.0,7203.7,6301.3,UPI
1801,2026-03-22,South Javier,South,Phone,Office,5,1491,10,6709.5,4100.25,2609.25,Card
1802,2025-06-03,Brownmouth,West,Speaker,Electronics,1,3222,0,3222.0,2154.92,1067.08,Card
1803,2026-03-05,Lake Paul,West,Speaker,Office,1,4717,20,3773.6,1970.49,1803.11,Net Banking
1804,2025-07-29,Port Dana,South,Camera,Office,3,3268,15,8333.4,6442.32,1891.08,Cash
1805,2025-04-30,Mitchellbury,South,Camera,Office,3,3827,15,9758.85,7571.19,2187.66,Cash
1806,2025-09-24,East Timothyburgh,South,Tablet,Accessories,2,1282,10,2307.6,1594.85,712.75,Card
1807,2024-11-20,Port Robert,South,Laptop,Accessories,3,271,15,691.05,512.51,178.54,Net Banking
1808,2025-04-21,Lake Stacybury,East,Keyboard,Accessories,5,1959,15,8325.75,4475.15,3850.6,Net Banking
1809,2024-05-31,Knightmouth,West,Camera,Accessories,4,3873,15,13168.2,8337.68,4830.52,Cash
1810,2025-03-12,South Amanda,South,Keyboard,Electronics,3,3367,5,9595.95,6880.22,2715.73,Card
1811,2025-03-10,Kimberlyland,West,Printer,Accessories,5,1694,20,6776.0,4126.75,2649.25,Cash
1812,2025-05-26,South Deborah,North,Printer,Office,3,1849,15,4714.95,2557.39,2157.56,Net Banking
1813,2024-06-11,New Juliemouth,East,Printer,Electronics,3,3476,0,10428.0,5837.83,4590.17,Net Banking
1814,2024-07-14,North Daniel,North,Keyboard,Accessories,5,3637,5,17275.75,13526.22,3749.53,Card
1815,2025-05-01,Medinachester,South,Headphones,Accessories,3,4715,5,13437.75,9303.91,4133.84,Cash
1816,2024-01-17,Greenfort,West,Monitor,Office,4,2112,5,8025.6,5848.95,2176.65,UPI
1817,2024-08-01,Collinston,North,Monitor,Electronics,1,635,0,635.0,321.59,313.41,Cash
1818,2025-03-30,Johnsonport,East,Phone,Accessories,3,1763,5,5024.55,3956.27,1068.28,Cash
1819,2024-12-19,South Troy,South,Mouse,Accessories,5,3758,15,15971.5,9608.23,6363.27,UPI
1820,2025-02-11,Markberg,North,Printer,Office,5,1409,5,6692.75,3674.17,3018.58,Net Banking
1821,2024-10-31,East Markview,East,Keyboard,Electronics,2,4701,20,7521.6,5179.41,2342.19,Card
1822,2026-06-29,New Shane,West,Camera,Accessories,4,895,0,3580.0,1935.63,1644.37,Net Banking
1823,2025-02-02,Kathytown,East,Camera,Office,2,263,20,420.8,297.27,123.53,Card
1824,2024-05-27,New Martin,East,Monitor,Electronics,4,262,15,890.8,698.37,192.43,Cash
1825,2024-05-25,Joyceside,West,Headphones,Electronics,1,1551,5,1473.45,1012.57,460.88,Card
1826,2025-04-17,West Kara,West,Laptop,Office,3,2494,0,7482.0,4537.19,2944.81,Net Banking
1827,2024-01-13,Mcguirefort,East,Printer,Electronics,2,3091,10,5563.8,3102.41,2461.39,Net Banking
1828,2024-08-05,Lake Ericside,East,Mouse,Accessories,3,1467,0,4401.0,3057.91,1343.09,Net Banking
1829,2024-04-19,Walkerborough,West,Phone,Accessories,3,431,10,1163.7,843.68,320.02,UPI
1830,2023-12-21,Burkeville,West,Keyboard,Accessories,2,187,20,299.2,151.32,147.88,Net Banking
1831,2025-01-08,Isaachaven,East,Monitor,Office,4,394,10,1418.4,1005.73,412.67,Net Banking
1832,2025-01-13,Brennanstad,East,Printer,Electronics,4,2902,5,11027.6,8633.2,2394.4,Net Banking
1833,2025-02-07,North Christinastad,North,Monitor,Office,3,2284,0,6852.0,5303.5,1548.5,UPI
1834,2023-08-03,West Taylor,South,Monitor,Electronics,1,1152,0,1152.0,659.97,492.03,Card
1835,2024-10-12,New Harry,North,Laptop,Office,5,2041,0,10205.0,7746.69,2458.31,Cash
1836,2024-01-25,East Marialand,West,Monitor,Office,5,676,5,3211.0,2166.87,1044.13,UPI
1837,2024-02-12,Port Jennifertown,South,Phone,Electronics,5,1099,0,5495.0,3908.29,1586.71,UPI
1838,2024-12-13,Jamesville,South,Keyboard,Electronics,1,131,15,111.35,82.12,29.23,UPI
1839,2024-10-21,East Heather,South,Camera,Office,4,2724,20,8716.8,4862.16,3854.64,Card
1840,2025-01-22,Smithview,North,Camera,Electronics,4,2459,20,7868.8,5976.37,1892.43,UPI
1841,2025-09-29,Darrenchester,South,Phone,Office,1,1540,5,1463.0,847.05,615.95,UPI
1842,2023-12-19,Monicaport,South,Headphones,Accessories,2,1632,10,2937.6,2135.3,802.3,Cash
1843,2025-12-04,West Laura,South,Tablet,Accessories,5,3477,20,13908.0,9626.82,4281.18,Cash
1844,2023-08-11,Riosland,East,Mouse,Electronics,2,4446,0,8892.0,6192.86,2699.14,UPI
1845,2024-08-21,Robertview,North,Speaker,Accessories,1,614,15,521.9,314.85,207.05,UPI
1846,2024-06-04,Lloydshire,East,Speaker,Office,4,198,0,792.0,471.65,320.35,UPI
1847,2024-02-28,Allisonton,West,Monitor,Accessories,5,2249,10,10120.5,6428.91,3691.59,Cash
1848,2025-10-28,Danielstown,South,Keyboard,Office,4,2667,20,8534.4,6825.21,1709.19,Card
1849,2025-09-28,New Victoriashire,West,Monitor,Accessories,1,2990,15,2541.5,1625.25,916.25,Net Banking
1850,2025-01-19,Port Jimmy,West,Tablet,Electronics,4,3804,5,14455.2,7843.75,6611.45,Card
1851,2024-09-25,Dudleyside,North,Tablet,Office,3,3224,5,9188.4,5695.2,3493.2,Card
1852,2024-12-07,West Maryport,North,Tablet,Accessories,2,4957,5,9418.3,5322.26,4096.04,Card
1853,2025-04-23,Stephentown,West,Headphones,Accessories,3,2863,5,8159.55,4132.85,4026.7,Cash
1854,2026-02-20,West Denise,West,Tablet,Accessories,2,1656,15,2815.2,1920.1,895.1,Card
1855,2024-12-15,South Tanyafort,North,Monitor,Office,4,589,10,2120.4,1671.79,448.61,Net Banking
1856,2024-08-31,Kellymouth,West,Keyboard,Accessories,5,2470,5,11732.5,6693.93,5038.57,Net Banking
1857,2025-06-26,West Caitlinmouth,East,Speaker,Accessories,1,2623,5,2491.85,1499.03,992.82,UPI
1858,2024-05-22,Port Shane,East,Headphones,Accessories,5,1160,20,4640.0,2712.4,1927.6,Net Banking
1859,2026-02-26,Ellenmouth,South,Keyboard,Accessories,1,245,15,208.25,127.24,81.01,Card
1860,2024-04-12,Marcusside,East,Keyboard,Electronics,3,4000,10,10800.0,7198.19,3601.81,Cash
1861,2023-10-16,Parkerbury,South,Camera,Office,5,1975,20,7900.0,5394.25,2505.75,Net Banking
1862,2024-08-07,Moonport,West,Headphones,Office,1,2667,20,2133.6,1630.54,503.06,Cash
1863,2023-09-24,Wintersport,East,Phone,Accessories,1,4435,15,3769.75,2408.14,1361.61,Net Banking
1864,2025-10-31,Jenniferside,North,Camera,Electronics,2,2362,5,4487.8,2733.67,1754.13,Card
1865,2025-10-06,New Marvin,West,Printer,Electronics,1,2780,10,2502.0,1870.12,631.88,Cash
1866,2023-11-09,Jacobbury,South,Keyboard,Office,3,4070,10,10989.0,7488.25,3500.75,UPI
1867,2025-02-05,Norrishaven,East,Keyboard,Accessories,3,596,5,1698.6,1116.07,582.53,Net Banking
1868,2023-09-13,East Pamelafort,East,Laptop,Electronics,1,2542,10,2287.8,1284.08,1003.72,Net Banking
1869,2024-02-10,Port Cassandra,South,Camera,Office,1,3119,15,2651.15,1942.6,708.55,Net Banking
1870,2023-08-25,New Michael,East,Phone,Accessories,5,1385,20,5540.0,3508.16,2031.84,Net Banking
1871,2024-10-26,Lopezside,South,Speaker,Electronics,3,1720,20,4128.0,2625.41,1502.59,Cash
1872,2026-03-18,Port Laura,West,Monitor,Electronics,1,1115,0,1115.0,847.76,267.24,Cash
1873,2024-03-15,Lake Tiffany,East,Tablet,Electronics,4,4606,0,18424.0,12688.0,5736.0,Cash
1874,2023-11-27,Margaretchester,North,Printer,Electronics,5,382,10,1719.0,1026.59,692.41,Card
1875,2025-07-16,North Jamesshire,North,Printer,Electronics,4,623,0,2492.0,1350.6,1141.4,Card
1876,2025-04-12,Santiagoville,West,Monitor,Electronics,1,3051,10,2745.9,1651.51,1094.39,Net Banking
1877,2026-01-12,Kingburgh,West,Headphones,Office,4,4565,0,18260.0,12004.19,6255.81,UPI
1878,2025-02-10,Port Janettown,East,Keyboard,Electronics,2,3774,5,7170.6,3833.22,3337.38,UPI
1879,2024-03-29,Sarahfort,South,Camera,Electronics,5,298,0,1490.0,1032.38,457.62,UPI
1880,2025-06-22,East Joelville,South,Printer,Accessories,2,2005,5,3809.5,2995.51,813.99,Cash
1881,2024-04-17,Kentton,East,Camera,Electronics,4,3342,0,13368.0,8730.29,4637.71,Net Banking
1882,2025-10-04,Thomasstad,North,Keyboard,Electronics,5,656,0,3280.0,1836.92,1443.08,Net Banking
1883,2024-05-07,Hansenborough,East,Printer,Electronics,1,2962,0,2962.0,1997.79,964.21,Net Banking
1884,2025-06-29,East Tarastad,East,Mouse,Office,2,1347,20,2155.2,1082.35,1072.85,Cash
1885,2025-02-20,North Jennifer,East,Monitor,Electronics,5,3281,5,15584.75,11695.52,3889.23,Cash
1886,2024-10-27,Mcdonaldtown,West,Laptop,Accessories,3,3316,0,9948.0,6915.24,3032.76,Net Banking
1887,2023-10-27,Tamarastad,North,Keyboard,Electronics,2,1614,0,3228.0,1654.34,1573.66,Cash
1888,2024-02-24,East Leah,North,Keyboard,Office,2,4959,10,8926.2,5429.64,3496.56,Cash
1889,2026-07-07,Clarkhaven,South,Headphones,Accessories,2,4286,0,8572.0,5082.94,3489.06,Card
1890,2026-07-21,Ramosview,West,Speaker,Electronics,4,3283,10,11818.8,7532.89,4285.91,Net Banking
1891,2024-05-12,Port Joseph,South,Phone,Office,4,4694,20,15020.8,8796.22,6224.58,UPI
1892,2023-12-11,Davidfurt,North,Mouse,Electronics,1,355,20,284.0,146.26,137.74,Cash
1893,2024-03-23,South Brianview,North,Laptop,Accessories,4,3224,20,10316.8,8133.38,2183.42,Card
1894,2023-08-08,Williamsbury,West,Laptop,Accessories,2,3566,10,6418.8,3355.94,3062.86,UPI
1895,2023-12-02,Austintown,South,Phone,Office,1,2574,5,2445.3,1415.38,1029.92,UPI
1896,2025-01-28,Port Jose,South,Camera,Office,4,1530,0,6120.0,3266.71,2853.29,Cash
1897,2024-09-29,Blackstad,South,Keyboard,Electronics,3,284,20,681.6,438.89,242.71,Net Banking
1898,2025-01-24,Lake David,West,Tablet,Electronics,4,344,0,1376.0,893.34,482.66,UPI
1899,2024-12-28,West Eric,East,Mouse,Office,5,460,0,2300.0,1812.01,487.99,Net Banking
1900,2026-06-26,New Andrew,South,Keyboard,Office,2,2289,0,4578.0,3210.88,1367.12,Net Banking
1901,2025-06-02,Gabrielleland,West,Printer,Office,1,461,20,368.8,276.83,91.97,Net Banking
1902,2025-08-26,Port Alexanderside,East,Camera,Accessories,2,487,10,876.6,534.03,342.57,Card
1903,2026-01-05,North James,East,Monitor,Accessories,3,3141,20,7538.4,4992.16,2546.24,Card
1904,2024-04-23,Jessicaborough,East,Mouse,Electronics,5,3391,10,15259.5,9769.82,5489.68,Net Banking
1905,2024-07-25,East Melissa,North,Speaker,Accessories,5,3440,10,15480.0,12204.68,3275.32,Card
1906,2026-07-09,Aguilarshire,South,Laptop,Accessories,3,3038,15,7746.9,4921.07,2825.83,Card
1907,2024-05-31,South Tyler,South,Speaker,Electronics,5,2898,20,11592.0,7996.27,3595.73,Card
1908,2024-01-28,Hopkinston,North,Printer,Electronics,4,769,15,2614.6,1998.12,616.48,UPI
1909,2025-03-20,West Paul,East,Camera,Electronics,3,4609,5,13135.65,9482.8,3652.85,Cash
1910,2025-03-04,Fisherton,West,Keyboard,Office,3,4592,15,11709.6,7692.46,4017.14,Cash
1911,2024-06-26,New John,West,Headphones,Office,4,971,5,3689.8,2553.86,1135.94,Card
1912,2026-04-16,East Lisahaven,North,Mouse,Electronics,1,4232,0,4232.0,2744.71,1487.29,Net Banking
1913,2026-07-06,Martinmouth,South,Laptop,Electronics,3,1814,20,4353.6,3010.4,1343.2,UPI
1914,2026-06-03,Diazhaven,North,Phone,Accessories,3,1091,5,3109.35,1727.91,1381.44,Net Banking
1915,2025-08-31,Kellyland,North,Speaker,Accessories,1,3556,10,3200.4,2235.4,965.0,Cash
1916,2025-08-01,Bondchester,West,Speaker,Office,4,3171,5,12049.8,7123.07,4926.73,UPI
1917,2024-02-09,South John,North,Mouse,Office,4,358,15,1217.2,725.32,491.88,Net Banking
1918,2025-11-17,Lake Sherry,East,Camera,Electronics,4,4515,0,18060.0,11320.2,6739.8,Net Banking
1919,2025-04-04,Hallbury,North,Phone,Electronics,1,4093,0,4093.0,2629.6,1463.4,UPI
1920,2024-05-31,Port Nancy,West,Laptop,Accessories,4,3211,10,11559.6,6616.87,4942.73,Cash
1921,2024-07-12,West Mollyside,North,Laptop,Office,5,3796,5,18031.0,12335.28,5695.72,Card
1922,2024-07-14,East Justin,South,Camera,Accessories,5,331,20,1324.0,838.53,485.47,Net Banking
1923,2023-10-12,Nicoleton,West,Headphones,Accessories,5,499,10,2245.5,1517.28,728.22,Cash
1924,2024-01-30,Karinahaven,West,Phone,Office,2,426,10,766.8,521.68,245.12,Card
1925,2024-07-14,South Joeshire,North,Tablet,Office,1,1731,15,1471.35,950.31,521.04,Card
1926,2024-11-27,North Sarafort,East,Speaker,Accessories,4,459,10,1652.4,916.76,735.64,Card
1927,2023-12-03,South Gabrielton,South,Speaker,Office,4,1051,0,4204.0,2309.38,1894.62,UPI
1928,2024-11-15,Port Caitlyn,West,Laptop,Office,4,4164,10,14990.4,11067.43,3922.97,Cash
1929,2024-10-16,New Kaitlyn,East,Tablet,Office,5,971,15,4126.75,2649.78,1476.97,Net Banking
1930,2024-09-22,Jessicashire,East,Camera,Accessories,1,633,0,633.0,366.4,266.6,Card
1931,2025-08-12,Markburgh,South,Keyboard,Accessories,2,1091,0,2182.0,1197.04,984.96,Cash
1932,2023-12-21,Frenchside,South,Speaker,Accessories,5,2254,15,9579.5,4981.78,4597.72,UPI
1933,2023-12-24,South Sarah,East,Headphones,Office,5,425,5,2018.75,1131.98,886.77,Net Banking
1934,2025-01-09,Fuentesmouth,North,Phone,Office,1,3146,0,3146.0,2054.52,1091.48,Cash
1935,2025-09-17,North Charles,South,Monitor,Electronics,5,4446,0,22230.0,13138.0,9092.0,Net Banking
1936,2025-11-15,North Mathew,South,Phone,Electronics,2,1645,15,2796.5,1799.5,997.0,Net Banking
1937,2025-10-30,New Nicholas,South,Printer,Electronics,5,4535,0,22675.0,12331.43,10343.57,UPI
1938,2023-11-26,East Mariaton,South,Tablet,Office,4,4305,0,17220.0,11534.77,5685.23,Cash
1939,2026-01-02,Justinstad,West,Laptop,Accessories,2,2250,15,3825.0,1980.97,1844.03,Net Banking
1940,2024-11-06,Margarethaven,South,Headphones,Accessories,1,1677,10,1509.3,931.59,577.71,Net Banking
1941,2025-09-26,Navarrochester,West,Phone,Accessories,2,2077,20,3323.2,2181.27,1141.93,UPI
1942,2025-04-27,Michelleview,South,Laptop,Accessories,4,643,20,2057.6,1081.17,976.43,Cash
1943,2026-03-01,South Theodoreport,East,Mouse,Office,4,2400,15,8160.0,5671.61,2488.39,Cash
1944,2024-03-10,Woodardside,South,Camera,Accessories,3,3949,20,9477.6,6125.72,3351.88,UPI
1945,2025-02-24,Lisatown,North,Mouse,Office,4,2905,20,9296.0,6089.8,3206.2,Cash
1946,2024-02-05,West Clairehaven,East,Monitor,Electronics,3,2467,20,5920.8,3872.53,2048.27,Card
1947,2024-10-26,Thomasside,West,Mouse,Accessories,3,2609,5,7435.65,5559.79,1875.86,Net Banking
1948,2025-12-09,North Christopherburgh,East,Printer,Office,2,1240,10,2232.0,1243.2,988.8,Cash
1949,2025-09-05,South Christopherfurt,North,Mouse,Office,2,3890,20,6224.0,4083.15,2140.85,Card
1950,2025-04-07,Davidborough,West,Monitor,Electronics,2,4999,10,8998.2,4993.31,4004.89,Net Banking
1951,2023-10-19,North Cynthia,East,Headphones,Accessories,4,2317,20,7414.4,4728.34,2686.06,UPI
1952,2025-07-17,South Nicole,West,Laptop,Electronics,3,1119,15,2853.45,2122.78,730.67,Card
1953,2026-01-20,West Robertchester,East,Printer,Office,3,4155,15,10595.25,8268.8,2326.45,Net Banking
1954,2025-11-17,Stewarttown,West,Speaker,Electronics,2,2276,0,4552.0,3616.44,935.56,Net Banking
1955,2024-06-20,Port Antoniochester,South,Phone,Accessories,4,3269,10,11768.4,6305.9,5462.5,UPI
1956,2026-03-18,West Edwinport,East,Headphones,Electronics,1,675,10,607.5,323.33,284.17,Net Banking
1957,2024-09-18,Laurenland,North,Monitor,Office,2,427,20,683.2,353.87,329.33,Cash
1958,2023-10-10,Christopherburgh,East,Printer,Accessories,3,3620,5,10317.0,5871.88,4445.12,Card
1959,2024-08-16,Cynthiafurt,South,Headphones,Accessories,2,288,20,460.8,311.15,149.65,Card
1960,2024-05-09,New Mitchell,East,Camera,Electronics,5,242,5,1149.5,606.19,543.31,UPI
1961,2026-06-09,Rodriguezchester,South,Headphones,Electronics,2,3429,5,6515.1,3730.59,2784.51,Cash
1962,2023-08-30,Lake Joyceland,West,Speaker,Office,1,125,5,118.75,83.29,35.46,Net Banking
1963,2026-04-19,Deborahmouth,North,Tablet,Office,4,1848,5,7022.4,3722.64,3299.76,Net Banking
1964,2026-03-12,East Matthewtown,West,Laptop,Office,4,1331,15,4525.4,3417.47,1107.93,Cash
1965,2023-09-01,West Stephanie,East,Monitor,Electronics,2,4126,15,7014.2,5168.6,1845.6,Net Banking
1966,2026-03-23,Lake Jonathanbury,East,Headphones,Office,5,3277,15,13927.25,9497.91,4429.34,UPI
1967,2023-12-20,Johnhaven,South,Keyboard,Accessories,5,3193,5,15166.75,11169.11,3997.64,Cash
1968,2024-06-08,Port Jonathantown,South,Tablet,Office,4,2345,5,8911.0,6366.73,2544.27,Net Banking
1969,2023-08-17,New Jacobstad,North,Camera,Office,1,4714,5,4478.3,3106.34,1371.96,UPI
1970,2025-07-13,Port Lisaville,North,Camera,Accessories,4,4783,10,17218.8,10466.55,6752.25,Net Banking
1971,2025-03-27,Hahnview,South,Mouse,Accessories,4,832,15,2828.8,1630.74,1198.06,Cash
1972,2024-05-25,Port Shaneborough,South,Laptop,Accessories,4,1395,5,5301.0,2998.99,2302.01,Cash
1973,2026-04-17,Hoffmanhaven,South,Phone,Office,1,1972,0,1972.0,1404.32,567.68,UPI
1974,2024-03-03,Lake Justin,West,Headphones,Accessories,3,749,20,1797.6,1401.41,396.19,Card
1975,2026-01-04,West Matthewfort,East,Headphones,Office,4,2381,5,9047.8,5145.72,3902.08,UPI
1976,2025-04-06,Deckermouth,South,Mouse,Office,2,855,20,1368.0,705.4,662.6,Net Banking
1977,2025-07-18,North Michaelberg,South,Speaker,Office,4,1475,5,5605.0,2831.39,2773.61,UPI
1978,2023-09-29,New Samuelton,South,Printer,Electronics,1,931,10,837.9,624.39,213.51,Net Banking
1979,2024-11-18,Port Jenniferbury,South,Keyboard,Electronics,5,3122,5,14829.5,8094.17,6735.33,Cash
1980,2026-05-14,Katherineberg,North,Tablet,Electronics,2,2330,20,3728.0,2773.6,954.4,Card
1981,2026-03-02,West Brandy,South,Speaker,Accessories,1,3942,5,3744.9,2823.51,921.39,Cash
1982,2026-05-18,Lewisside,North,Keyboard,Electronics,4,2113,15,7184.2,3969.58,3214.62,UPI
1983,2024-01-13,Lake Meghan,West,Printer,Accessories,1,3191,5,3031.45,1516.25,1515.2,Net Banking
1984,2024-03-29,Lake Alexander,West,Printer,Accessories,5,4535,15,19273.75,14775.99,4497.76,Net Banking
1985,2025-08-23,South Courtney,West,Headphones,Electronics,3,4388,15,11189.4,6154.94,5034.46,Card
1986,2024-12-11,New Brendatown,West,Tablet,Accessories,1,3110,10,2799.0,1496.52,1302.48,Cash
1987,2026-07-08,New Brianview,North,Keyboard,Accessories,3,295,10,796.5,514.67,281.83,Card
1988,2024-12-24,South Joshua,East,Tablet,Electronics,4,4936,5,18756.8,13030.75,5726.05,Card
1989,2024-10-22,Jacobfurt,West,Camera,Office,1,1960,15,1666.0,959.41,706.59,Net Banking
1990,2024-03-14,Kennedyside,North,Keyboard,Electronics,3,1776,15,4528.8,2441.59,2087.21,UPI
1991,2023-11-28,Garciafurt,West,Tablet,Electronics,3,3164,0,9492.0,5744.24,3747.76,Cash
1992,2025-03-18,South Tracyhaven,West,Phone,Accessories,3,4298,20,10315.2,6634.04,3681.16,Cash
1993,2026-05-09,West Angelachester,North,Headphones,Office,2,2642,20,4227.2,2324.05,1903.15,Cash
1994,2024-12-25,Catherineview,East,Laptop,Accessories,1,302,20,241.6,136.65,104.95,Net Banking
1995,2023-10-15,Lake William,East,Monitor,Electronics,3,3870,10,10449.0,7173.57,3275.43,UPI
1996,2025-05-14,Thompsonfurt,North,Printer,Office,4,4093,15,13916.2,10146.19,3770.01,UPI
1997,2023-09-07,West Codymouth,West,Mouse,Electronics,2,3195,10,5751.0,4015.26,1735.74,Card
1998,2024-11-01,Davidfurt,West,Keyboard,Electronics,2,863,20,1380.8,849.42,531.38,UPI
1999,2024-03-14,New Stephenland,South,Tablet,Electronics,3,199,5,567.15,316.67,250.48,Net Banking
2000,2023-11-07,Port Troy,South,Laptop,Electronics,5,4754,10,21393.0,17052.96,4340.04,Card
2001,2024-08-15,Gregoryburgh,South,Camera,Electronics,1,2275,15,1933.75,1423.44,510.31,Net Banking
2002,2025-04-22,South Kevinville,East,Speaker,Office,1,755,15,641.75,477.15,164.6,Cash
2003,2025-08-26,Samuelfurt,East,Monitor,Office,4,2214,20,7084.8,4729.6,2355.2,Card
2004,2026-07-13,West Michelleton,South,Keyboard,Electronics,5,4360,10,19620.0,14555.23,5064.77,Net Banking
2005,2024-03-01,West Johnnychester,East,Camera,Office,4,2329,10,8384.4,6556.45,1827.95,Net Banking
2006,2025-10-25,East Willie,East,Phone,Electronics,1,4947,10,4452.3,3296.94,1155.36,Card
2007,2025-05-20,East Edwardhaven,North,Printer,Office,2,2137,15,3632.9,2802.97,829.93,Cash
2008,2025-03-12,Ashleytown,East,Phone,Electronics,4,3375,15,11475.0,7687.93,3787.07,Card
2009,2024-10-07,Arroyohaven,North,Tablet,Accessories,5,4041,0,20205.0,14799.96,5405.04,Net Banking
2010,2024-06-18,West Jasminehaven,East,Monitor,Electronics,2,3493,15,5938.1,4711.93,1226.17,Cash
2011,2026-01-21,South Rachel,West,Speaker,Electronics,2,4085,15,6944.5,5405.26,1539.24,Net Banking
2012,2024-04-01,Aprilbury,South,Monitor,Electronics,4,2026,10,7293.6,4179.02,3114.58,Cash
2013,2023-08-06,Bensonburgh,North,Laptop,Electronics,5,3187,0,15935.0,8448.7,7486.3,Net Banking
2014,2024-06-07,Jacquelineshire,North,Camera,Electronics,4,856,5,3252.8,2594.27,658.53,UPI
2015,2025-09-15,Longshire,East,Speaker,Electronics,2,2487,10,4476.6,3149.83,1326.77,UPI
2016,2025-09-28,Port Betty,North,Laptop,Office,2,2637,10,4746.6,2515.66,2230.94,UPI
2017,2025-03-21,North Terrence,West,Phone,Accessories,2,1492,15,2536.4,1895.34,641.06,Cash
2018,2023-09-06,Lake Robertabury,East,Headphones,Electronics,5,4409,0,22045.0,16523.62,5521.38,Net Banking
2019,2023-10-21,North Chelsea,North,Camera,Office,5,2229,5,10587.75,7337.73,3250.02,Card
2020,2026-06-01,Jacksonberg,South,Camera,Accessories,3,362,15,923.1,697.54,225.56,Cash
2021,2024-02-09,Jeremyland,West,Tablet,Electronics,5,2610,10,11745.0,8175.07,3569.93,Cash
2022,2026-01-12,Rodriguezland,South,Laptop,Electronics,3,1824,5,5198.4,3318.59,1879.81,UPI
2023,2024-04-30,Port Franciscomouth,West,Headphones,Electronics,5,1064,5,5054.0,2690.26,2363.74,UPI
2024,2024-05-03,Bankstown,West,Tablet,Accessories,3,2825,10,7627.5,5139.27,2488.23,UPI
2025,2023-08-21,Port Garytown,South,Camera,Office,5,4914,10,22113.0,17275.36,4837.64,UPI
2026,2023-10-07,New Jeremy,North,Laptop,Electronics,3,1382,15,3524.1,1964.5,1559.6,Cash
2027,2026-06-19,Jamiestad,West,Monitor,Accessories,4,1628,15,5535.2,3537.28,1997.92,Card
2028,2024-10-02,South Laurenfort,South,Laptop,Electronics,3,3559,10,9609.3,7566.55,2042.75,Cash
2029,2026-03-14,Floresmouth,East,Headphones,Electronics,4,863,15,2934.2,2237.79,696.41,Card
2030,2025-01-17,Lake Tammyton,East,Keyboard,Office,2,4300,20,6880.0,4462.42,2417.58,Card
2031,2026-01-20,Jonathanland,East,Speaker,Accessories,4,414,0,1656.0,1141.75,514.25,Cash
2032,2023-12-11,Lake Morgan,South,Keyboard,Electronics,1,956,15,812.6,594.39,218.21,Cash
2033,2024-08-04,North Dennisburgh,South,Tablet,Office,5,2340,20,9360.0,5777.06,3582.94,UPI
2034,2024-02-16,Adamsland,West,Laptop,Accessories,4,4941,20,15811.2,9282.09,6529.11,Cash
2035,2025-12-13,Lake Shawn,North,Camera,Accessories,1,3436,20,2748.8,1891.48,857.32,Net Banking
2036,2026-07-22,Hubbardburgh,South,Camera,Accessories,5,4784,5,22724.0,17654.89,5069.11,Cash
2037,2024-12-20,Staffordport,East,Laptop,Office,1,1979,20,1583.2,912.31,670.89,Card
2038,2025-03-02,Bellshire,North,Tablet,Electronics,1,1916,15,1628.6,931.06,697.54,UPI
2039,2024-05-30,East Danielhaven,North,Printer,Office,3,4484,20,10761.6,8415.3,2346.3,Cash
2040,2025-11-04,West Jenniferhaven,South,Printer,Office,5,519,15,2205.75,1757.23,448.52,Cash
2041,2023-12-28,Lake Veronica,East,Headphones,Office,1,2023,15,1719.55,1149.05,570.5,Card
2042,2025-08-26,Stoneland,South,Camera,Electronics,1,3618,0,3618.0,2165.85,1452.15,UPI
2043,2025-03-10,South David,East,Tablet,Electronics,2,2215,5,4208.5,2934.32,1274.18,Net Banking
2044,2025-09-24,Lake Christopherburgh,East,Mouse,Office,2,1442,10,2595.6,1373.8,1221.8,UPI
2045,2023-11-17,Port Christopher,North,Keyboard,Electronics,1,1374,0,1374.0,1038.62,335.38,Cash
2046,2025-06-29,North Paulmouth,West,Printer,Electronics,2,1028,15,1747.6,1050.76,696.84,Net Banking
2047,2025-04-03,East Kevin,North,Monitor,Electronics,5,2379,0,11895.0,7218.81,4676.19,Net Banking
2048,2026-03-02,Amyborough,North,Phone,Electronics,2,4567,10,8220.6,5899.06,2321.54,Card
2049,2026-06-24,Lake Jasonhaven,South,Camera,Office,3,1413,20,3391.2,2524.97,866.23,Cash
2050,2023-11-25,Lewisbury,West,Phone,Office,1,2886,15,2453.1,1809.9,643.2,Net Banking
2051,2024-09-14,South Jacobchester,West,Speaker,Office,2,1472,5,2796.8,1919.51,877.29,UPI
2052,2023-08-26,Williamston,West,Monitor,Office,2,4149,20,6638.4,4854.34,1784.06,Cash
2053,2023-10-23,Debraburgh,North,Speaker,Accessories,2,443,0,886.0,563.38,322.62,UPI
2054,2024-01-29,Port Ronnie,North,Monitor,Accessories,3,2874,15,7328.7,5312.72,2015.98,UPI
2055,2024-06-10,Nicolebury,North,Speaker,Electronics,2,886,20,1417.6,930.16,487.44,Net Banking
2056,2025-05-26,Tinashire,East,Phone,Office,4,4634,20,14828.8,10643.68,4185.12,UPI
2057,2024-06-01,Bellview,West,Mouse,Electronics,3,2115,10,5710.5,3775.35,1935.15,UPI
2058,2026-06-17,Robinsonstad,West,Headphones,Accessories,1,2559,5,2431.05,1723.06,707.99,Cash
2059,2024-07-14,Williamsstad,West,Mouse,Office,4,709,20,2268.8,1382.01,886.79,Cash
2060,2025-09-12,North Terri,East,Headphones,Office,4,286,0,1144.0,908.77,235.23,UPI
2061,2025-01-16,Gardnerfurt,North,Monitor,Electronics,2,4400,20,7040.0,4786.24,2253.76,UPI
2062,2024-06-08,East Sophiahaven,South,Speaker,Electronics,3,2834,10,7651.8,5865.28,1786.52,UPI
2063,2024-12-08,South Bradyfort,North,Printer,Office,2,502,10,903.6,536.24,367.36,Cash
2064,2024-03-15,Christopherville,North,Mouse,Accessories,5,2537,0,12685.0,9749.66,2935.34,UPI
2065,2024-08-19,Erikastad,North,Speaker,Electronics,3,2304,0,6912.0,3739.86,3172.14,UPI
2066,2026-04-10,Smithchester,West,Printer,Electronics,4,448,15,1523.2,1131.51,391.69,Cash
2067,2023-08-19,Wilsonbury,South,Phone,Accessories,2,4940,20,7904.0,6074.28,1829.72,Card
2068,2023-11-13,New Eric,North,Camera,Electronics,2,4761,0,9522.0,6563.05,2958.95,Card
2069,2023-10-10,Englishbury,North,Printer,Accessories,2,4275,5,8122.5,6472.77,1649.73,Card
2070,2024-12-18,Nicolaston,South,Speaker,Office,4,4585,5,17423.0,9021.83,8401.17,Net Banking
2071,2025-07-28,Acostaview,West,Speaker,Accessories,2,4423,10,7961.4,4802.96,3158.44,Cash
2072,2023-08-04,Macdonaldmouth,North,Tablet,Accessories,3,2140,20,5136.0,3887.14,1248.86,Net Banking
2073,2024-05-01,West Yvonne,East,Headphones,Office,1,1038,15,882.3,597.51,284.79,Card
2074,2025-10-20,Simonside,North,Keyboard,Electronics,5,1082,5,5139.5,2773.97,2365.53,UPI
2075,2024-01-04,Yatestown,East,Phone,Office,1,3333,5,3166.35,2500.04,666.31,UPI
2076,2025-02-24,New Feliciaborough,East,Keyboard,Accessories,2,1007,0,2014.0,1256.75,757.25,Card
2077,2023-08-30,West Melindatown,West,Tablet,Office,2,1109,10,1996.2,1192.8,803.4,Cash
2078,2023-12-31,Webbstad,East,Keyboard,Office,4,1751,5,6653.8,3739.66,2914.14,Card
2079,2024-09-11,North Douglas,East,Laptop,Accessories,4,4105,10,14778.0,9328.39,5449.61,Net Banking
2080,2025-08-20,Port Michael,East,Keyboard,Accessories,2,603,0,1206.0,873.74,332.26,UPI
2081,2023-12-30,Hernandezfort,West,Laptop,Accessories,3,1252,10,3380.4,1973.47,1406.93,UPI
2082,2024-05-19,East Nicole,South,Camera,Electronics,5,3822,10,17199.0,10163.9,7035.1,Cash
2083,2024-07-19,Lewishaven,South,Camera,Electronics,4,3299,10,11876.4,6509.9,5366.5,UPI
2084,2025-09-27,North Daniel,South,Phone,Accessories,2,4080,15,6936.0,3923.43,3012.57,Cash
2085,2025-01-14,East Jeffrey,East,Tablet,Electronics,5,2187,0,10935.0,6359.18,4575.82,UPI
2086,2025-05-20,Port Robert,East,Keyboard,Office,5,977,5,4640.75,3571.67,1069.08,Card
2087,2026-04-17,Rosetown,North,Monitor,Office,4,4428,0,17712.0,9648.24,8063.76,Net Banking
2088,2024-05-07,Sarahport,South,Phone,Office,5,2895,0,14475.0,9326.33,5148.67,Cash
2089,2024-12-04,Hartmanberg,West,Speaker,Office,4,2157,10,7765.2,5248.17,2517.03,Cash
2090,2025-07-30,Whiteview,South,Monitor,Electronics,1,3212,15,2730.2,1876.7,853.5,Cash
2091,2026-02-10,Jessicatown,West,Keyboard,Accessories,3,3961,5,11288.85,7447.77,3841.08,UPI
2092,2023-11-02,Port David,South,Tablet,Electronics,1,945,20,756.0,581.2,174.8,Card
2093,2024-01-29,Karenton,North,Phone,Office,4,3478,20,11129.6,8890.18,2239.42,Net Banking
2094,2026-07-21,Jacobsonfurt,North,Laptop,Accessories,2,1908,5,3625.2,2050.2,1575.0,UPI
2095,2025-07-08,East Williamport,West,Keyboard,Electronics,5,3451,0,17255.0,13759.05,3495.95,Cash
2096,2026-07-29,East Travis,South,Laptop,Accessories,2,1073,0,2146.0,1591.53,554.47,Cash
2097,2025-01-02,Lake Elizabethton,West,Keyboard,Accessories,5,1468,0,7340.0,5709.55,1630.45,Cash
2098,2024-02-20,Port Ericabury,East,Laptop,Accessories,1,826,20,660.8,445.95,214.85,Cash
2099,2023-10-12,East Williamtown,North,Phone,Office,3,3805,20,9132.0,6472.59,2659.41,UPI
2100,2024-07-23,Jasonmouth,South,Laptop,Office,3,1677,5,4779.45,3568.79,1210.66,Card
2101,2024-04-11,Ericbury,West,Laptop,Office,2,1812,5,3442.8,1858.38,1584.42,Net Banking
2102,2023-09-20,New Dianaville,South,Monitor,Office,2,1201,0,2402.0,1285.94,1116.06,Cash
2103,2024-11-08,Lake Danielburgh,South,Camera,Accessories,4,1360,0,5440.0,4080.47,1359.53,UPI
2104,2023-08-21,West Brandonchester,West,Phone,Electronics,2,3168,0,6336.0,4181.18,2154.82,Card
2105,2025-08-14,Tannermouth,West,Keyboard,Office,2,699,5,1328.1,829.42,498.68,Card
2106,2026-04-30,South Austinstad,East,Camera,Electronics,3,4361,20,10466.4,8008.35,2458.05,Card
2107,2024-08-02,East Michaelburgh,West,Mouse,Accessories,4,3580,5,13604.0,9295.4,4308.6,Cash
2108,2024-09-04,Lake Tiffany,East,Tablet,Office,5,1854,0,9270.0,5180.83,4089.17,Net Banking
2109,2026-03-01,Lake Mariastad,South,Laptop,Electronics,1,4862,0,4862.0,3592.92,1269.08,UPI
2110,2025-06-02,Kimberlyland,South,Laptop,Office,5,4026,15,17110.5,13222.99,3887.51,Card
2111,2024-07-24,New Justin,North,Printer,Office,5,1998,5,9490.5,5429.94,4060.56,UPI
2112,2025-10-27,Bonillafort,North,Mouse,Accessories,2,4515,20,7224.0,3793.11,3430.89,Cash
2113,2026-03-05,North Christyborough,West,Keyboard,Electronics,5,1215,5,5771.25,2961.84,2809.41,Card
2114,2026-02-26,South Katrina,North,Tablet,Office,1,4343,5,4125.85,2836.32,1289.53,UPI
2115,2024-09-17,Elizabethview,East,Laptop,Electronics,3,3875,5,11043.75,7779.24,3264.51,UPI
2116,2025-06-08,Ericport,South,Speaker,Electronics,1,298,0,298.0,156.48,141.52,UPI
2117,2025-08-05,West Katherine,East,Laptop,Office,2,4038,0,8076.0,5101.56,2974.44,UPI
2118,2026-02-16,East Angela,North,Printer,Office,2,2994,10,5389.2,3307.42,2081.78,Cash
2119,2026-02-04,South Ann,South,Speaker,Office,3,2236,5,6372.6,3348.88,3023.72,Net Banking
2120,2024-10-29,Dunnburgh,North,Headphones,Electronics,3,4123,20,9895.2,7649.74,2245.46,Cash
2121,2025-05-30,South Jamieton,North,Printer,Accessories,5,447,10,2011.5,1234.73,776.77,Net Banking
2122,2026-03-27,Flynnchester,East,Keyboard,Accessories,1,461,20,368.8,189.81,178.99,Cash
2123,2024-01-25,West Barbaraland,East,Printer,Electronics,3,826,10,2230.2,1599.43,630.77,Net Banking
2124,2024-11-23,Smithtown,South,Mouse,Office,4,4712,0,18848.0,10757.32,8090.68,Card
2125,2024-06-23,Greeneshire,South,Speaker,Accessories,3,3127,0,9381.0,5721.13,3659.87,UPI
2126,2024-11-05,Hardyfurt,South,Keyboard,Accessories,5,422,15,1793.5,925.29,868.21,Net Banking
2127,2026-03-31,Coleburgh,South,Headphones,Electronics,5,3008,0,15040.0,11004.92,4035.08,UPI
2128,2024-12-04,Jesseside,East,Printer,Electronics,3,484,0,1452.0,1102.9,349.1,UPI
2129,2024-07-21,Mariaville,West,Camera,Electronics,3,2218,5,6321.3,4198.88,2122.42,Card
2130,2023-08-22,South Jessica,West,Mouse,Electronics,4,1637,20,5238.4,3637.14,1601.26,Card
2131,2024-05-05,East Josephborough,East,Headphones,Office,1,1259,15,1070.15,733.83,336.32,Cash
2132,2025-12-08,Jonesstad,West,Headphones,Accessories,4,2537,5,9640.6,4880.2,4760.4,Net Banking
2133,2025-09-09,Jacksontown,East,Phone,Accessories,2,952,10,1713.6,1350.71,362.89,UPI
2134,2024-05-25,East Danielhaven,East,Mouse,Electronics,4,2488,15,8459.2,4627.2,3832.0,Card
2135,2024-12-04,Lake James,South,Mouse,Electronics,4,1976,10,7113.6,4282.24,2831.36,UPI
2136,2026-06-29,Port Douglas,East,Mouse,Office,1,3948,15,3355.8,1987.7,1368.1,UPI
2137,2024-11-10,Taylorshire,South,Mouse,Accessories,2,992,10,1785.6,1022.14,763.46,Card
2138,2024-11-10,Curtisstad,North,Mouse,Electronics,4,604,10,2174.4,1111.69,1062.71,Card
2139,2026-02-24,South Raymond,East,Speaker,Accessories,2,1811,10,3259.8,1819.94,1439.86,UPI
2140,2024-03-19,New Robert,North,Phone,Office,4,1917,5,7284.6,5403.6,1881.0,Net Banking
2141,2026-04-14,Vargasshire,South,Keyboard,Office,5,3921,0,19605.0,13004.26,6600.74,UPI
2142,2026-01-28,Zacharyton,East,Keyboard,Electronics,2,4135,5,7856.5,4245.75,3610.75,Net Banking
2143,2023-08-07,Lake Christophermouth,West,Monitor,Accessories,1,729,0,729.0,565.3,163.7,UPI
2144,2026-02-18,Marcusberg,North,Laptop,Electronics,4,4201,15,14283.4,10479.36,3804.04,Card
2145,2026-07-14,West Susan,West,Phone,Office,1,340,20,272.0,144.71,127.29,Card
2146,2026-01-05,Jeffersonbury,West,Monitor,Accessories,5,4391,0,21955.0,12587.15,9367.85,Net Banking
2147,2024-03-05,New Elizabeth,West,Laptop,Office,3,2423,20,5815.2,3116.43,2698.77,Card
2148,2024-06-15,New Sandraland,South,Laptop,Electronics,4,3113,20,9961.6,7347.92,2613.68,Cash
2149,2024-12-21,Robertmouth,East,Phone,Office,5,680,0,3400.0,2588.26,811.74,Cash
2150,2025-10-25,Port Amy,East,Laptop,Office,2,1995,15,3391.5,2234.89,1156.61,Card
2151,2024-07-30,West Annette,South,Keyboard,Office,4,1695,5,6441.0,4795.22,1645.78,Card
2152,2025-04-29,Kingview,East,Tablet,Electronics,1,2067,15,1756.95,1023.43,733.52,UPI
2153,2025-08-25,Lake Kara,West,Laptop,Accessories,3,398,10,1074.6,579.23,495.37,UPI
2154,2025-12-01,South Peterstad,West,Tablet,Office,3,2046,15,5217.3,4073.03,1144.27,UPI
2155,2025-03-10,Alexanderhaven,West,Laptop,Electronics,5,886,0,4430.0,3206.89,1223.11,Card
2156,2026-01-08,Port Nicolefurt,West,Speaker,Electronics,1,4361,5,4142.95,2520.56,1622.39,UPI
2157,2024-08-03,West Robertfort,South,Phone,Electronics,4,1361,15,4627.4,2414.6,2212.8,Card
2158,2025-08-19,Dwayneside,West,Printer,Office,3,2889,10,7800.3,4021.96,3778.34,Card
2159,2024-12-08,Patriciafurt,West,Tablet,Office,4,4786,0,19144.0,12359.67,6784.33,Card
2160,2026-07-27,Lindamouth,East,Laptop,Electronics,5,1827,20,7308.0,5476.74,1831.26,Card
2161,2024-07-05,East Elizabeth,West,Keyboard,Accessories,3,4642,0,13926.0,10279.39,3646.61,Cash
2162,2025-09-15,South Nicholasmouth,South,Tablet,Electronics,2,4006,20,6409.6,4621.31,1788.29,Card
2163,2024-04-23,Matthewberg,North,Phone,Office,2,3166,20,5065.6,3632.83,1432.77,Cash
2164,2026-05-26,Fletcherfurt,East,Speaker,Office,4,247,20,790.4,590.17,200.23,UPI
2165,2025-12-16,Lake Ericaburgh,North,Camera,Accessories,3,2440,20,5856.0,3247.35,2608.65,Card
2166,2023-08-31,Lake Erictown,West,Speaker,Office,4,4997,20,15990.4,10987.53,5002.87,Net Banking
2167,2025-07-17,East Johnshire,West,Phone,Office,3,4627,20,11104.8,8082.61,3022.19,Cash
2168,2023-08-20,North Jonathanmouth,South,Headphones,Accessories,2,4484,10,8071.2,5438.24,2632.96,UPI
2169,2024-10-30,South Edwardfurt,South,Headphones,Electronics,3,274,20,657.6,503.85,153.75,UPI
2170,2024-03-01,Shawchester,West,Tablet,Office,2,1927,10,3468.6,2546.5,922.1,UPI
2171,2026-02-27,Hendersonfort,West,Phone,Accessories,4,288,20,921.6,591.57,330.03,Net Banking
2172,2023-08-31,Orozcoburgh,East,Printer,Office,1,3720,5,3534.0,2561.38,972.62,Card
2173,2026-01-07,Cathyhaven,East,Keyboard,Office,5,1905,10,8572.5,6009.7,2562.8,Card
2174,2023-12-06,Jamesshire,East,Tablet,Office,5,243,10,1093.5,818.38,275.12,UPI
2175,2023-11-26,East Jeremymouth,North,Printer,Electronics,2,4738,20,7580.8,4777.76,2803.04,Net Banking
2176,2024-04-14,Matthewtown,West,Mouse,Electronics,5,3038,20,12152.0,8542.45,3609.55,Net Banking
2177,2024-06-14,Carloston,North,Keyboard,Electronics,5,3199,10,14395.5,8955.12,5440.38,Net Banking
2178,2025-10-23,Maldonadoview,East,Speaker,Accessories,4,904,5,3435.2,2507.51,927.69,UPI
2179,2025-09-04,Jasonbury,South,Keyboard,Office,3,1673,10,4517.1,2798.8,1718.3,Cash
2180,2024-10-31,West Jeffrey,South,Camera,Electronics,5,2327,0,11635.0,8800.61,2834.39,UPI
2181,2024-08-03,South Seantown,West,Phone,Electronics,1,4309,15,3662.65,2491.03,1171.62,UPI
2182,2023-10-17,Lake Adamville,South,Speaker,Accessories,4,4227,5,16062.6,8392.98,7669.62,UPI
2183,2026-04-28,Gregorymouth,East,Phone,Accessories,1,642,15,545.7,359.26,186.44,UPI
2184,2023-09-14,West Jill,South,Printer,Electronics,3,545,15,1389.75,864.89,524.86,Net Banking
2185,2024-11-20,New Mary,South,Mouse,Accessories,4,1276,0,5104.0,3669.74,1434.26,UPI
2186,2024-12-09,East Bryceville,West,Headphones,Electronics,4,3709,15,12610.6,8570.8,4039.8,Net Banking
2187,2024-11-20,West Daniellefort,South,Monitor,Electronics,2,3403,15,5785.1,4057.77,1727.33,UPI
2188,2023-11-27,Frankland,South,Speaker,Office,4,3984,15,13545.6,10523.94,3021.66,UPI
2189,2023-10-10,West Shaneland,East,Phone,Electronics,3,286,15,729.3,569.56,159.74,Card
2190,2025-04-29,Bellview,South,Monitor,Accessories,2,3818,5,7254.2,3821.19,3433.01,Card
2191,2025-11-12,Williamsfurt,North,Camera,Electronics,2,2924,15,4970.8,2647.52,2323.28,Card
2192,2026-03-27,West Lindsayburgh,North,Tablet,Electronics,2,932,0,1864.0,1269.16,594.84,Card
2193,2024-02-21,Randallside,East,Headphones,Accessories,4,2049,20,6556.8,5205.2,1351.6,Net Banking
2194,2026-03-15,West Markview,South,Keyboard,Accessories,5,4797,10,21586.5,13228.08,8358.42,UPI
2195,2024-04-17,New Robertview,North,Headphones,Office,5,2530,10,11385.0,6596.24,4788.76,Cash
2196,2025-07-27,South Brittanymouth,North,Phone,Accessories,1,1253,15,1065.05,626.47,438.58,Cash
2197,2025-11-26,Lorishire,East,Phone,Accessories,3,533,5,1519.05,965.39,553.66,Net Banking
2198,2025-09-21,Kristaberg,West,Printer,Electronics,5,987,5,4688.25,3617.05,1071.2,Card
2199,2025-08-04,East Darrell,West,Speaker,Office,1,214,5,203.3,140.63,62.67,Card
2200,2023-08-08,South Denisemouth,West,Headphones,Office,1,1684,10,1515.6,993.97,521.63,Cash
2201,2025-09-29,Stephaniestad,South,Printer,Electronics,4,3687,5,14010.6,10190.8,3819.8,UPI
2202,2026-05-04,Samanthaton,East,Tablet,Electronics,5,1551,20,6204.0,4370.47,1833.53,Cash
2203,2025-06-14,New Ryan,North,Camera,Office,2,4789,15,8141.3,6414.78,1726.52,Net Banking
2204,2024-08-30,Lake Kathrynmouth,North,Tablet,Accessories,4,1074,15,3651.6,2349.79,1301.81,Card
2205,2025-12-08,Patelmouth,North,Monitor,Electronics,4,4345,5,16511.0,12515.84,3995.16,Net Banking
2206,2024-01-02,Travisport,South,Headphones,Electronics,5,1276,0,6380.0,4451.15,1928.85,Cash
2207,2023-09-25,Robinside,East,Laptop,Accessories,3,1404,0,4212.0,3359.68,852.32,Net Banking
2208,2024-11-08,East Carolyn,North,Printer,Office,1,2270,15,1929.5,1294.37,635.13,Card
2209,2025-09-15,Kennethchester,West,Camera,Office,1,4774,5,4535.3,2713.1,1822.2,UPI
2210,2026-03-16,Warefurt,East,Keyboard,Accessories,5,4938,20,19752.0,14453.95,5298.05,Cash
2211,2024-10-03,Kevinside,North,Monitor,Electronics,5,232,5,1102.0,592.94,509.06,Card
2212,2025-02-11,Staceyfurt,East,Printer,Accessories,5,3648,20,14592.0,10433.65,4158.35,Card
2213,2024-04-10,Collinsfort,North,Phone,Accessories,3,2866,20,6878.4,4496.15,2382.25,Cash
2214,2024-08-23,West Tracyshire,North,Camera,Electronics,4,4570,20,14624.0,9320.84,5303.16,Cash
2215,2025-03-01,Lancefurt,West,Camera,Electronics,2,2027,20,3243.2,2012.39,1230.81,Card
2216,2024-01-31,Garciaberg,North,Speaker,Electronics,1,3802,10,3421.8,2101.45,1320.35,Net Banking
2217,2024-08-31,Hollyfurt,South,Speaker,Office,4,4459,15,15160.6,9328.96,5831.64,Net Banking
2218,2025-04-21,Pittmanton,South,Monitor,Office,5,4173,5,19821.75,14888.38,4933.37,Card
2219,2023-12-15,North Jeremiahborough,North,Tablet,Office,4,412,20,1318.4,785.08,533.32,Card
2220,2024-06-17,Petersville,North,Monitor,Accessories,2,3120,0,6240.0,4421.98,1818.02,Net Banking
2221,2024-09-01,Carterchester,North,Phone,Electronics,5,2818,15,11976.5,8033.33,3943.17,Cash
2222,2024-11-16,Howeville,East,Mouse,Electronics,5,1541,10,6934.5,5240.71,1693.79,Net Banking
2223,2023-10-27,Walkerborough,East,Speaker,Accessories,4,4962,15,16870.8,9427.95,7442.85,Card
2224,2026-03-28,South Robert,East,Tablet,Electronics,2,1190,20,1904.0,1374.32,529.68,Card
2225,2024-07-02,East Christine,South,Mouse,Electronics,5,4790,0,23950.0,14419.24,9530.76,Cash
2226,2025-07-05,East Joshuamouth,West,Headphones,Accessories,2,4466,10,8038.8,5761.62,2277.18,Net Banking
2227,2026-04-19,New Brian,South,Keyboard,Accessories,2,4814,5,9146.6,5680.91,3465.69,Cash
2228,2024-12-16,North Cindy,West,Monitor,Accessories,1,1931,20,1544.8,821.62,723.18,UPI
2229,2023-11-29,Kimfort,East,Laptop,Office,4,4351,10,15663.6,12325.34,3338.26,Cash
2230,2024-02-16,West Jeremy,South,Mouse,Office,4,2453,10,8830.8,5009.38,3821.42,UPI
2231,2024-07-18,East Jenniferfort,North,Camera,Office,5,4826,0,24130.0,18770.62,5359.38,Net Banking
2232,2026-01-12,Port David,East,Speaker,Electronics,2,484,5,919.6,603.68,315.92,Cash
2233,2025-12-10,Johnsonstad,East,Phone,Accessories,1,804,10,723.6,407.43,316.17,Cash
2234,2025-09-03,Lake Hannah,South,Phone,Electronics,4,980,10,3528.0,2639.93,888.07,Card
2235,2024-01-14,Port Kathleentown,North,Keyboard,Accessories,3,1856,15,4732.8,3042.04,1690.76,Net Banking
2236,2023-12-05,North Jamesburgh,East,Headphones,Office,3,475,0,1425.0,1122.81,302.19,UPI
2237,2023-08-10,Wolfeton,South,Camera,Accessories,3,813,0,2439.0,1787.54,651.46,UPI
2238,2025-07-31,Port Margaret,South,Camera,Electronics,5,4390,15,18657.5,12471.53,6185.97,Cash
2239,2025-02-28,Port Karenstad,East,Tablet,Electronics,3,1163,5,3314.55,2497.22,817.33,Card
2240,2024-12-02,Jonesside,East,Speaker,Office,3,4666,15,11898.3,7434.35,4463.95,Net Banking
2241,2025-09-25,New William,South,Headphones,Accessories,4,4514,15,15347.6,8960.87,6386.73,Cash
2242,2024-05-09,Reedview,East,Speaker,Accessories,5,2863,10,12883.5,8534.09,4349.41,Cash
2243,2025-02-01,Chaneytown,East,Speaker,Electronics,3,2459,5,7008.15,4559.57,2448.58,UPI
2244,2026-04-01,East Audrey,North,Laptop,Electronics,4,2822,0,11288.0,6104.97,5183.03,Card
2245,2024-12-16,Charleshaven,South,Phone,Electronics,3,3151,5,8980.35,6069.81,2910.54,Card
2246,2025-11-18,South Jacob,North,Monitor,Accessories,1,2770,10,2493.0,1298.29,1194.71,Net Banking
2247,2023-10-05,Leebury,West,Printer,Office,1,4374,5,4155.3,2867.26,1288.04,Card
2248,2025-06-03,East Robin,West,Tablet,Office,1,2425,10,2182.5,1277.44,905.06,Net Banking
2249,2026-01-08,Juliaborough,West,Mouse,Office,2,4192,5,7964.8,4993.31,2971.49,Net Banking
2250,2024-05-02,East Bobby,South,Monitor,Accessories,2,152,5,288.8,176.14,112.66,Card
2251,2025-04-21,Thomasland,South,Printer,Electronics,1,4407,5,4186.65,3104.88,1081.77,Card
2252,2025-11-28,Nicolechester,South,Laptop,Office,2,615,5,1168.5,654.42,514.08,Cash
2253,2025-01-16,North Jessicabury,North,Phone,Office,5,858,0,4290.0,2630.4,1659.6,Card
2254,2026-03-29,Barberland,West,Monitor,Electronics,4,2249,15,7646.6,4190.68,3455.92,Card
2255,2025-03-05,New Alexis,West,Headphones,Electronics,4,3409,20,10908.8,7765.43,3143.37,Cash
2256,2026-02-24,South Allison,East,Printer,Office,4,3903,10,14050.8,8122.8,5928.0,Cash
2257,2024-01-06,Paulstad,North,Monitor,Electronics,4,1211,15,4117.4,2249.86,1867.54,UPI
2258,2025-05-30,Lake Roger,South,Phone,Accessories,5,3815,15,16213.75,12482.89,3730.86,UPI
2259,2024-06-17,West Justin,West,Headphones,Electronics,5,1588,15,6749.0,5318.92,1430.08,Net Banking
2260,2025-02-02,Nicholasfort,South,Speaker,Office,2,1724,15,2930.8,2157.55,773.25,Card
2261,2024-11-18,North Stephanie,South,Tablet,Electronics,1,2769,5,2630.55,1451.44,1179.11,UPI
2262,2025-02-14,Port Cheryl,East,Keyboard,Office,4,2778,20,8889.6,4645.78,4243.82,Card
2263,2026-02-20,Hooverburgh,South,Speaker,Office,2,1464,10,2635.2,1834.09,801.11,Card
2264,2026-07-24,Connerborough,North,Camera,Office,3,4654,10,12565.8,7288.58,5277.22,Net Banking
2265,2024-05-24,North Devin,East,Keyboard,Electronics,4,1892,5,7189.6,5338.08,1851.52,Cash
2266,2025-12-23,East Kyle,West,Speaker,Office,3,2179,20,5229.6,3886.79,1342.81,UPI
2267,2026-05-15,South Jessebury,West,Laptop,Electronics,2,3760,20,6016.0,4496.72,1519.28,Card
2268,2024-07-01,South Rose,South,Speaker,Accessories,4,672,5,2553.6,1319.27,1234.33,Net Banking
2269,2024-09-09,Port Timothyview,East,Headphones,Office,1,1855,15,1576.75,1123.24,453.51,Card
2270,2025-03-25,North Marisatown,North,Headphones,Accessories,2,1322,0,2644.0,1966.33,677.67,Net Banking
2271,2024-01-19,New Jessica,North,Mouse,Office,1,4589,5,4359.55,2406.38,1953.17,Net Banking
2272,2023-08-02,Brownstad,West,Monitor,Office,5,3914,20,15656.0,10192.65,5463.35,Card
2273,2025-12-30,Stephenburgh,West,Laptop,Electronics,3,4313,10,11645.1,6467.65,5177.45,Card
2274,2023-10-06,Lake Carlaside,West,Phone,Office,1,2378,10,2140.2,1221.81,918.39,Cash
2275,2024-01-22,East Lisa,South,Keyboard,Office,1,3870,0,3870.0,2337.74,1532.26,UPI
2276,2023-11-25,Paulville,East,Laptop,Electronics,1,1322,20,1057.6,581.94,475.66,Cash
2277,2026-01-19,Caitlinborough,South,Laptop,Office,2,4015,10,7227.0,5030.91,2196.09,Card
2278,2025-09-04,Stephentown,North,Keyboard,Office,1,4823,15,4099.55,3270.02,829.53,Net Banking
2279,2024-01-24,Justinview,South,Headphones,Electronics,1,1043,5,990.85,613.68,377.17,Card
2280,2023-09-04,Phillipsborough,South,Laptop,Electronics,2,1067,15,1813.9,1130.12,683.78,UPI
2281,2024-12-17,North Shannonmouth,South,Headphones,Electronics,1,1023,15,869.55,539.82,329.73,UPI
2282,2024-09-30,Vasquezville,East,Printer,Accessories,5,361,15,1534.25,829.72,704.53,Card
2283,2024-12-16,Nicholasburgh,South,Tablet,Accessories,2,1853,0,3706.0,2179.44,1526.56,Cash
2284,2024-08-16,Spencerfort,West,Mouse,Office,2,4492,0,8984.0,6271.74,2712.26,UPI
2285,2025-08-17,Yvetteland,East,Laptop,Office,2,2410,5,4579.0,2427.5,2151.5,Net Banking
2286,2025-04-19,West Kyle,East,Headphones,Electronics,5,1251,10,5629.5,4266.9,1362.6,Cash
2287,2023-08-13,North Amberburgh,South,Monitor,Accessories,4,1155,0,4620.0,3474.23,1145.77,Net Banking
2288,2025-01-08,Elizabethmouth,East,Headphones,Office,1,110,5,104.5,74.69,29.81,Net Banking
2289,2024-07-29,North Kaitlin,North,Headphones,Accessories,1,896,5,851.2,673.01,178.19,Card
2290,2026-04-21,Hobbsborough,East,Tablet,Accessories,4,3041,20,9731.2,5819.18,3912.02,Card
2291,2026-03-31,Levyville,South,Laptop,Electronics,2,321,10,577.8,452.1,125.7,Net Banking
2292,2023-10-12,Patelton,South,Camera,Electronics,1,3560,0,3560.0,2166.43,1393.57,Net Banking
2293,2025-07-08,West Amandashire,North,Camera,Office,3,594,5,1692.9,1150.7,542.2,UPI
2294,2024-09-02,Zimmermanfort,South,Headphones,Electronics,4,3591,20,11491.2,5822.75,5668.45,Cash
2295,2025-05-04,Bowersberg,South,Laptop,Electronics,5,976,10,4392.0,2616.89,1775.11,Cash
2296,2024-08-26,New Maryborough,East,Tablet,Accessories,1,2145,0,2145.0,1152.74,992.26,Net Banking
2297,2024-01-31,Kellyshire,East,Camera,Office,3,3566,10,9628.2,6613.34,3014.86,Cash
2298,2023-08-30,East Stephanie,South,Mouse,Accessories,3,2435,15,6209.25,4675.89,1533.36,UPI
2299,2026-02-21,Michelleport,North,Laptop,Office,2,2157,15,3666.9,2311.08,1355.82,UPI
2300,2025-05-27,South Frank,North,Tablet,Office,1,4312,0,4312.0,2206.1,2105.9,Card
2301,2026-03-19,East Michaelfurt,North,Camera,Electronics,1,3780,15,3213.0,1872.7,1340.3,Net Banking
2302,2025-09-22,Kathrynbury,North,Monitor,Accessories,5,449,20,1796.0,905.07,890.93,UPI
2303,2024-10-26,New Matthewshire,North,Monitor,Office,2,4955,0,9910.0,7536.85,2373.15,UPI
2304,2024-10-10,North Thomas,West,Camera,Electronics,4,791,5,3005.8,1961.31,1044.49,Card
2305,2026-05-07,West Brandon,North,Mouse,Accessories,1,3884,5,3689.8,2212.56,1477.24,Cash
2306,2024-09-22,Lake Mark,South,Phone,Office,4,2559,5,9724.2,7198.9,2525.3,Card
2307,2025-06-02,Kylieton,East,Printer,Office,1,242,20,193.6,122.07,71.53,Cash
2308,2024-10-03,East Caitlin,West,Laptop,Electronics,4,3589,15,12202.6,8283.71,3918.89,UPI
2309,2025-09-03,Wilsonmouth,South,Speaker,Accessories,5,144,10,648.0,362.68,285.32,Card
2310,2025-09-15,Jonathanfort,West,Headphones,Electronics,4,2182,15,7418.8,5689.41,1729.39,Cash
2311,2024-05-22,Bartlettstad,South,Camera,Electronics,5,624,20,2496.0,1428.12,1067.88,UPI
2312,2025-09-04,East Lisa,North,Mouse,Accessories,1,2279,15,1937.15,1209.64,727.51,UPI
2313,2026-04-04,West Alicia,West,Camera,Electronics,1,1054,0,1054.0,668.32,385.68,Cash
2314,2025-07-22,Port Tonya,North,Speaker,Office,1,260,10,234.0,158.11,75.89,Cash
2315,2026-05-19,Johnberg,North,Monitor,Electronics,5,124,10,558.0,320.73,237.27,UPI
2316,2025-06-15,Lake Daltonland,East,Speaker,Accessories,3,4211,0,12633.0,9378.1,3254.9,Net Banking
2317,2025-11-05,Marissafurt,North,Keyboard,Accessories,5,4435,15,18848.75,13037.01,5811.74,Net Banking
2318,2024-07-20,Debbieshire,East,Phone,Accessories,1,3496,15,2971.6,2023.35,948.25,Net Banking
2319,2024-01-11,Martinezfort,North,Camera,Accessories,1,1316,5,1250.2,806.99,443.21,Cash
2320,2025-04-07,Ashleyville,West,Headphones,Electronics,2,2011,5,3820.9,2784.13,1036.77,Cash
2321,2025-07-16,Angelabury,West,Laptop,Electronics,5,4756,0,23780.0,18993.11,4786.89,Cash
2322,2024-06-28,East Micheletown,West,Laptop,Office,2,3629,5,6895.1,3501.97,3393.13,Net Banking
2323,2026-05-14,West Crystalchester,North,Headphones,Office,5,1505,0,7525.0,3963.47,3561.53,UPI
2324,2025-11-28,Marcushaven,North,Keyboard,Accessories,3,878,20,2107.2,1650.18,457.02,Net Banking
2325,2024-07-17,West Katie,North,Printer,Office,2,1017,0,2034.0,1612.56,421.44,Cash
2326,2024-06-23,Jamesview,West,Mouse,Accessories,5,350,0,1750.0,1384.52,365.48,Card
2327,2024-01-08,New Russellburgh,East,Printer,Office,2,1085,15,1844.5,1446.16,398.34,Card
2328,2025-06-25,East Melinda,North,Printer,Electronics,5,3707,20,14828.0,9076.81,5751.19,UPI
2329,2025-12-31,West Victoriahaven,West,Monitor,Accessories,1,2225,20,1780.0,915.0,865.0,UPI
2330,2025-09-30,Lopezville,East,Speaker,Accessories,2,1647,15,2799.9,1873.21,926.69,UPI
2331,2026-01-29,New Ashleeborough,East,Headphones,Office,1,1392,20,1113.6,854.46,259.14,Net Banking
2332,2026-06-01,Taylorborough,West,Speaker,Office,5,4234,5,20111.5,12851.4,7260.1,Net Banking
2333,2025-05-11,South Karen,South,Phone,Accessories,1,2288,0,2288.0,1548.18,739.82,UPI
2334,2025-09-27,West Laurashire,North,Camera,Office,5,3569,0,17845.0,10820.9,7024.1,Card
2335,2025-03-17,Erinport,South,Monitor,Office,2,4093,10,7367.4,5173.81,2193.59,Net Banking
2336,2024-06-20,Thomasborough,West,Headphones,Accessories,3,976,15,2488.8,1678.22,810.58,UPI
2337,2025-06-17,Crystalmouth,West,Tablet,Office,5,3554,10,15993.0,12003.16,3989.84,Card
2338,2026-03-29,Port Kevinborough,East,Headphones,Electronics,3,3616,0,10848.0,6288.51,4559.49,Net Banking
2339,2025-05-12,Birdfort,West,Headphones,Electronics,1,1352,20,1081.6,650.48,431.12,Cash
2340,2023-08-01,East Megan,South,Laptop,Office,5,2091,15,8886.75,5177.11,3709.64,Card
2341,2023-11-06,Lake Sarahmouth,South,Speaker,Electronics,3,4479,15,11421.45,7536.0,3885.45,Net Banking
2342,2024-02-08,Marvinport,West,Speaker,Office,2,2217,15,3768.9,2426.63,1342.27,UPI
2343,2026-04-14,Millerchester,North,Mouse,Electronics,4,280,20,896.0,671.92,224.08,Card
2344,2024-08-02,Matthewport,South,Keyboard,Office,1,4904,5,4658.8,2829.4,1829.4,Net Banking
2345,2026-01-10,New Christopherstad,West,Laptop,Accessories,1,2005,5,1904.75,1223.86,680.89,Card
2346,2024-09-14,Port Martin,North,Tablet,Accessories,2,458,10,824.4,491.64,332.76,UPI
2347,2023-11-17,Perrybury,West,Headphones,Accessories,2,3051,10,5491.8,3982.34,1509.46,UPI
2348,2026-05-25,Christinaland,North,Keyboard,Office,5,897,15,3812.25,2269.68,1542.57,Cash
2349,2023-08-22,Port Jacobport,North,Camera,Office,3,331,20,794.4,496.43,297.97,Net Banking
2350,2026-05-21,Fisherfort,North,Printer,Office,1,4325,5,4108.75,2917.45,1191.3,UPI
2351,2025-03-28,South Jaimefurt,East,Phone,Accessories,4,3882,20,12422.4,6753.29,5669.11,Cash
2352,2024-02-28,North Maureenhaven,East,Speaker,Electronics,4,4335,0,17340.0,12765.41,4574.59,Net Banking
2353,2025-02-02,East Terriberg,South,Speaker,Accessories,4,2271,20,7267.2,4554.03,2713.17,Net Banking
2354,2024-12-10,South Nicholasside,North,Monitor,Accessories,3,4251,15,10840.05,7264.64,3575.41,Cash
2355,2025-05-01,West Amy,South,Speaker,Office,3,503,0,1509.0,810.69,698.31,Card
2356,2023-09-08,West James,West,Laptop,Accessories,1,4013,10,3611.7,2072.82,1538.88,UPI
2357,2025-05-16,Jarvistown,North,Keyboard,Office,1,3986,0,3986.0,2498.2,1487.8,Net Banking
2358,2026-02-21,North Michaelhaven,South,Phone,Office,2,3550,10,6390.0,3671.48,2718.52,Cash
2359,2023-11-19,Suttonfort,West,Laptop,Electronics,3,3150,20,7560.0,3906.58,3653.42,UPI
2360,2025-11-18,Kevinfort,East,Printer,Office,5,4789,10,21550.5,15992.58,5557.92,Cash
2361,2024-08-11,Port Shannon,West,Mouse,Office,2,484,10,871.2,676.18,195.02,Net Banking
2362,2024-06-28,East Joseborough,West,Mouse,Electronics,4,4175,15,14195.0,7310.43,6884.57,UPI
2363,2024-05-09,New Johntown,West,Camera,Accessories,3,2678,15,6828.9,5186.91,1641.99,UPI
2364,2025-07-29,Teresahaven,South,Keyboard,Office,5,3791,10,17059.5,12460.29,4599.21,UPI
2365,2026-06-30,Lake David,East,Mouse,Accessories,4,1171,5,4449.8,3368.99,1080.81,Net Banking
2366,2025-06-18,New Grace,East,Laptop,Electronics,2,1609,15,2735.3,1643.78,1091.52,Net Banking
2367,2026-02-18,Lake Sarah,North,Tablet,Electronics,3,2942,5,8384.7,6519.99,1864.71,Card
2368,2024-05-25,South Andreachester,West,Tablet,Accessories,1,1532,5,1455.4,856.12,599.28,Net Banking
2369,2024-01-11,West Williamburgh,North,Tablet,Electronics,3,3386,5,9650.1,7036.3,2613.8,UPI
2370,2024-03-12,Smithton,North,Phone,Accessories,1,1548,10,1393.2,992.99,400.21,Cash
2371,2025-07-19,East Jeremy,North,Printer,Electronics,5,4335,15,18423.75,14702.37,3721.38,UPI
2372,2024-01-27,Aaronstad,West,Camera,Office,4,4923,20,15753.6,12517.71,3235.89,Card
2373,2026-06-16,Jamesshire,East,Camera,Electronics,2,748,5,1421.2,956.97,464.23,Cash
2374,2024-06-07,Walkerton,South,Tablet,Electronics,4,1205,15,4097.0,3022.6,1074.4,Card
2375,2024-07-14,Powellmouth,East,Keyboard,Office,1,1448,0,1448.0,812.57,635.43,Net Banking
2376,2024-05-27,Joshuatown,West,Printer,Electronics,3,1967,15,5015.85,3028.15,1987.7,Net Banking
2377,2025-05-04,Lake Jennifer,East,Printer,Electronics,5,2970,5,14107.5,8613.32,5494.18,Cash
2378,2024-03-15,Herringchester,South,Printer,Accessories,2,1110,20,1776.0,1258.14,517.86,Cash
2379,2026-03-17,Wilcoxshire,West,Mouse,Accessories,3,2298,0,6894.0,3512.01,3381.99,Cash
2380,2025-09-16,Campbellview,South,Phone,Electronics,3,3927,10,10602.9,7654.55,2948.35,Card
2381,2024-06-09,West Ryanmouth,West,Speaker,Office,2,1362,15,2315.4,1355.99,959.41,UPI
2382,2025-05-01,Millermouth,South,Mouse,Office,4,3691,15,12549.4,9151.61,3397.79,Card
2383,2025-02-14,Alyssaville,West,Headphones,Electronics,4,1490,0,5960.0,3322.63,2637.37,Net Banking
2384,2026-04-18,New Warren,North,Speaker,Accessories,3,203,20,487.2,252.48,234.72,Card
2385,2023-11-08,North Christianburgh,South,Laptop,Accessories,1,2188,10,1969.2,1406.85,562.35,Card
2386,2025-10-29,Amychester,East,Speaker,Electronics,3,4567,20,10960.8,8208.8,2752.0,Cash
2387,2025-09-23,Port Jessica,North,Printer,Electronics,2,2603,0,5206.0,2658.86,2547.14,Net Banking
2388,2023-08-13,New Jeremyport,North,Tablet,Accessories,4,3984,20,12748.8,7470.56,5278.24,Card
2389,2026-02-17,Lake Victoria,East,Mouse,Accessories,3,2181,10,5888.7,4563.96,1324.74,Net Banking
2390,2025-05-10,New Jeremytown,East,Phone,Accessories,1,4455,5,4232.25,3156.56,1075.69,Card
2391,2023-12-16,Lake Brianamouth,East,Keyboard,Office,4,4625,0,18500.0,9336.41,9163.59,UPI
2392,2025-10-18,Huntershire,East,Printer,Office,2,4496,15,7643.2,6023.63,1619.57,Net Banking
2393,2025-04-20,New Justin,South,Speaker,Electronics,5,4752,20,19008.0,11930.86,7077.14,Cash
2394,2025-05-09,Estradaberg,West,Phone,Accessories,3,4042,20,9700.8,6896.52,2804.28,Net Banking
2395,2025-06-01,Wileyside,North,Speaker,Office,2,2179,15,3704.3,2110.58,1593.72,Net Banking
2396,2025-11-17,Beckerbury,South,Printer,Office,3,1533,10,4139.1,2233.71,1905.39,Card
2397,2025-08-10,Lake Krystal,South,Speaker,Electronics,5,3782,5,17964.5,11792.6,6171.9,Card
2398,2024-12-12,Angieton,South,Speaker,Electronics,1,4603,15,3912.55,1991.59,1920.96,Card
2399,2025-06-21,Sanchezborough,South,Headphones,Electronics,5,4316,0,21580.0,15397.49,6182.51,UPI
2400,2025-04-22,Amyville,South,Laptop,Electronics,1,1058,0,1058.0,587.76,470.24,UPI
2401,2024-01-15,Scottberg,North,Laptop,Electronics,5,3261,15,13859.25,8733.98,5125.27,Net Banking
2402,2025-07-25,Thompsonmouth,East,Keyboard,Accessories,4,1096,0,4384.0,2912.39,1471.61,Net Banking
2403,2025-06-12,South Danielbury,South,Printer,Accessories,1,2465,0,2465.0,1910.82,554.18,Cash
2404,2024-05-22,Amyshire,North,Camera,Accessories,2,796,20,1273.6,831.79,441.81,Net Banking
2405,2025-03-25,Timothymouth,West,Speaker,Accessories,5,1232,5,5852.0,3478.77,2373.23,UPI
2406,2025-04-11,West Frederick,North,Camera,Accessories,1,129,5,122.55,88.24,34.31,Card
2407,2024-01-14,Lake Hollymouth,West,Camera,Electronics,1,3131,10,2817.9,2206.52,611.38,Cash
2408,2025-01-29,Port Alicia,West,Tablet,Accessories,1,477,15,405.45,255.37,150.08,UPI
2409,2026-04-07,Mcculloughside,East,Phone,Office,1,206,15,175.1,135.67,39.43,UPI
2410,2025-06-22,Perezhaven,East,Phone,Accessories,2,2411,0,4822.0,3579.51,1242.49,Cash
2411,2024-08-09,Port Kimberly,North,Monitor,Office,5,3945,0,19725.0,12956.13,6768.87,Card
2412,2025-10-26,Clarkburgh,South,Tablet,Office,4,3538,20,11321.6,6347.92,4973.68,Net Banking
2413,2024-06-12,East Mary,North,Printer,Electronics,2,3281,20,5249.6,3347.85,1901.75,Net Banking
2414,2026-07-26,South Chrisburgh,North,Camera,Office,5,4650,20,18600.0,14309.2,4290.8,Net Banking
2415,2024-03-23,West Carlos,West,Headphones,Accessories,5,695,10,3127.5,1592.49,1535.01,Net Banking
2416,2025-08-05,North Wandahaven,North,Speaker,Electronics,1,4764,15,4049.4,3114.14,935.26,Card
2417,2026-04-09,Cookland,East,Camera,Office,1,812,5,771.4,485.58,285.82,Card
2418,2026-03-07,Gomezborough,North,Speaker,Accessories,4,220,10,792.0,628.32,163.68,Card
2419,2026-05-29,Port Kristihaven,East,Phone,Accessories,1,3876,10,3488.4,2095.43,1392.97,Net Banking
2420,2025-06-13,Anthonymouth,South,Camera,Accessories,4,2482,0,9928.0,6962.4,2965.6,Net Banking
2421,2024-05-21,Davidland,South,Mouse,Electronics,5,1614,0,8070.0,4268.8,3801.2,Net Banking
2422,2024-06-21,South Danaview,South,Speaker,Accessories,2,3669,10,6604.2,3652.83,2951.37,Cash
2423,2024-01-31,Adamsmouth,East,Monitor,Accessories,5,4913,0,24565.0,15593.46,8971.54,Card
2424,2025-09-03,Davisfurt,East,Camera,Electronics,1,4634,10,4170.6,2937.37,1233.23,Cash
2425,2025-11-15,Ryanshire,South,Headphones,Accessories,4,4243,5,16123.4,8075.66,8047.74,Net Banking
2426,2024-04-08,East Sarah,North,Phone,Office,1,4806,0,4806.0,3755.55,1050.45,Net Banking
2427,2025-02-15,Murphychester,North,Camera,Electronics,2,2903,15,4935.1,2874.86,2060.24,Card
2428,2024-11-19,Lake Meganmouth,South,Printer,Office,2,2381,15,4047.7,3228.3,819.4,Cash
2429,2026-05-05,Schneiderhaven,South,Headphones,Office,3,141,0,423.0,222.79,200.21,Cash
2430,2023-08-03,South Mark,West,Phone,Accessories,4,2069,0,8276.0,4476.28,3799.72,Cash
2431,2024-08-29,South Christopherberg,East,Printer,Office,1,4044,0,4044.0,2093.48,1950.52,UPI
2432,2024-03-18,North Gavinborough,North,Speaker,Electronics,1,1051,20,840.8,514.18,326.62,Net Banking
2433,2025-02-07,New Michaelfort,North,Laptop,Office,1,805,10,724.5,402.66,321.84,Cash
2434,2024-06-23,Laurentown,South,Keyboard,Electronics,2,3709,0,7418.0,5535.64,1882.36,UPI
2435,2024-06-03,New Sarah,North,Laptop,Accessories,4,680,15,2312.0,1567.75,744.25,Cash
2436,2024-04-08,East Ginafort,East,Mouse,Electronics,1,4230,20,3384.0,2489.14,894.86,Card
2437,2025-09-14,Lake Cody,South,Tablet,Accessories,5,4375,15,18593.75,11601.78,6991.97,Card
2438,2026-01-20,Martinburgh,North,Tablet,Office,5,2206,10,9927.0,7812.2,2114.8,UPI
2439,2024-08-23,Port Katieshire,South,Mouse,Office,5,4316,5,20501.0,16261.83,4239.17,UPI
2440,2026-07-09,Port Mark,North,Headphones,Accessories,2,679,0,1358.0,784.03,573.97,Net Banking
2441,2025-09-06,Johnsonmouth,East,Keyboard,Office,2,1600,0,3200.0,2049.54,1150.46,Cash
2442,2025-08-09,Shirleyberg,South,Monitor,Electronics,4,2197,20,7030.4,5126.44,1903.96,Net Banking
2443,2024-06-01,Christopherburgh,West,Laptop,Office,5,595,15,2528.75,1918.34,610.41,Net Banking
2444,2024-05-21,Lynchfurt,East,Mouse,Office,4,1687,20,5398.4,3586.62,1811.78,Card
2445,2024-09-13,East Robert,South,Tablet,Office,5,2587,5,12288.25,7316.13,4972.12,Cash
2446,2024-12-03,Diazport,East,Laptop,Accessories,4,1229,20,3932.8,2022.36,1910.44,Net Banking
2447,2024-11-06,Kellyshire,East,Monitor,Electronics,3,510,15,1300.5,790.75,509.75,Cash
2448,2024-04-19,South Maryland,North,Speaker,Electronics,4,1406,5,5342.8,3576.32,1766.48,Cash
2449,2026-06-08,West Jacquelinefort,East,Laptop,Office,3,977,0,2931.0,1899.33,1031.67,UPI
2450,2025-07-13,Port Lisamouth,West,Printer,Accessories,2,916,0,1832.0,1463.83,368.17,UPI
2451,2026-04-04,Johnsonview,East,Camera,Office,5,256,5,1216.0,727.85,488.15,Net Banking
2452,2023-10-10,Skinnerbury,West,Speaker,Accessories,1,1551,5,1473.45,1016.91,456.54,Card
2453,2024-08-26,Port Donna,North,Phone,Office,3,2295,0,6885.0,4852.39,2032.61,Card
2454,2025-09-08,Taylorborough,East,Laptop,Electronics,2,3685,10,6633.0,4878.44,1754.56,Card
2455,2024-06-10,Emmaville,East,Keyboard,Office,4,515,0,2060.0,1227.46,832.54,Card
2456,2024-01-03,Stephanieside,East,Laptop,Accessories,3,4918,10,13278.6,8392.69,4885.91,Cash
2457,2023-10-01,Daniellefurt,South,Headphones,Accessories,1,4133,0,4133.0,3015.0,1118.0,UPI
2458,2025-07-18,Flemingview,South,Phone,Electronics,3,4932,10,13316.4,9230.58,4085.82,UPI
2459,2024-06-27,East John,East,Laptop,Electronics,4,2458,20,7865.6,4443.04,3422.56,UPI
2460,2025-04-21,Shannonmouth,North,Keyboard,Accessories,1,2372,10,2134.8,1148.13,986.67,UPI
2461,2024-11-06,Wattsfurt,East,Speaker,Electronics,5,2428,0,12140.0,6332.26,5807.74,Card
2462,2023-12-25,Briannaport,South,Monitor,Office,3,1527,20,3664.8,2227.29,1437.51,Cash
2463,2024-09-19,Buckleyport,North,Laptop,Accessories,2,474,10,853.2,525.89,327.31,Net Banking
2464,2024-12-14,Morganmouth,West,Speaker,Accessories,5,4831,0,24155.0,16745.15,7409.85,UPI
2465,2024-06-21,North Erica,West,Mouse,Electronics,1,4578,15,3891.3,2782.82,1108.48,Card
2466,2024-07-13,Port Michaelbury,South,Keyboard,Office,4,4203,10,15130.8,10717.39,4413.41,Card
2467,2023-09-29,East Richardstad,East,Keyboard,Electronics,5,2467,10,11101.5,7485.92,3615.58,UPI
2468,2024-12-13,Vazquezborough,South,Monitor,Accessories,4,4120,15,14008.0,8588.21,5419.79,UPI
2469,2026-01-14,Josephville,North,Camera,Electronics,2,1416,10,2548.8,1907.86,640.94,Net Banking
2470,2025-10-05,Rossburgh,South,Mouse,Electronics,3,2189,5,6238.65,4801.6,1437.05,Net Banking
2471,2026-04-19,Susanchester,South,Speaker,Office,5,2187,5,10388.25,7008.27,3379.98,Card
2472,2025-02-11,Port Wanda,North,Phone,Electronics,2,1913,10,3443.4,2063.66,1379.74,UPI
2473,2025-09-10,Staceymouth,North,Monitor,Electronics,5,426,15,1810.5,1360.91,449.59,UPI
2474,2025-08-24,North Travis,South,Laptop,Electronics,5,4652,15,19771.0,12913.05,6857.95,UPI
2475,2025-03-20,Johnsontown,South,Speaker,Electronics,1,3245,15,2758.25,1746.58,1011.67,Cash
2476,2026-04-10,North Stevenburgh,West,Monitor,Office,3,3839,10,10365.3,7528.02,2837.28,Card
2477,2024-05-12,Thomasland,West,Mouse,Electronics,1,1500,20,1200.0,865.3,334.7,Net Banking
2478,2024-03-07,Mariaside,South,Laptop,Office,1,1991,5,1891.45,1183.53,707.92,Card
2479,2023-09-05,North Joseborough,North,Mouse,Accessories,4,3131,10,11271.6,7396.4,3875.2,Net Banking
2480,2024-11-25,Port Brianaborough,West,Phone,Electronics,1,4981,5,4731.95,2367.53,2364.42,Cash
2481,2024-01-16,North Heatherton,South,Tablet,Office,2,1948,20,3116.8,1564.12,1552.68,Card
2482,2024-08-06,Owensview,North,Printer,Office,1,1500,0,1500.0,908.66,591.34,Net Banking
2483,2024-05-14,South Renee,North,Phone,Office,1,3098,20,2478.4,1309.44,1168.96,Net Banking
2484,2025-09-19,Lake Thomasland,North,Speaker,Accessories,2,4487,10,8076.6,4843.49,3233.11,Net Banking
2485,2024-12-03,East Tammy,North,Laptop,Accessories,4,1471,0,5884.0,3615.81,2268.19,Card
2486,2025-06-22,Stevenstad,North,Printer,Accessories,4,4482,20,14342.4,10863.28,3479.12,Card
2487,2024-11-29,North Michael,East,Monitor,Accessories,5,4866,15,20680.5,15919.11,4761.39,UPI
2488,2024-09-30,West Shelley,West,Headphones,Electronics,1,4309,5,4093.55,2253.24,1840.31,UPI
2489,2025-06-20,Stevenshaven,South,Keyboard,Electronics,2,4615,5,8768.5,6002.15,2766.35,Card
2490,2025-02-14,Whiteheadfort,West,Mouse,Office,1,2164,0,2164.0,1262.1,901.9,Card
2491,2025-05-23,Debbieside,East,Speaker,Office,2,4399,0,8798.0,4573.3,4224.7,Card
2492,2025-10-01,East Tyler,South,Laptop,Accessories,1,1136,0,1136.0,611.48,524.52,Card
2493,2025-04-12,Lisatown,West,Monitor,Electronics,2,1174,5,2230.6,1595.06,635.54,UPI
2494,2025-04-27,South David,South,Printer,Electronics,2,3155,5,5994.5,3071.75,2922.75,Net Banking
2495,2026-07-09,North Denisefurt,South,Laptop,Office,3,485,15,1236.75,712.42,524.33,UPI
2496,2024-08-02,Jacksonstad,West,Camera,Accessories,3,4973,5,14173.05,11061.65,3111.4,Cash
2497,2024-05-12,Jonesfurt,South,Headphones,Electronics,4,4888,0,19552.0,13360.5,6191.5,UPI
2498,2024-07-31,Lake Monicamouth,North,Camera,Accessories,2,5000,0,10000.0,6247.13,3752.87,Net Banking
2499,2026-07-11,New Pamela,South,Phone,Electronics,5,434,5,2061.5,1390.71,670.79,Cash
2500,2025-01-11,East Adrian,West,Tablet,Electronics,2,4533,10,8159.4,4243.41,3915.99,Card
2501,2024-09-05,East Virginiaton,West,Camera,Electronics,5,764,5,3629.0,2836.67,792.33,UPI
2502,2026-06-28,Callahanburgh,West,Tablet,Accessories,3,3424,20,8217.6,6290.08,1927.52,UPI
2503,2026-01-20,Davidsonland,North,Speaker,Office,4,2015,15,6851.0,5336.64,1514.36,Net Banking
2504,2024-09-02,East Paulburgh,East,Mouse,Accessories,3,3062,0,9186.0,5428.55,3757.45,UPI
2505,2023-11-11,Lake Michael,East,Speaker,Electronics,4,3634,15,12355.6,9809.22,2546.38,Card
2506,2025-12-18,Port Kimberlyburgh,West,Headphones,Accessories,5,3514,10,15813.0,7946.99,7866.01,Card
2507,2024-06-21,North Andreafurt,North,Phone,Accessories,2,1483,15,2521.1,1362.42,1158.68,Card
2508,2026-01-18,Port Amber,East,Printer,Office,3,1873,15,4776.15,3341.58,1434.57,Cash
2509,2025-04-19,South Jason,North,Printer,Office,3,1339,0,4017.0,2826.98,1190.02,Net Banking
2510,2026-03-19,West Brandon,South,Keyboard,Office,5,903,20,3612.0,2814.08,797.92,Cash
2511,2024-06-11,North Steven,South,Printer,Accessories,1,4776,15,4059.6,2350.92,1708.68,Card
2512,2025-12-31,Allisonland,South,Monitor,Office,2,2407,15,4091.9,3241.74,850.16,UPI
2513,2025-06-03,Erikachester,East,Keyboard,Electronics,3,4455,5,12696.75,7205.07,5491.68,Card
2514,2026-01-31,North Donna,West,Tablet,Electronics,1,744,10,669.6,505.21,164.39,Cash
2515,2026-07-26,Stephensonport,West,Speaker,Office,3,3129,15,7978.95,5852.63,2126.32,Cash
2516,2023-10-31,Charlesfort,East,Monitor,Electronics,4,2810,15,9554.0,5927.43,3626.57,Cash
2517,2023-12-28,New Keith,East,Tablet,Accessories,2,3676,10,6616.8,4428.59,2188.21,Net Banking
2518,2024-12-11,South Maryport,South,Phone,Electronics,1,3629,5,3447.55,2660.76,786.79,Cash
2519,2026-02-26,Padillaview,North,Speaker,Accessories,3,3130,0,9390.0,6203.47,3186.53,Cash
2520,2025-09-08,North Corey,West,Speaker,Electronics,5,817,10,3676.5,2042.7,1633.8,Cash
2521,2026-01-13,Lake Evan,West,Headphones,Electronics,3,4816,15,12280.8,7603.32,4677.48,Card
2522,2025-11-09,Port Mariaborough,East,Speaker,Electronics,1,3812,10,3430.8,1856.11,1574.69,Cash
2523,2025-02-04,Stokesville,East,Laptop,Office,2,3252,0,6504.0,5072.71,1431.29,Cash
2524,2026-06-22,West Jeffrey,South,Tablet,Electronics,5,4880,5,23180.0,13313.29,9866.71,Cash
2525,2023-08-26,New Luis,North,Camera,Office,3,2630,5,7495.5,5363.17,2132.33,Net Banking
2526,2025-08-16,Changberg,North,Laptop,Office,2,3851,5,7316.9,3887.29,3429.61,UPI
2527,2026-01-20,Lucasmouth,South,Phone,Electronics,4,4448,10,16012.8,12424.74,3588.06,Cash
2528,2024-06-16,Melvinchester,East,Monitor,Electronics,5,3758,0,18790.0,14559.34,4230.66,Card
2529,2024-06-13,Hopkinsbury,West,Mouse,Accessories,3,2388,5,6805.8,4286.86,2518.94,Net Banking
2530,2024-04-11,Hutchinsonmouth,South,Laptop,Office,1,1021,15,867.85,484.43,383.42,Net Banking
2531,2025-02-09,Deborahchester,West,Camera,Electronics,3,1309,5,3730.65,2878.13,852.52,Net Banking
2532,2026-03-06,Port Jose,West,Laptop,Electronics,4,2753,15,9360.2,5208.86,4151.34,Cash
2533,2023-10-06,Adamsmouth,West,Printer,Electronics,1,482,10,433.8,323.0,110.8,UPI
2534,2024-04-01,Victoriashire,North,Laptop,Electronics,3,2766,20,6638.4,4630.19,2008.21,Card
2535,2024-05-01,Susanton,South,Monitor,Accessories,4,1559,5,5924.2,3078.89,2845.31,Card
2536,2024-05-28,Chungland,South,Speaker,Office,1,3585,0,3585.0,2442.33,1142.67,UPI
2537,2026-04-06,Wardside,North,Camera,Electronics,2,3360,20,5376.0,3988.12,1387.88,UPI
2538,2024-11-06,Ginaberg,East,Monitor,Office,2,1096,5,2082.4,1277.4,805.0,Card
2539,2026-06-21,West Darleneshire,North,Speaker,Office,5,3301,5,15679.75,12103.91,3575.84,Card
2540,2024-10-15,South Brittany,East,Speaker,Accessories,5,4070,5,19332.5,11661.19,7671.31,Card
2541,2024-07-12,Rossmouth,West,Keyboard,Office,2,1315,5,2498.5,1362.26,1136.24,Card
2542,2024-06-22,Lake Michaelberg,West,Keyboard,Accessories,5,1527,0,7635.0,4475.63,3159.37,Card
2543,2024-04-18,West Gabrielberg,East,Laptop,Accessories,2,1956,15,3325.2,2088.38,1236.82,Net Banking
2544,2025-05-02,Anthonyburgh,North,Printer,Electronics,1,501,20,400.8,317.77,83.03,Net Banking
2545,2023-10-13,North Joshuaburgh,South,Keyboard,Accessories,5,4178,0,20890.0,15236.07,5653.93,UPI
2546,2025-04-22,New Josephfurt,West,Phone,Accessories,1,215,15,182.75,98.21,84.54,Card
2547,2026-03-05,South Coreyport,West,Tablet,Office,5,4689,5,22272.75,15854.32,6418.43,Cash
2548,2023-10-10,South Makayla,East,Camera,Accessories,5,2215,15,9413.75,6058.15,3355.6,Card
2549,2023-11-12,New Sharon,South,Headphones,Electronics,2,1818,5,3454.2,2744.87,709.33,UPI
2550,2026-04-01,Knighthaven,East,Printer,Office,1,2492,10,2242.8,1792.31,450.49,Card
2551,2026-03-25,Port Geoffrey,West,Headphones,Office,2,1563,10,2813.4,1748.55,1064.85,Cash
2552,2026-05-10,Gilmorebury,South,Camera,Electronics,2,3144,0,6288.0,4842.17,1445.83,UPI
2553,2025-03-01,Michaeltown,West,Mouse,Electronics,1,4454,0,4454.0,2589.85,1864.15,Card
2554,2024-10-17,Thompsonhaven,East,Phone,Office,1,4077,10,3669.3,2086.86,1582.44,Cash
2555,2025-05-01,East Melissa,West,Headphones,Accessories,2,211,0,422.0,238.82,183.18,UPI
2556,2026-02-22,Castanedastad,West,Monitor,Accessories,5,2449,15,10408.25,5919.92,4488.33,UPI
2557,2025-11-20,East Dennis,East,Mouse,Office,3,2367,15,6035.85,3099.47,2936.38,UPI
2558,2025-07-09,Gregoryshire,East,Phone,Electronics,2,651,10,1171.8,616.3,555.5,Cash
2559,2026-06-25,Ariasside,North,Speaker,Office,3,3608,10,9741.6,4920.21,4821.39,Net Banking
2560,2024-10-12,South Tracyberg,West,Monitor,Electronics,5,1832,20,7328.0,4369.78,2958.22,UPI
2561,2024-01-10,Darrellburgh,South,Tablet,Electronics,4,104,5,395.2,199.75,195.45,UPI
2562,2026-02-23,Randymouth,North,Headphones,Accessories,1,4164,0,4164.0,2251.84,1912.16,UPI
2563,2024-08-26,Lake Jasonview,West,Speaker,Accessories,2,4782,5,9085.8,6592.38,2493.42,Net Banking
2564,2025-03-26,Newtonhaven,West,Keyboard,Electronics,5,4741,15,20149.25,12528.7,7620.55,Card
2565,2025-06-24,Meyerhaven,South,Headphones,Accessories,4,4118,15,14001.2,7972.24,6028.96,Net Banking
2566,2024-07-26,East Destinyberg,West,Printer,Accessories,1,3871,10,3483.9,2468.82,1015.08,Cash
2567,2026-05-18,Tylerton,East,Keyboard,Electronics,2,1803,20,2884.8,2221.39,663.41,UPI
2568,2025-05-29,West Kennethborough,East,Headphones,Electronics,4,2793,10,10054.8,5595.63,4459.17,UPI
2569,2026-02-15,Lewismouth,North,Monitor,Electronics,2,474,5,900.6,483.01,417.59,Cash
2570,2026-04-22,Port James,West,Mouse,Accessories,4,3197,10,11509.2,9183.84,2325.36,UPI
2571,2025-06-25,Royville,West,Tablet,Accessories,1,109,5,103.55,64.85,38.7,Cash
2572,2024-06-20,West Clayton,West,Speaker,Accessories,5,3665,15,15576.25,9661.54,5914.71,Cash
2573,2026-06-28,New Kimberly,East,Tablet,Office,1,3538,5,3361.1,2069.42,1291.68,UPI
2574,2023-12-12,North Manuelbury,South,Monitor,Accessories,3,2808,0,8424.0,4270.26,4153.74,Card
2575,2023-12-20,West Teresafurt,West,Mouse,Office,4,1731,0,6924.0,4685.19,2238.81,Net Banking
2576,2023-10-10,Hartview,North,Speaker,Office,5,1627,15,6914.75,4372.98,2541.77,Cash
2577,2025-02-05,East Scottbury,South,Laptop,Office,2,4763,15,8097.1,4589.61,3507.49,Cash
2578,2024-12-16,Paulberg,East,Phone,Electronics,5,3917,0,19585.0,10845.66,8739.34,Card
2579,2025-09-05,Russostad,South,Phone,Accessories,4,3487,5,13250.6,8320.98,4929.62,Cash
2580,2024-12-20,South Amy,West,Monitor,Accessories,5,4684,20,18736.0,13659.2,5076.8,Net Banking
2581,2024-12-07,Wilkinsonview,East,Mouse,Office,4,2131,10,7671.6,6073.7,1597.9,Card
2582,2025-03-05,Port Jordanville,East,Speaker,Electronics,3,2208,0,6624.0,4885.28,1738.72,Net Banking
2583,2023-11-16,Kellytown,South,Mouse,Accessories,5,4925,5,23393.75,16981.39,6412.36,Net Banking
2584,2025-06-08,Port Monique,West,Mouse,Electronics,3,1954,20,4689.6,3584.15,1105.45,Card
2585,2025-10-19,East Thomas,West,Headphones,Office,2,1939,0,3878.0,2629.27,1248.73,Net Banking
2586,2024-11-27,Bakershire,East,Phone,Electronics,2,4815,20,7704.0,5337.05,2366.95,Card
2587,2024-11-04,Josephtown,North,Headphones,Electronics,1,165,20,132.0,83.64,48.36,Net Banking
2588,2025-03-16,Reeseshire,East,Keyboard,Accessories,1,4023,10,3620.7,2137.69,1483.01,Net Banking
2589,2026-07-06,North Alicia,South,Headphones,Electronics,3,2858,15,7287.9,5393.82,1894.08,Card
2590,2024-10-30,Lake Jay,West,Mouse,Accessories,1,451,10,405.9,236.82,169.08,UPI
2591,2023-08-06,Port Anthony,North,Headphones,Office,2,1930,20,3088.0,1594.59,1493.41,Cash
2592,2026-05-21,Stokesmouth,West,Monitor,Accessories,1,1217,0,1217.0,683.0,534.0,Cash
2593,2024-09-24,East Jamesfurt,East,Camera,Electronics,5,4973,15,21135.25,11774.33,9360.92,Net Banking
2594,2023-09-08,Brownfort,North,Mouse,Office,1,4799,20,3839.2,2171.15,1668.05,Cash
2595,2025-06-06,South Gregory,East,Tablet,Accessories,5,2544,5,12084.0,6982.29,5101.71,Card
2596,2024-09-13,South Christopher,East,Laptop,Electronics,1,693,5,658.35,513.75,144.6,Cash
2597,2026-01-31,Trevorview,South,Laptop,Electronics,2,1660,15,2822.0,1544.4,1277.6,Card
2598,2024-02-01,East Zacharyview,West,Keyboard,Office,3,3847,10,10386.9,5764.04,4622.86,UPI
2599,2024-05-18,East Scotthaven,West,Printer,Office,1,2567,5,2438.65,1704.58,734.07,Net Banking
2600,2023-12-18,West Teresaton,East,Headphones,Office,5,329,0,1645.0,1095.0,550.0,Cash
2601,2026-07-29,Deborahchester,North,Camera,Accessories,4,4872,0,19488.0,10638.44,8849.56,Cash
2602,2024-10-31,Donaldfurt,North,Mouse,Electronics,1,3915,10,3523.5,1960.82,1562.68,Cash
2603,2024-07-13,South Danielleshire,East,Laptop,Electronics,1,1371,5,1302.45,860.88,441.57,Card
2604,2024-11-19,Davismouth,South,Camera,Accessories,5,2396,15,10183.0,6285.49,3897.51,Card
2605,2024-06-21,West Christopher,South,Speaker,Electronics,2,1746,5,3317.4,2176.53,1140.87,UPI
2606,2025-10-20,West Donald,North,Keyboard,Electronics,2,233,5,442.7,265.2,177.5,UPI
2607,2026-02-05,Port Stevenmouth,West,Camera,Accessories,2,279,5,530.1,296.42,233.68,UPI
2608,2024-10-18,South James,North,Camera,Accessories,1,3604,15,3063.4,1867.33,1196.07,Card
2609,2026-07-23,Scotthaven,North,Headphones,Accessories,4,2945,10,10602.0,6093.36,4508.64,Cash
2610,2026-06-09,South Kathleenborough,South,Keyboard,Office,2,559,0,1118.0,874.8,243.2,Cash
2611,2024-09-14,Mariofort,East,Headphones,Electronics,4,1497,5,5688.6,2893.86,2794.74,Card
2612,2024-04-21,Tammieview,North,Phone,Accessories,5,2524,15,10727.0,5582.66,5144.34,Card
2613,2026-06-16,Ryanfort,East,Laptop,Accessories,2,1184,10,2131.2,1098.92,1032.28,Net Banking
2614,2025-03-08,Nealbury,North,Camera,Office,3,4576,15,11668.8,8388.63,3280.17,Net Banking
2615,2024-04-03,East Gary,South,Mouse,Electronics,3,2233,15,5694.15,3027.93,2666.22,Net Banking
2616,2025-09-06,Norrisport,West,Headphones,Office,3,4536,5,12927.6,8545.75,4381.85,Net Banking
2617,2024-02-12,Mccartymouth,North,Headphones,Electronics,2,2881,20,4609.6,3510.96,1098.64,Cash
2618,2025-12-14,Andrewburgh,East,Tablet,Accessories,5,428,20,1712.0,1257.6,454.4,Cash
2619,2024-11-27,North Francisco,West,Keyboard,Office,3,4254,5,12123.9,9506.91,2616.99,Card
2620,2025-12-16,Joannafurt,North,Headphones,Electronics,4,4797,0,19188.0,14167.05,5020.95,UPI
2621,2026-06-01,South Nancyville,North,Keyboard,Office,1,1076,20,860.8,548.65,312.15,Cash
2622,2026-04-26,Port Morganfurt,North,Camera,Electronics,5,3507,20,14028.0,7224.41,6803.59,Net Banking
2623,2026-01-14,Kochton,East,Phone,Office,3,395,5,1125.75,764.92,360.83,Cash
2624,2024-04-24,Toddton,North,Camera,Electronics,3,1559,20,3741.6,2228.13,1513.47,Card
2625,2024-10-30,Port Lisaland,East,Keyboard,Electronics,2,1264,15,2148.8,1683.81,464.99,Net Banking
2626,2026-04-13,Mayoborough,East,Headphones,Electronics,2,1439,0,2878.0,1750.44,1127.56,UPI
2627,2025-11-09,South Mitchellfurt,East,Speaker,Office,4,1543,15,5246.2,3691.95,1554.25,Net Banking
2628,2023-09-19,Port Jennifer,South,Keyboard,Accessories,2,1699,0,3398.0,2404.79,993.21,Cash
2629,2025-12-25,Kristopherstad,West,Printer,Office,3,3727,0,11181.0,6612.67,4568.33,Cash
2630,2023-10-22,Grayville,South,Laptop,Accessories,1,2319,15,1971.15,997.88,973.27,Net Banking
2631,2026-04-19,Tinaton,East,Keyboard,Office,5,2961,0,14805.0,10121.04,4683.96,Net Banking
2632,2026-05-12,Phillipsstad,South,Tablet,Accessories,4,2208,20,7065.6,5020.8,2044.8,Card
2633,2023-08-05,Ryanview,East,Headphones,Accessories,2,4996,10,8992.8,5613.62,3379.18,Net Banking
2634,2023-12-11,Reynoldston,East,Speaker,Electronics,4,2712,5,10305.6,5647.52,4658.08,UPI
2635,2024-12-29,East Ronnie,North,Headphones,Office,4,759,15,2580.6,1560.71,1019.89,Card
2636,2025-12-17,South Wayne,South,Headphones,Office,1,3121,20,2496.8,1791.55,705.25,Cash
2637,2024-05-24,East Melissaton,West,Keyboard,Electronics,1,684,10,615.6,478.46,137.14,Card
2638,2026-04-15,New Dianashire,West,Keyboard,Accessories,5,2702,10,12159.0,8842.45,3316.55,Card
2639,2025-08-18,West Traceyburgh,East,Headphones,Electronics,4,1362,15,4630.8,2554.85,2075.95,Net Banking
2640,2023-12-02,East Marie,North,Printer,Accessories,4,722,10,2599.2,1816.77,782.43,UPI
2641,2023-09-22,Rachelmouth,North,Laptop,Accessories,2,1777,0,3554.0,2014.8,1539.2,Card
2642,2025-12-14,North Lindsay,South,Phone,Electronics,2,626,0,1252.0,692.4,559.6,UPI
2643,2024-06-25,Johnsonview,North,Monitor,Office,3,2525,20,6060.0,4234.87,1825.13,Card
2644,2026-03-07,Webbview,West,Mouse,Electronics,4,4551,15,15473.4,10223.83,5249.57,UPI
2645,2025-02-08,Petersonstad,North,Tablet,Accessories,5,998,20,3992.0,2387.28,1604.72,Cash
2646,2025-05-27,Ashleymouth,South,Speaker,Office,2,107,0,214.0,158.01,55.99,Net Banking
2647,2023-12-30,Johnburgh,East,Printer,Accessories,4,4396,15,14946.4,8569.75,6376.65,Net Banking
2648,2025-06-23,Christianmouth,North,Speaker,Accessories,4,2408,15,8187.2,5933.1,2254.1,Card
2649,2026-01-09,New Nicole,South,Tablet,Electronics,2,2526,5,4799.4,2560.66,2238.74,Card
2650,2025-02-21,Willieside,North,Laptop,Accessories,1,1683,5,1598.85,807.63,791.22,Card
2651,2024-06-23,Mayborough,North,Mouse,Office,5,2172,20,8688.0,4909.48,3778.52,Net Banking
2652,2024-06-27,South Gregorytown,West,Headphones,Accessories,5,4755,0,23775.0,12529.76,11245.24,Cash
2653,2024-07-18,East Ryan,South,Phone,Office,5,4415,0,22075.0,15353.3,6721.7,UPI
2654,2024-04-22,Cookton,North,Headphones,Office,1,1896,15,1611.6,1009.95,601.65,UPI
2655,2024-10-27,Laurenshire,South,Printer,Accessories,1,144,10,129.6,101.2,28.4,Card
2656,2025-07-04,New Micheleshire,North,Monitor,Office,5,3344,5,15884.0,12101.87,3782.13,UPI
2657,2025-05-29,West Angela,South,Printer,Office,3,1570,10,4239.0,2430.14,1808.86,UPI
2658,2024-07-29,Allenhaven,South,Speaker,Office,3,4631,5,13198.35,10261.34,2937.01,UPI
2659,2026-02-22,West Glenda,West,Headphones,Accessories,1,3795,15,3225.75,2129.62,1096.13,Net Banking
2660,2025-02-26,Lake Charles,South,Printer,Office,2,1960,5,3724.0,2804.73,919.27,Net Banking
2661,2026-06-16,Burtonton,North,Printer,Accessories,2,1857,15,3156.9,1964.39,1192.51,UPI
2662,2024-10-18,Trevorland,North,Keyboard,Accessories,5,3397,5,16135.75,9992.79,6142.96,Cash
2663,2023-08-21,Jacksonborough,South,Keyboard,Electronics,1,106,0,106.0,59.04,46.96,Card
2664,2024-12-13,East David,South,Monitor,Electronics,1,4528,20,3622.4,2605.69,1016.71,Net Banking
2665,2024-01-12,Ashleyfurt,North,Tablet,Accessories,5,618,20,2472.0,1589.65,882.35,Net Banking
2666,2025-03-01,Lake Jeffery,East,Speaker,Electronics,4,878,0,3512.0,2201.14,1310.86,UPI
2667,2024-10-14,Reyesmouth,East,Keyboard,Electronics,5,4381,0,21905.0,16579.68,5325.32,Card
2668,2025-04-14,Bakerside,North,Monitor,Office,4,3742,15,12722.8,6807.13,5915.67,Net Banking
2669,2023-09-20,East Kevin,East,Monitor,Office,5,4468,5,21223.0,14056.11,7166.89,Net Banking
2670,2025-05-24,Sanchezberg,West,Monitor,Office,2,236,5,448.4,318.57,129.83,Net Banking
2671,2025-02-03,West Danielside,East,Speaker,Electronics,5,3249,5,15432.75,10548.14,4884.61,Card
2672,2025-10-23,West Isabeltown,South,Monitor,Accessories,3,3771,5,10747.35,6366.88,4380.47,Card
2673,2025-09-04,Spencermouth,North,Camera,Office,5,2335,15,9923.75,6832.33,3091.42,Cash
2674,2024-02-15,Lake Sandraville,East,Camera,Electronics,2,4845,20,7752.0,3928.27,3823.73,Net Banking
2675,2024-02-01,Rowemouth,West,Speaker,Office,4,4935,10,17766.0,9218.4,8547.6,Net Banking
2676,2024-06-29,West Antonio,West,Mouse,Office,4,276,20,883.2,442.62,440.58,Net Banking
2677,2025-06-24,Simmonsborough,East,Tablet,Accessories,3,4680,10,12636.0,8916.91,3719.09,UPI
2678,2024-11-07,Sweeneybury,East,Phone,Accessories,5,1685,20,6740.0,4991.61,1748.39,Net Banking
2679,2024-05-13,Lake Dianafort,East,Keyboard,Accessories,2,2467,15,4193.9,2749.92,1443.98,UPI
2680,2023-11-14,Stevenchester,East,Mouse,Accessories,4,2499,20,7996.8,5278.78,2718.02,UPI
2681,2024-12-15,New Laurenville,North,Monitor,Electronics,5,1465,20,5860.0,4347.31,1512.69,UPI
2682,2024-05-16,Port Jacqueline,West,Laptop,Accessories,1,1443,15,1226.55,664.62,561.93,Net Banking
2683,2023-11-15,Huertaview,North,Printer,Electronics,3,4629,20,11109.6,8560.16,2549.44,Cash
2684,2023-08-29,Angelaburgh,South,Laptop,Office,5,2169,10,9760.5,6403.13,3357.37,Card
2685,2025-08-06,West Jessica,South,Speaker,Office,1,2802,15,2381.7,1408.86,972.84,Net Banking
2686,2024-01-06,Lewisberg,South,Laptop,Electronics,3,968,20,2323.2,1403.89,919.31,Net Banking
2687,2023-10-27,New Rebeccaview,North,Monitor,Office,3,204,0,612.0,306.12,305.88,Net Banking
2688,2024-05-28,Christopherstad,East,Keyboard,Electronics,4,934,20,2988.8,2291.16,697.64,Cash
2689,2024-02-25,Kimberlymouth,South,Camera,Office,4,2498,0,9992.0,6668.54,3323.46,Cash
2690,2024-03-07,North Jonathanland,West,Laptop,Office,4,3776,20,12083.2,6229.32,5853.88,UPI
2691,2024-12-25,New Jeffville,North,Laptop,Electronics,5,3967,5,18843.25,11764.47,7078.78,Card
2692,2025-08-08,Costatown,East,Mouse,Accessories,4,3150,0,12600.0,6479.95,6120.05,Cash
2693,2025-03-25,Fieldsside,East,Monitor,Accessories,2,4976,0,9952.0,6150.52,3801.48,Net Banking
2694,2024-10-07,Courtneyshire,West,Headphones,Electronics,3,1450,10,3915.0,3061.53,853.47,UPI
2695,2025-10-03,Lake Mirandabury,West,Headphones,Accessories,3,2919,20,7005.6,4758.25,2247.35,Net Banking
2696,2024-01-31,Davisville,North,Monitor,Electronics,2,1609,5,3057.1,1643.09,1414.01,Card
2697,2024-10-22,Stevenview,East,Camera,Accessories,3,3701,0,11103.0,6412.94,4690.06,Cash
2698,2026-01-16,Paulborough,South,Speaker,Accessories,5,2463,10,11083.5,6779.88,4303.62,Cash
2699,2023-08-17,Robinport,East,Laptop,Accessories,2,889,5,1689.1,1115.34,573.76,UPI
2700,2024-06-24,Harrisland,South,Phone,Electronics,2,2454,10,4417.2,3174.18,1243.02,UPI
2701,2024-03-24,Frankside,South,Phone,Electronics,1,2140,15,1819.0,979.2,839.8,Net Banking
2702,2025-06-11,Lloydberg,West,Mouse,Office,2,1272,15,2162.4,1402.09,760.31,Card
2703,2024-10-22,Port Jasontown,East,Printer,Accessories,5,2938,20,11752.0,7007.66,4744.34,Card
2704,2024-04-23,Matthewfurt,East,Headphones,Office,2,4887,10,8796.6,4847.75,3948.85,Cash
2705,2025-04-15,West Kathleen,East,Camera,Accessories,1,3426,0,3426.0,2717.67,708.33,UPI
2706,2025-09-26,West Rebecca,North,Printer,Office,4,645,0,2580.0,1550.05,1029.95,UPI
2707,2025-02-14,Colleenstad,West,Camera,Accessories,3,2627,20,6304.8,3327.82,2976.98,Cash
2708,2024-02-03,South Kiaraland,East,Headphones,Accessories,4,1986,10,7149.6,4944.58,2205.02,Net Banking
2709,2025-04-23,West Margaretborough,West,Phone,Accessories,5,2523,0,12615.0,9461.0,3154.0,Cash
2710,2026-06-19,West Ronald,South,Laptop,Accessories,5,3863,5,18349.25,10605.63,7743.62,Card
2711,2025-08-20,Evansburgh,South,Phone,Office,4,4282,20,13702.4,6975.69,6726.71,Card
2712,2026-01-08,West Katieburgh,South,Printer,Office,4,781,0,3124.0,2207.15,916.85,Card
2713,2025-10-25,New Zachary,South,Printer,Electronics,4,406,20,1299.2,834.52,464.68,Cash
2714,2024-02-22,North Kimberlyside,North,Mouse,Office,2,4031,20,6449.6,4144.29,2305.31,Net Banking
2715,2023-09-03,Nicholsborough,North,Camera,Office,2,2688,0,5376.0,3193.55,2182.45,Cash
2716,2025-04-03,South Thomasville,South,Camera,Office,4,2776,5,10548.8,8206.7,2342.1,UPI
2717,2025-01-04,East Billystad,East,Tablet,Office,1,4293,20,3434.4,2606.86,827.54,Net Banking
2718,2025-01-31,South Emmaton,West,Phone,Office,2,2496,10,4492.8,3418.15,1074.65,Net Banking
2719,2023-12-07,Mclaughlinton,West,Speaker,Electronics,4,3203,5,12171.4,8249.13,3922.27,Cash
2720,2024-12-15,Andersonstad,East,Tablet,Office,2,1819,15,3092.3,1672.83,1419.47,Net Banking
2721,2025-12-05,Brookefort,North,Laptop,Electronics,3,2897,0,8691.0,5934.89,2756.11,UPI
2722,2025-07-27,Smithmouth,South,Speaker,Electronics,5,4978,20,19912.0,11988.72,7923.28,Card
2723,2024-05-16,Anneville,West,Printer,Accessories,3,1441,0,4323.0,3074.87,1248.13,Cash
2724,2025-11-20,New Robertstad,East,Speaker,Office,2,2515,15,4275.5,2492.96,1782.54,Net Banking
2725,2024-02-08,Masonmouth,East,Camera,Accessories,5,3136,15,13328.0,7346.51,5981.49,Cash
2726,2026-02-14,Nicoleville,North,Headphones,Electronics,5,1135,20,4540.0,3280.46,1259.54,UPI
2727,2026-06-25,Guyton,North,Headphones,Accessories,4,4882,15,16598.8,11940.15,4658.65,Card
2728,2023-09-23,North Brett,East,Speaker,Office,5,3801,0,19005.0,12137.29,6867.71,Cash
2729,2025-01-10,Tammyland,South,Tablet,Accessories,3,2792,0,8376.0,6172.88,2203.12,Card
2730,2025-08-02,Rhondaton,South,Keyboard,Office,5,3304,20,13216.0,7023.56,6192.44,UPI
2731,2025-02-15,Michelletown,West,Printer,Electronics,2,4426,20,7081.6,4266.78,2814.82,UPI
2732,2024-04-17,West Joy,West,Printer,Electronics,5,2113,20,8452.0,6726.28,1725.72,Cash
2733,2026-05-02,Wattsborough,North,Speaker,Office,3,4822,0,14466.0,11084.61,3381.39,Card
2734,2026-06-20,Port Kylestad,East,Monitor,Electronics,1,3747,15,3184.95,2143.88,1041.07,Net Banking
2735,2025-02-19,North Matthew,East,Phone,Office,4,4893,5,18593.4,10529.5,8063.9,Cash
2736,2023-12-13,Tannerstad,West,Laptop,Office,5,4511,0,22555.0,16383.12,6171.88,Cash
2737,2023-10-15,Port Shariside,North,Phone,Office,2,1136,15,1931.2,977.17,954.03,Card
2738,2024-04-23,Gonzalesport,South,Speaker,Accessories,5,753,0,3765.0,2163.32,1601.68,Cash
2739,2024-07-13,Wardstad,West,Laptop,Office,2,2681,10,4825.8,2588.46,2237.34,UPI
2740,2025-08-25,Kennedyville,North,Laptop,Accessories,5,2787,20,11148.0,8241.5,2906.5,Cash
2741,2024-09-01,New Daniel,West,Keyboard,Accessories,1,1211,10,1089.9,614.33,475.57,UPI
2742,2025-09-12,Port Erikchester,West,Headphones,Accessories,3,4449,15,11344.95,6372.37,4972.58,UPI
2743,2026-02-12,Brownbury,West,Speaker,Electronics,2,2956,20,4729.6,3387.28,1342.32,Card
2744,2026-07-26,South Andrea,North,Monitor,Office,3,2082,20,4996.8,2588.87,2407.93,Cash
2745,2024-11-19,New Ryan,East,Camera,Office,4,840,10,3024.0,2086.14,937.86,Card
2746,2024-02-13,East Angela,South,Speaker,Accessories,1,2838,15,2412.3,1799.87,612.43,Card
2747,2025-07-16,Robertsonhaven,East,Keyboard,Accessories,3,2940,0,8820.0,4677.94,4142.06,UPI
2748,2023-08-24,South Angela,South,Camera,Electronics,2,4262,5,8097.8,5194.42,2903.38,Card
2749,2026-03-18,South Kennethstad,West,Tablet,Electronics,5,4970,15,21122.5,16877.52,4244.98,Cash
2750,2025-08-30,Dianafort,West,Mouse,Accessories,2,2516,5,4780.4,3137.72,1642.68,UPI
2751,2024-04-18,Michaelport,West,Monitor,Office,4,727,0,2908.0,2233.32,674.68,Card
2752,2024-09-26,North Todd,East,Laptop,Accessories,3,4486,10,12112.2,7544.43,4567.77,UPI
2753,2025-08-02,West Christopherview,South,Camera,Electronics,1,1647,20,1317.6,874.96,442.64,UPI
2754,2025-01-13,South Steven,West,Headphones,Office,3,1269,15,3235.95,2025.41,1210.54,UPI
2755,2025-02-18,Port Jenniferchester,South,Speaker,Accessories,3,2223,10,6002.1,3817.25,2184.85,Card
2756,2023-08-16,Sullivanborough,North,Tablet,Accessories,1,4813,15,4091.05,2751.39,1339.66,Net Banking
2757,2024-11-18,Port Miguel,East,Speaker,Office,3,129,20,309.6,170.93,138.67,Net Banking
2758,2023-11-26,Walkermouth,South,Monitor,Office,3,2720,10,7344.0,3918.51,3425.49,Net Banking
2759,2024-02-20,Fletcherview,South,Laptop,Office,2,4121,0,8242.0,5242.36,2999.64,Net Banking
2760,2026-06-03,Rickychester,West,Mouse,Office,5,4687,0,23435.0,17263.41,6171.59,UPI
2761,2026-06-05,Lake Vickihaven,North,Printer,Accessories,2,2599,5,4938.1,3344.05,1594.05,Card
2762,2026-04-20,South Autumnton,East,Printer,Electronics,5,3949,15,16783.25,11673.92,5109.33,Card
2763,2025-03-12,New Carrie,West,Laptop,Accessories,2,3415,10,6147.0,4476.82,1670.18,UPI
2764,2024-08-10,New Juliebury,North,Monitor,Electronics,2,169,20,270.4,136.21,134.19,Net Banking
2765,2025-04-01,Lake Samuel,South,Monitor,Accessories,1,1626,20,1300.8,700.24,600.56,Card
2766,2025-08-17,South Veronicachester,South,Keyboard,Electronics,1,2246,0,2246.0,1564.48,681.52,UPI
2767,2025-07-26,North Michaelchester,East,Mouse,Electronics,3,3788,15,9659.4,5217.86,4441.54,UPI
2768,2026-03-23,Goodmanburgh,East,Phone,Office,1,4152,20,3321.6,2496.71,824.89,Card
2769,2025-09-26,North Sandrashire,South,Printer,Office,2,2317,10,4170.6,3333.77,836.83,UPI
2770,2025-09-04,New Antoniomouth,South,Headphones,Accessories,1,4054,20,3243.2,1922.8,1320.4,Net Banking
2771,2025-05-11,Jamesfort,West,Mouse,Office,1,4911,20,3928.8,2523.86,1404.94,Net Banking
2772,2024-03-10,West Christine,West,Mouse,Electronics,2,1601,5,3041.9,1861.52,1180.38,Card
2773,2024-06-18,Tonyafort,South,Headphones,Accessories,3,214,10,577.8,433.19,144.61,UPI
2774,2026-03-31,South Lawrence,South,Mouse,Accessories,1,4471,20,3576.8,1843.79,1733.01,Net Banking
2775,2024-12-29,Lake Karen,North,Headphones,Office,1,3225,5,3063.75,1578.07,1485.68,Net Banking
2776,2024-10-06,Garciaton,South,Laptop,Electronics,4,1491,0,5964.0,4653.56,1310.44,Cash
2777,2025-04-15,North Joshuaville,North,Speaker,Accessories,2,3302,15,5613.4,4021.62,1591.78,Card
2778,2025-10-07,North Kirsten,East,Camera,Accessories,4,4554,20,14572.8,7422.7,7150.1,Cash
2779,2026-03-05,West Kristinview,South,Monitor,Office,1,590,0,590.0,382.6,207.4,UPI
2780,2026-02-08,North Deniseland,North,Keyboard,Electronics,1,3879,5,3685.05,2522.79,1162.26,Net Banking
2781,2025-10-24,West Johnside,West,Speaker,Electronics,2,1412,0,2824.0,1504.48,1319.52,Net Banking
2782,2025-06-08,East Jill,North,Laptop,Accessories,1,3293,15,2799.05,1519.21,1279.84,Cash
2783,2023-08-01,Michaelbury,North,Speaker,Electronics,3,3438,0,10314.0,8247.47,2066.53,UPI
2784,2026-05-19,Kathleenfort,South,Tablet,Electronics,4,151,15,513.4,296.26,217.14,Card
2785,2023-12-21,Smithtown,South,Headphones,Accessories,2,2570,10,4626.0,3502.11,1123.89,Card
2786,2026-03-04,Munozbury,South,Keyboard,Office,1,3354,0,3354.0,1821.96,1532.04,Cash
2787,2025-08-05,Johnberg,East,Camera,Accessories,1,1262,0,1262.0,851.85,410.15,Card
2788,2026-01-01,Ericmouth,West,Monitor,Accessories,4,285,5,1083.0,760.61,322.39,UPI
2789,2025-06-29,Johnsonfurt,West,Speaker,Accessories,2,1169,15,1987.3,1237.48,749.82,UPI
2790,2023-09-26,Rickbury,East,Speaker,Office,2,2314,10,4165.2,3116.19,1049.01,Cash
2791,2026-06-12,Reillychester,North,Speaker,Office,1,3231,0,3231.0,1742.88,1488.12,UPI
2792,2024-12-22,West Aaron,North,Headphones,Accessories,3,4499,20,10797.6,8386.02,2411.58,Net Banking
2793,2025-09-28,Alanstad,West,Printer,Office,3,4489,15,11446.95,6600.19,4846.76,Net Banking
2794,2025-10-24,West Sierra,North,Laptop,Office,2,1852,15,3148.4,1932.52,1215.88,Cash
2795,2024-12-08,New Anneborough,South,Camera,Office,3,3837,10,10359.9,5253.41,5106.49,UPI
2796,2023-09-17,East Thomas,East,Speaker,Office,5,997,20,3988.0,2032.92,1955.08,Card
2797,2025-03-08,Allisonview,West,Speaker,Office,1,3681,10,3312.9,1699.79,1613.11,Card
2798,2025-05-29,North Elizabeth,South,Mouse,Office,4,1147,5,4358.6,3206.3,1152.3,Cash
2799,2023-10-28,Hollymouth,North,Printer,Electronics,5,3680,10,16560.0,10510.87,6049.13,UPI
2800,2025-08-29,South Angela,East,Tablet,Electronics,2,4802,20,7683.2,4787.14,2896.06,Card
2801,2024-08-16,West Michael,South,Camera,Office,1,1477,0,1477.0,1180.66,296.34,Card
2802,2024-05-09,Jeffersontown,South,Keyboard,Electronics,1,3043,10,2738.7,1370.57,1368.13,UPI
2803,2026-07-08,Huntburgh,South,Mouse,Office,1,248,20,198.4,130.09,68.31,Net Banking
2804,2023-11-08,North Emilyton,North,Laptop,Office,4,2060,20,6592.0,3515.97,3076.03,UPI
2805,2026-02-08,Port Christopherbury,North,Laptop,Office,1,2165,0,2165.0,1346.32,818.68,UPI
2806,2024-10-04,South Sharishire,South,Camera,Electronics,4,4750,5,18050.0,13467.47,4582.53,Net Banking
2807,2025-05-14,North Jeremymouth,North,Tablet,Electronics,5,4457,20,17828.0,12800.98,5027.02,Cash
2808,2023-11-23,Joshuafort,West,Camera,Accessories,3,4550,0,13650.0,10685.78,2964.22,Net Banking
2809,2023-08-12,New Kimberlyville,East,Keyboard,Electronics,2,432,0,864.0,437.98,426.02,Net Banking
2810,2025-09-20,East Julie,North,Phone,Office,1,892,5,847.4,666.0,181.4,UPI
2811,2025-03-09,Port Ashleyborough,East,Mouse,Accessories,3,857,20,2056.8,1371.04,685.76,Card
2812,2024-09-13,New Michaelshire,South,Mouse,Office,5,2631,5,12497.25,9895.74,2601.51,UPI
2813,2024-09-02,Port Joshuabury,South,Mouse,Accessories,1,3073,5,2919.35,1743.38,1175.97,Net Banking
2814,2025-07-22,South Monicafurt,East,Mouse,Office,1,3757,10,3381.3,2071.11,1310.19,Cash
2815,2024-10-24,Tranchester,North,Phone,Electronics,4,3638,15,12369.2,6734.79,5634.41,Card
2816,2024-11-19,East Andrewberg,North,Printer,Electronics,3,231,5,658.35,468.68,189.67,Card
2817,2024-09-22,South Brittanyside,East,Laptop,Electronics,2,4305,15,7318.5,4968.82,2349.68,Net Banking
2818,2025-03-19,North Angelatown,North,Camera,Accessories,2,375,20,600.0,362.4,237.6,Cash
2819,2024-07-04,East Dariusberg,East,Keyboard,Accessories,2,3930,5,7467.0,5502.44,1964.56,Cash
2820,2024-10-06,West Kristin,North,Laptop,Accessories,2,1920,10,3456.0,2760.39,695.61,UPI
2821,2026-05-07,New Amyhaven,East,Phone,Office,2,875,20,1400.0,1099.18,300.82,UPI
2822,2024-05-15,New Markport,East,Monitor,Office,4,668,5,2538.4,1867.98,670.42,UPI
2823,2026-05-03,East Maryhaven,North,Camera,Office,3,3356,0,10068.0,7702.13,2365.87,Card
2824,2025-08-22,South Brenttown,North,Laptop,Electronics,2,553,10,995.4,625.05,370.35,Card
2825,2025-12-10,South Diane,North,Laptop,Electronics,5,2084,20,8336.0,4526.43,3809.57,Card
2826,2025-12-05,North Johnfort,West,Phone,Accessories,2,1141,20,1825.6,1315.35,510.25,UPI
2827,2024-02-27,Barkerberg,East,Laptop,Accessories,2,340,10,612.0,479.78,132.22,Net Banking
2828,2025-02-03,South Kendra,East,Mouse,Accessories,4,2763,5,10499.4,8260.05,2239.35,UPI
2829,2024-10-04,Jonathonshire,West,Keyboard,Office,3,1555,5,4431.75,3516.77,914.98,Cash
2830,2025-03-23,Port Devinchester,East,Keyboard,Electronics,4,306,0,1224.0,840.41,383.59,Cash
2831,2023-09-22,Lake Valeriefurt,South,Mouse,Electronics,4,1779,10,6404.4,4147.14,2257.26,Cash
2832,2023-11-13,North Keithton,West,Printer,Electronics,5,3555,0,17775.0,11506.66,6268.34,Card
2833,2024-07-06,Murrayburgh,South,Tablet,Accessories,3,931,5,2653.35,1984.22,669.13,UPI
2834,2025-02-13,Samuelburgh,West,Monitor,Office,5,3311,15,14071.75,10006.11,4065.64,Net Banking
2835,2026-04-17,East Richard,West,Tablet,Office,2,1165,10,2097.0,1667.26,429.74,Net Banking
2836,2026-06-23,South Mercedes,West,Phone,Office,5,2308,20,9232.0,5428.74,3803.26,Card
2837,2024-03-07,Brandonmouth,North,Tablet,Electronics,5,592,5,2812.0,1711.05,1100.95,Cash
2838,2024-05-10,Lake Emily,South,Headphones,Electronics,5,4733,15,20115.25,16052.5,4062.75,Cash
2839,2025-11-07,Ayersfurt,West,Tablet,Office,3,1816,10,4903.2,2530.51,2372.69,Card
2840,2024-06-18,Sotofort,West,Mouse,Office,1,1335,0,1335.0,802.18,532.82,Cash
2841,2024-02-05,Derrickland,South,Laptop,Accessories,2,3023,10,5441.4,3659.07,1782.33,Cash
2842,2025-04-21,East Barryberg,West,Keyboard,Office,3,820,0,2460.0,1304.59,1155.41,UPI
2843,2023-10-05,Shaunmouth,West,Keyboard,Accessories,5,1302,15,5533.5,3180.23,2353.27,Card
2844,2026-05-21,Mitchellchester,South,Phone,Office,3,4906,10,13246.2,8611.79,4634.41,Cash
2845,2023-08-20,Phillipston,West,Tablet,Accessories,5,3538,20,14152.0,7174.49,6977.51,UPI
2846,2025-02-27,Hollyfurt,South,Phone,Electronics,3,905,0,2715.0,2166.27,548.73,Cash
2847,2024-08-28,Marissaton,South,Keyboard,Electronics,3,1706,10,4606.2,2416.77,2189.43,UPI
2848,2024-11-29,East Sarahberg,West,Laptop,Electronics,4,517,10,1861.2,1271.93,589.27,Net Banking
2849,2024-09-22,Stevenschester,North,Keyboard,Electronics,2,923,20,1476.8,908.99,567.81,UPI
2850,2025-06-10,Burkeshire,North,Phone,Electronics,2,960,20,1536.0,973.85,562.15,Cash
2851,2024-11-28,North Robertmouth,West,Phone,Electronics,1,208,5,197.6,116.45,81.15,UPI
2852,2025-04-01,South Aaron,West,Laptop,Office,4,910,20,2912.0,2174.65,737.35,UPI
2853,2025-11-29,Port Jonburgh,North,Printer,Accessories,4,1374,10,4946.4,3487.82,1458.58,UPI
2854,2026-05-16,Kingfort,East,Monitor,Electronics,5,2433,15,10340.25,7718.4,2621.85,UPI
2855,2026-05-15,Jeffreyfort,East,Printer,Electronics,1,1787,15,1518.95,914.74,604.21,UPI
2856,2025-01-28,Lake Natasha,West,Printer,Office,1,3971,5,3772.45,2517.86,1254.59,UPI
2857,2024-01-12,Bushtown,North,Keyboard,Accessories,4,1227,15,4171.8,2835.25,1336.55,UPI
2858,2025-04-24,Lake Cynthia,North,Speaker,Accessories,4,966,15,3284.4,1669.29,1615.11,Card
2859,2025-07-21,North Martinmouth,West,Mouse,Accessories,2,1761,20,2817.6,2151.9,665.7,Net Banking
2860,2023-09-26,Port Laurieburgh,South,Laptop,Accessories,1,4486,5,4261.7,2751.14,1510.56,Net Banking
2861,2024-03-11,Phillipport,East,Printer,Electronics,5,968,0,4840.0,2684.35,2155.65,Cash
2862,2025-03-25,North Erictown,South,Mouse,Office,3,3913,20,9391.2,4784.28,4606.92,Cash
2863,2024-11-29,New Sheila,South,Headphones,Electronics,2,1205,5,2289.5,1746.66,542.84,Net Banking
2864,2024-06-04,Mistyborough,West,Printer,Accessories,5,411,15,1746.75,1189.08,557.67,Net Banking
2865,2026-06-29,Gonzalezton,West,Monitor,Electronics,3,3363,15,8575.65,4339.08,4236.57,Net Banking
2866,2025-09-03,Port Tracy,East,Headphones,Electronics,5,1069,5,5077.75,3419.45,1658.3,Cash
2867,2024-01-18,Myersland,South,Tablet,Electronics,1,1045,15,888.25,682.53,205.72,UPI
2868,2026-05-05,Thompsontown,North,Printer,Accessories,4,179,5,680.2,380.43,299.77,Card
2869,2024-08-16,West Kevinborough,South,Speaker,Electronics,3,1835,0,5505.0,3776.43,1728.57,Cash
2870,2024-08-18,Simonborough,North,Laptop,Accessories,5,2498,20,9992.0,5193.72,4798.28,UPI
2871,2025-05-09,South Lisa,South,Laptop,Electronics,4,711,0,2844.0,1691.95,1152.05,UPI
2872,2023-11-12,West Anthony,East,Printer,Accessories,3,683,15,1741.65,1119.67,621.98,Cash
2873,2025-03-24,North Angelaton,East,Keyboard,Accessories,4,2107,5,8006.6,5607.21,2399.39,UPI
2874,2026-03-13,East Ruthberg,North,Mouse,Accessories,1,125,10,112.5,56.83,55.67,Net Banking
2875,2024-11-17,Lake Victoria,West,Phone,Accessories,3,1373,15,3501.15,2281.59,1219.56,Net Banking
2876,2026-02-23,Simonburgh,North,Headphones,Office,2,4620,10,8316.0,4958.71,3357.29,UPI
2877,2023-12-25,East Billyton,South,Keyboard,Office,4,4136,10,14889.6,11050.38,3839.22,Cash
2878,2024-04-21,Port Juliaborough,East,Mouse,Electronics,5,4177,20,16708.0,8847.53,7860.47,Net Banking
2879,2024-07-14,Lake Lori,West,Laptop,Electronics,1,3883,5,3688.85,2095.73,1593.12,Cash
2880,2024-08-18,North Sarah,West,Camera,Accessories,3,3664,10,9892.8,7236.69,2656.11,Card
2881,2025-01-07,North Debbieburgh,North,Camera,Electronics,1,3033,0,3033.0,1918.26,1114.74,UPI
2882,2024-07-28,West Lisachester,East,Camera,Office,5,3899,0,19495.0,11862.63,7632.37,Card
2883,2025-01-02,Morganville,East,Mouse,Electronics,4,601,5,2283.8,1208.84,1074.96,UPI
2884,2024-07-08,Wigginshaven,East,Printer,Accessories,2,3723,10,6701.4,5001.93,1699.47,Net Banking
2885,2026-02-23,West Andrewmouth,South,Monitor,Accessories,2,3240,0,6480.0,3554.92,2925.08,Net Banking
2886,2025-08-14,Sylviatown,South,Printer,Office,5,3399,5,16145.25,12400.37,3744.88,Cash
2887,2024-09-02,New Edward,South,Laptop,Accessories,1,3775,15,3208.75,2016.97,1191.78,Net Banking
2888,2025-08-19,New Hunter,South,Monitor,Electronics,2,1278,15,2172.6,1702.62,469.98,Net Banking
2889,2025-09-09,East Kevin,South,Keyboard,Office,4,3520,5,13376.0,8125.12,5250.88,Net Banking
2890,2023-11-02,Shawmouth,North,Mouse,Office,5,3992,20,15968.0,8233.67,7734.33,Net Banking
2891,2023-10-12,East Sarahbury,East,Monitor,Electronics,5,2014,5,9566.5,4948.37,4618.13,Cash
2892,2024-04-19,Kevinmouth,South,Camera,Electronics,1,2941,0,2941.0,2076.91,864.09,Net Banking
2893,2024-10-09,Port Brian,West,Mouse,Electronics,1,2781,20,2224.8,1682.23,542.57,Cash
2894,2024-01-01,East Michael,West,Printer,Office,2,2735,15,4649.5,2952.76,1696.74,Net Banking
2895,2024-06-04,West Heather,West,Phone,Office,4,2877,10,10357.2,5969.97,4387.23,UPI
2896,2025-05-31,Heatherfurt,South,Camera,Electronics,2,4416,10,7948.8,4325.33,3623.47,Net Banking
2897,2026-05-09,Johnathanview,South,Headphones,Office,2,3830,5,7277.0,4032.03,3244.97,Card
2898,2025-09-29,North Joy,West,Monitor,Office,4,946,0,3784.0,2756.54,1027.46,Net Banking
2899,2026-02-10,Lake Krista,South,Laptop,Accessories,4,1088,15,3699.2,1967.91,1731.29,Card
2900,2025-04-08,Ponceside,East,Printer,Accessories,5,4549,10,20470.5,10935.46,9535.04,Card
2901,2024-08-25,East Michelleburgh,West,Speaker,Electronics,1,3170,5,3011.5,2354.99,656.51,Card
2902,2023-09-16,West Andreahaven,South,Tablet,Office,5,1567,5,7443.25,3787.69,3655.56,UPI
2903,2025-09-21,South Davidchester,East,Camera,Electronics,1,2280,5,2166.0,1523.96,642.04,UPI
2904,2024-06-16,Odomfort,West,Camera,Electronics,4,4575,0,18300.0,13917.25,4382.75,Card
2905,2024-10-10,South Shirley,North,Monitor,Office,1,3377,5,3208.15,2032.99,1175.16,UPI
2906,2026-01-01,Jensenberg,South,Tablet,Accessories,1,2485,20,1988.0,1112.26,875.74,Card
2907,2023-10-26,Mccoyfurt,North,Camera,Electronics,3,2390,15,6094.5,4103.25,1991.25,Cash
2908,2025-03-29,Rochaport,North,Printer,Electronics,4,3649,5,13866.2,10743.03,3123.17,UPI
2909,2026-07-06,South Charles,East,Speaker,Office,4,2763,10,9946.8,5155.03,4791.77,Cash
2910,2023-11-21,Lake Arthur,West,Headphones,Accessories,1,1893,20,1514.4,859.36,655.04,Card
2911,2026-05-27,Jesseberg,North,Tablet,Electronics,5,812,5,3857.0,2963.88,893.12,Cash
2912,2024-04-18,West Gabrielle,North,Headphones,Accessories,1,2545,20,2036.0,1517.09,518.91,Net Banking
2913,2025-11-02,Sherryville,West,Headphones,Office,4,3336,10,12009.6,8973.8,3035.8,Cash
2914,2023-11-25,South Bretthaven,East,Laptop,Accessories,3,1782,20,4276.8,2766.13,1510.67,UPI
2915,2025-08-21,New Tylerview,North,Tablet,Office,5,4573,15,19435.25,11474.68,7960.57,Net Banking
2916,2024-01-25,Reneeburgh,North,Phone,Office,3,3481,0,10443.0,5752.98,4690.02,Card
2917,2026-01-15,Carloshaven,North,Monitor,Accessories,5,480,5,2280.0,1267.34,1012.66,Card
2918,2024-03-13,Port Saraburgh,North,Speaker,Electronics,5,366,10,1647.0,951.5,695.5,Card
2919,2026-02-16,New Janiceview,South,Laptop,Electronics,2,2954,5,5612.6,3222.64,2389.96,Card
2920,2024-11-23,Barrettbury,East,Monitor,Accessories,3,650,0,1950.0,1065.07,884.93,UPI
2921,2024-12-03,East Sara,North,Keyboard,Accessories,1,1953,10,1757.7,1028.44,729.26,Cash
2922,2023-11-07,Villanuevaburgh,South,Mouse,Electronics,2,1686,5,3203.4,1786.93,1416.47,Net Banking
2923,2023-11-22,Lake Cassandra,North,Monitor,Office,2,4950,15,8415.0,4541.4,3873.6,Card
2924,2023-10-20,Lake Thomas,North,Headphones,Office,1,1134,10,1020.6,740.75,279.85,UPI
2925,2023-11-14,North Julianmouth,South,Laptop,Electronics,4,2830,20,9056.0,5595.22,3460.78,Card
2926,2024-10-06,East Ashleystad,West,Camera,Accessories,2,4166,15,7082.2,3961.97,3120.23,Cash
2927,2025-08-20,Joelchester,West,Headphones,Office,3,1411,0,4233.0,3267.56,965.44,Cash
2928,2023-08-16,Meganmouth,East,Speaker,Electronics,1,4739,5,4502.05,3468.86,1033.19,Card
2929,2024-03-01,Kimmouth,South,Phone,Accessories,2,3340,15,5678.0,2968.48,2709.52,Cash
2930,2024-06-03,Tonyaton,East,Camera,Accessories,2,3383,5,6427.7,5034.47,1393.23,Card
2931,2024-03-03,East Jenniferchester,South,Laptop,Office,5,3365,10,15142.5,9311.56,5830.94,Net Banking
2932,2024-07-09,Jonathanchester,South,Printer,Accessories,1,3774,5,3585.3,1821.1,1764.2,Cash
2933,2024-05-23,Sabrinashire,North,Phone,Accessories,2,2315,0,4630.0,2580.37,2049.63,Card
2934,2024-07-30,Owensburgh,East,Keyboard,Office,3,3005,0,9015.0,5366.98,3648.02,Card
2935,2023-12-29,Myersstad,North,Printer,Accessories,1,4866,0,4866.0,2870.23,1995.77,Net Banking
2936,2025-04-04,Lake Dennisport,South,Monitor,Office,5,3876,5,18411.0,10646.69,7764.31,Cash
2937,2026-01-16,West Michael,South,Mouse,Office,2,1356,0,2712.0,1764.2,947.8,Cash
2938,2023-11-16,North Debra,North,Mouse,Office,5,996,20,3984.0,2207.53,1776.47,Net Banking
2939,2025-03-25,Willistown,West,Speaker,Electronics,4,439,15,1492.6,966.93,525.67,Card
2940,2025-05-16,South Lindamouth,West,Monitor,Electronics,2,1493,20,2388.8,1616.91,771.89,Cash
2941,2026-04-19,Jodimouth,East,Tablet,Accessories,5,568,5,2698.0,1624.43,1073.57,UPI
2942,2024-12-18,Port Toniview,East,Printer,Office,5,2832,20,11328.0,8333.82,2994.18,Card
2943,2023-09-28,Lake Lisa,West,Headphones,Accessories,5,1507,10,6781.5,4813.79,1967.71,Card
2944,2025-11-29,West Bianca,South,Speaker,Electronics,1,4260,10,3834.0,2374.66,1459.34,Cash
2945,2025-03-10,Vanessashire,North,Speaker,Accessories,3,1875,10,5062.5,3650.74,1411.76,Card
2946,2025-05-26,Ruizville,East,Laptop,Electronics,5,1402,5,6659.5,3696.49,2963.01,Card
2947,2026-04-19,Port Shawnberg,East,Camera,Electronics,3,3423,5,9755.55,7093.06,2662.49,Net Banking
2948,2025-07-27,North Jenniferburgh,North,Phone,Electronics,2,4924,10,8863.2,6773.64,2089.56,Card
2949,2025-12-11,Karenborough,South,Speaker,Electronics,2,2340,0,4680.0,2743.61,1936.39,UPI
2950,2025-12-31,Jamesfurt,West,Laptop,Electronics,5,3520,15,14960.0,8244.04,6715.96,Net Banking
2951,2025-08-17,Millerberg,East,Laptop,Office,4,102,10,367.2,284.79,82.41,Cash
2952,2025-10-29,East Dorothybury,East,Laptop,Electronics,4,1690,5,6422.0,3339.61,3082.39,Card
2953,2025-10-23,South Nicholasstad,North,Speaker,Electronics,5,713,0,3565.0,2571.07,993.93,Card
2954,2026-06-28,South Amy,South,Headphones,Accessories,3,1744,20,4185.6,2870.3,1315.3,Net Banking
2955,2024-04-14,Bakerstad,North,Laptop,Accessories,1,811,20,648.8,367.65,281.15,UPI
2956,2026-01-20,Lorimouth,North,Monitor,Accessories,5,1276,15,5423.0,3501.94,1921.06,Cash
2957,2025-02-19,New John,North,Camera,Accessories,4,1008,15,3427.2,2567.95,859.25,Card
2958,2025-04-05,Patriciamouth,East,Laptop,Electronics,4,2405,5,9139.0,6512.57,2626.43,Cash
2959,2024-01-05,Gomezmouth,West,Phone,Accessories,2,3893,5,7396.7,4141.9,3254.8,Net Banking
2960,2025-03-05,West Andrewville,South,Tablet,Electronics,2,1926,0,3852.0,2163.58,1688.42,UPI
2961,2024-11-09,Christianbury,West,Mouse,Electronics,5,2221,10,9994.5,7133.73,2860.77,Card
2962,2024-01-10,North Philipshire,East,Phone,Office,1,3287,10,2958.3,1724.12,1234.18,Card
2963,2024-09-03,Brucestad,West,Printer,Accessories,4,1563,15,5314.2,3406.19,1908.01,Net Banking
2964,2023-11-17,North Michaelshire,South,Mouse,Office,4,359,15,1220.6,924.72,295.88,Cash
2965,2024-01-12,Port Danielton,North,Camera,Accessories,2,468,10,842.4,643.59,198.81,Cash
2966,2023-10-18,West Tammy,North,Camera,Office,1,4291,20,3432.8,2170.95,1261.85,Card
2967,2023-09-13,Kenthaven,South,Mouse,Office,2,2555,5,4854.5,2487.22,2367.28,Card
2968,2025-10-04,South Richardton,North,Camera,Electronics,4,2620,10,9432.0,6899.02,2532.98,Card
2969,2024-10-14,South Amanda,South,Printer,Accessories,3,2929,15,7468.95,5484.24,1984.71,Cash
2970,2026-05-17,Port Justinmouth,East,Printer,Accessories,4,4771,0,19084.0,10489.57,8594.43,Card
2971,2026-02-08,West Stephen,North,Mouse,Office,4,1220,15,4148.0,2770.13,1377.87,Net Banking
2972,2025-07-26,North Thomas,East,Phone,Office,2,1720,20,2752.0,1734.21,1017.79,UPI
2973,2024-07-30,Lake Dennis,East,Monitor,Accessories,1,4979,10,4481.1,2545.9,1935.2,Cash
2974,2024-07-03,West Joseport,South,Monitor,Office,2,848,15,1441.6,1034.83,406.77,UPI
2975,2026-04-14,Davisville,North,Mouse,Office,1,4864,5,4620.8,2971.57,1649.23,Net Banking
2976,2025-09-01,Lake Joshuamouth,West,Phone,Accessories,1,2596,15,2206.6,1663.62,542.98,Card
2977,2026-05-23,Woodton,South,Camera,Electronics,4,4238,20,13561.6,7846.43,5715.17,Net Banking
2978,2024-09-25,Porterstad,East,Tablet,Accessories,4,774,20,2476.8,1797.49,679.31,Net Banking
2979,2024-09-06,Brewerfort,West,Printer,Electronics,4,1176,15,3998.4,2904.86,1093.54,Cash
2980,2025-12-04,Stoutborough,North,Laptop,Electronics,3,813,20,1951.2,1193.8,757.4,Net Banking
2981,2026-07-27,Charleshaven,North,Printer,Accessories,4,1467,20,4694.4,3534.59,1159.81,Cash
2982,2025-09-16,Lozanoburgh,East,Keyboard,Accessories,1,3822,20,3057.6,1882.01,1175.59,Net Banking
2983,2023-12-30,East Danamouth,South,Keyboard,Accessories,4,372,10,1339.2,1030.95,308.25,Cash
2984,2024-11-12,North Wyattbury,North,Tablet,Accessories,4,4950,20,15840.0,9087.32,6752.68,Net Banking
2985,2024-03-08,Phillipsfort,North,Printer,Electronics,2,282,15,479.4,307.44,171.96,Card
2986,2025-06-01,West Joe,West,Speaker,Office,2,3545,15,6026.5,4618.44,1408.06,Cash
2987,2025-06-15,North Laurenton,West,Monitor,Electronics,1,232,20,185.6,117.97,67.63,Cash
2988,2025-02-04,North Virginia,South,Speaker,Accessories,5,482,15,2048.5,1313.54,734.96,Card
2989,2026-05-25,Robertsmouth,West,Tablet,Electronics,3,1485,20,3564.0,2523.6,1040.4,Cash
2990,2023-11-13,Petersview,South,Phone,Office,3,279,10,753.3,505.69,247.61,Net Banking
2991,2024-04-30,New Sean,North,Printer,Accessories,1,2249,20,1799.2,1127.7,671.5,Net Banking
2992,2024-07-03,Scottport,North,Phone,Accessories,1,3435,15,2919.75,1640.26,1279.49,Card
2993,2024-04-14,South Sharon,South,Printer,Office,5,221,15,939.25,523.63,415.62,UPI
2994,2024-10-14,Lake Beckyburgh,South,Tablet,Office,5,4495,5,21351.25,13817.71,7533.54,Cash
2995,2024-07-15,East Darleneside,North,Printer,Accessories,2,2011,15,3418.7,1802.1,1616.6,Cash
2996,2024-03-20,East Katherine,East,Headphones,Electronics,5,2249,5,10682.75,6640.05,4042.7,Card
2997,2024-05-13,Lake Williamborough,North,Keyboard,Accessories,5,4487,5,21313.25,16874.61,4438.64,Cash
2998,2023-08-23,North Kellyland,West,Camera,Electronics,5,257,0,1285.0,751.32,533.68,Net Banking
2999,2024-08-23,Port Alexandra,West,Keyboard,Electronics,5,1571,0,7855.0,5381.3,2473.7,Cash
3000,2023-09-27,Port Rachel,East,Keyboard,Office,3,4445,5,12668.25,9977.22,2691.03,Cash
3001,2024-12-30,Beckerville,North,Camera,Office,2,544,5,1033.6,759.53,274.07,UPI
3002,2025-04-12,Rebekahside,North,Tablet,Office,4,3962,20,12678.4,9610.35,3068.05,Net Banking
3003,2024-08-29,West Matthew,North,Phone,Accessories,3,1916,0,5748.0,3466.74,2281.26,Cash
3004,2026-07-29,Fredericktown,North,Keyboard,Accessories,5,1262,20,5048.0,2665.07,2382.93,UPI
3005,2026-05-11,Melanieshire,South,Tablet,Office,1,3999,0,3999.0,3123.52,875.48,Cash
3006,2025-02-26,North Carol,North,Printer,Office,1,3755,0,3755.0,2106.84,1648.16,UPI
3007,2023-09-15,Franklinchester,South,Speaker,Accessories,4,1405,15,4777.0,2603.78,2173.22,Card
3008,2025-02-07,Port Tylerstad,North,Laptop,Accessories,3,2550,20,6120.0,3658.99,2461.01,Card
3009,2024-06-08,North Juliaberg,South,Camera,Office,5,4258,20,17032.0,13451.57,3580.43,Cash
3010,2024-10-31,Deborahside,West,Speaker,Office,1,716,15,608.6,402.86,205.74,UPI
3011,2026-04-01,Lucerohaven,West,Tablet,Accessories,5,3252,0,16260.0,8966.53,7293.47,Card
3012,2026-04-07,Danaville,North,Keyboard,Office,1,4666,0,4666.0,3075.43,1590.57,UPI
3013,2025-08-20,North Bethanyland,West,Keyboard,Office,4,565,5,2147.0,1713.91,433.09,Cash
3014,2026-06-05,Monroechester,West,Headphones,Office,3,2306,5,6572.1,3928.93,2643.17,Cash
3015,2025-03-05,South Amyton,North,Headphones,Electronics,3,4375,15,11156.25,8590.28,2565.97,Cash
3016,2023-10-23,South Michaelview,East,Keyboard,Accessories,2,2543,5,4831.7,3369.09,1462.61,UPI
3017,2026-02-16,Lake Tamarafort,West,Monitor,Electronics,5,837,5,3975.75,3129.1,846.65,UPI
3018,2025-07-09,South Melissa,West,Laptop,Electronics,2,4616,10,8308.8,5574.9,2733.9,Net Banking
3019,2025-11-15,Sandersmouth,East,Keyboard,Accessories,4,106,5,402.8,312.37,90.43,Cash
3020,2023-08-01,Georgefort,South,Tablet,Accessories,2,2625,0,5250.0,3179.29,2070.71,UPI
3021,2025-04-28,South Amy,East,Laptop,Electronics,5,3701,10,16654.5,12218.83,4435.67,Net Banking
3022,2024-11-11,Townsendstad,East,Speaker,Accessories,3,4278,20,10267.2,5585.98,4681.22,Net Banking
3023,2023-08-31,East Rebecca,West,Tablet,Electronics,2,4341,10,7813.8,4554.93,3258.87,Card
3024,2026-05-09,Loriport,West,Camera,Office,2,1990,15,3383.0,1730.51,1652.49,Net Banking
3025,2023-12-16,West Michaelbury,East,Speaker,Accessories,3,4894,0,14682.0,7910.73,6771.27,Card
3026,2025-06-16,New Vincentfurt,West,Headphones,Electronics,2,513,10,923.4,513.22,410.18,Net Banking
3027,2024-09-23,Lake Suzanneport,West,Phone,Accessories,5,1155,0,5775.0,3552.49,2222.51,Net Banking
3028,2026-01-24,West Carolyn,South,Speaker,Office,2,1649,10,2968.2,1819.76,1148.44,Card
3029,2025-04-22,East Kylehaven,West,Printer,Office,2,2726,20,4361.6,3142.28,1219.32,Net Banking
3030,2025-09-14,Lake Lindahaven,West,Laptop,Accessories,4,3794,20,12140.8,6752.56,5388.24,UPI
3031,2023-08-24,Jasonhaven,East,Speaker,Electronics,2,2187,20,3499.2,1930.86,1568.34,UPI
3032,2024-12-19,Lake Catherinefurt,South,Speaker,Electronics,3,1739,20,4173.6,2747.75,1425.85,Card
3033,2025-07-26,South Laurastad,North,Mouse,Accessories,2,3396,0,6792.0,3455.76,3336.24,UPI
3034,2024-05-15,Rushland,North,Mouse,Office,4,3367,5,12794.6,9621.83,3172.77,Card
3035,2024-12-09,Jacksontown,East,Phone,Electronics,1,2428,20,1942.4,1012.41,929.99,Card
3036,2025-01-01,Garciaburgh,West,Headphones,Electronics,5,4809,15,20438.25,12189.76,8248.49,Net Banking
3037,2024-11-12,Danielchester,South,Mouse,Electronics,3,3243,10,8756.1,4797.74,3958.36,Cash
3038,2025-03-02,South Laurie,South,Monitor,Electronics,5,1339,0,6695.0,4389.09,2305.91,UPI
3039,2024-08-30,South Dustin,North,Speaker,Accessories,5,4068,15,17289.0,10864.96,6424.04,Net Banking
3040,2025-12-16,Harrischester,North,Monitor,Accessories,2,4756,20,7609.6,5907.83,1701.77,Card
3041,2024-12-24,Lawsonland,South,Laptop,Accessories,1,797,15,677.45,472.63,204.82,Net Banking
3042,2024-02-13,West Tracey,East,Camera,Electronics,4,923,20,2953.6,1858.36,1095.24,Cash
3043,2024-12-19,Michealtown,East,Camera,Accessories,1,2636,5,2504.2,1849.65,654.55,UPI
3044,2024-07-23,Port Heathershire,South,Camera,Office,2,2704,5,5137.6,4055.16,1082.44,Cash
3045,2025-01-05,South Edward,West,Camera,Electronics,4,894,0,3576.0,1843.6,1732.4,Card
3046,2025-05-02,East Sarah,West,Phone,Office,1,4165,10,3748.5,1944.1,1804.4,Card
3047,2024-08-24,Clarkmouth,North,Speaker,Electronics,1,1301,10,1170.9,878.17,292.73,Net Banking
3048,2025-07-11,Jessechester,East,Headphones,Accessories,2,1820,15,3094.0,1584.42,1509.58,Cash
3049,2024-07-08,New Tracyland,North,Mouse,Accessories,3,3774,10,10189.8,6776.06,3413.74,Net Banking
3050,2026-06-19,Ashleyside,South,Keyboard,Accessories,1,3736,20,2988.8,1867.39,1121.41,UPI
3051,2024-10-27,Suzannetown,North,Camera,Office,1,3953,15,3360.05,2003.95,1356.1,UPI
3052,2023-11-25,East Gregory,South,Headphones,Office,5,3026,0,15130.0,9758.8,5371.2,Cash
3053,2023-09-30,Maxland,East,Laptop,Office,1,2295,10,2065.5,1270.4,795.1,UPI
3054,2025-10-05,Michaelview,East,Printer,Office,5,3000,20,12000.0,6005.24,5994.76,UPI
3055,2025-07-02,West Juliashire,West,Monitor,Electronics,1,2729,15,2319.65,1341.16,978.49,UPI
3056,2024-04-06,Conradhaven,North,Laptop,Accessories,4,484,15,1645.6,1228.24,417.36,UPI
3057,2025-08-29,Kaylahaven,East,Mouse,Electronics,5,2113,0,10565.0,7554.48,3010.52,Cash
3058,2025-08-28,Amytown,South,Headphones,Electronics,1,2136,20,1708.8,1327.63,381.17,UPI
3059,2026-04-16,North Lynnchester,South,Laptop,Electronics,2,4921,15,8365.7,5170.81,3194.89,Cash
3060,2025-06-21,Whiteberg,East,Laptop,Office,5,4643,15,19732.75,13918.45,5814.3,Net Banking
3061,2025-06-30,Blankenshipland,East,Headphones,Office,5,4527,0,22635.0,12346.61,10288.39,Cash
3062,2025-05-16,Floydberg,South,Keyboard,Office,1,3230,10,2907.0,2057.04,849.96,Card
3063,2026-04-27,Kelliton,South,Speaker,Accessories,3,3520,5,10032.0,5618.18,4413.82,Cash
3064,2025-11-13,Moyerport,North,Tablet,Accessories,3,269,20,645.6,498.64,146.96,UPI
3065,2024-02-09,Cynthiamouth,North,Speaker,Electronics,5,4674,15,19864.5,15846.31,4018.19,UPI
3066,2026-06-12,South Tylerborough,East,Keyboard,Electronics,1,859,20,687.2,516.59,170.61,UPI
3067,2025-09-30,Teresashire,North,Monitor,Office,2,1289,15,2191.3,1344.52,846.78,Cash
3068,2023-09-28,Lake Gabrielle,South,Tablet,Electronics,5,2873,20,11492.0,5908.19,5583.81,Card
3069,2024-04-26,Lyonsville,North,Mouse,Accessories,1,1012,20,809.6,564.18,245.42,Card
3070,2024-06-29,East Rachel,West,Laptop,Accessories,2,248,10,446.4,253.45,192.95,Net Banking
3071,2025-01-22,West Brian,North,Printer,Office,3,3076,10,8305.2,4890.76,3414.44,Card
3072,2026-04-02,Davishaven,East,Tablet,Office,2,754,15,1281.8,929.58,352.22,UPI
3073,2025-11-09,Lake Michael,East,Tablet,Accessories,5,4788,10,21546.0,15486.37,6059.63,Net Banking
3074,2025-01-30,Sarahchester,East,Speaker,Accessories,4,1183,15,4022.2,2228.06,1794.14,UPI
3075,2023-09-28,Lake Michael,West,Phone,Office,3,2001,0,6003.0,3249.79,2753.21,Cash
3076,2025-12-22,South Edwin,West,Laptop,Electronics,1,1162,10,1045.8,675.43,370.37,Net Banking
3077,2023-10-10,Port Timothyshire,North,Tablet,Electronics,5,3387,0,16935.0,10147.34,6787.66,UPI
3078,2026-06-24,Port Brittanytown,North,Monitor,Electronics,4,3342,5,12699.6,8003.18,4696.42,Card
3079,2024-04-15,Merrittfort,North,Speaker,Office,5,818,15,3476.5,2015.66,1460.84,UPI
3080,2025-11-04,Kelleytown,North,Headphones,Electronics,1,1872,20,1497.6,768.48,729.12,Card
3081,2025-09-26,West Crystalfurt,East,Monitor,Electronics,1,1272,10,1144.8,618.85,525.95,Card
3082,2024-11-23,Cynthialand,East,Keyboard,Electronics,4,3139,20,10044.8,6431.16,3613.64,Card
3083,2026-01-15,Bethhaven,West,Laptop,Electronics,4,441,0,1764.0,1211.84,552.16,Net Banking
3084,2024-02-01,Port Robertland,East,Mouse,Office,3,4138,10,11172.6,7803.79,3368.81,Card
3085,2025-10-30,Rollinsmouth,East,Mouse,Accessories,1,2713,10,2441.7,1768.16,673.54,Card
3086,2026-03-16,East James,North,Printer,Office,5,841,0,4205.0,2805.71,1399.29,Net Banking
3087,2024-03-24,East Leeville,East,Monitor,Accessories,3,2970,20,7128.0,4015.98,3112.02,Net Banking
3088,2025-01-01,Millershire,East,Headphones,Electronics,2,1475,20,2360.0,1742.29,617.71,Net Banking
3089,2025-10-26,Chrisville,West,Tablet,Electronics,5,4155,0,20775.0,12350.1,8424.9,Card
3090,2024-12-18,Millerburgh,East,Printer,Accessories,4,940,15,3196.0,2403.73,792.27,UPI
3091,2023-08-06,Lake Ericbury,South,Tablet,Accessories,4,185,10,666.0,422.69,243.31,UPI
3092,2024-12-06,South Harryview,North,Monitor,Office,2,1711,10,3079.8,2278.85,800.95,Cash
3093,2025-12-13,New Nicole,North,Phone,Accessories,1,681,10,612.9,482.03,130.87,Card
3094,2023-08-10,Rileyfurt,East,Tablet,Electronics,1,3566,15,3031.1,2251.16,779.94,Cash
3095,2025-08-04,Lake Christopher,South,Headphones,Accessories,5,3704,20,14816.0,7682.86,7133.14,Cash
3096,2024-12-04,North Sabrinaville,East,Camera,Office,1,1813,5,1722.35,1166.41,555.94,Cash
3097,2024-02-08,Maddenfort,East,Keyboard,Electronics,1,3175,10,2857.5,2056.19,801.31,Cash
3098,2025-06-20,South Sandra,West,Phone,Office,4,4880,0,19520.0,11629.93,7890.07,UPI
3099,2026-01-22,Gibsonbury,East,Tablet,Office,5,4815,20,19260.0,11928.83,7331.17,Card
3100,2026-05-23,Oneillland,South,Keyboard,Accessories,4,2804,15,9533.6,7298.47,2235.13,Net Banking
3101,2024-07-18,Avilaside,North,Monitor,Office,3,4683,15,11941.65,7389.45,4552.2,Net Banking
3102,2026-03-30,East Julieport,West,Camera,Office,1,1621,5,1539.95,1229.11,310.84,UPI
3103,2025-11-28,Petersonmouth,North,Speaker,Electronics,5,2273,5,10796.75,8169.49,2627.26,Card
3104,2024-05-25,Sergiofort,South,Keyboard,Electronics,1,3048,15,2590.8,1675.37,915.43,Net Banking
3105,2026-02-18,Lake Terri,West,Mouse,Accessories,2,1191,5,2262.9,1515.37,747.53,UPI
3106,2024-05-19,Vickieview,South,Tablet,Accessories,2,4693,5,8916.7,5320.13,3596.57,Net Banking
3107,2026-07-02,Kimland,West,Camera,Electronics,5,4963,5,23574.25,13613.8,9960.45,Card
3108,2025-01-16,Port Christineton,North,Headphones,Electronics,2,4482,10,8067.6,5611.11,2456.49,Card
3109,2026-03-11,Santiagoburgh,North,Phone,Accessories,1,4812,0,4812.0,2768.87,2043.13,Card
3110,2026-06-19,Johnsonport,South,Keyboard,Accessories,2,1535,20,2456.0,1433.49,1022.51,Net Banking
3111,2023-08-24,Rothborough,North,Camera,Accessories,1,4941,20,3952.8,2153.51,1799.29,Cash
3112,2023-08-29,Mooreville,South,Tablet,Electronics,1,2789,10,2510.1,1774.67,735.43,Net Banking
3113,2026-03-20,Smithtown,North,Keyboard,Office,3,3675,20,8820.0,6235.02,2584.98,Card
3114,2025-02-26,Lake Robertbury,West,Mouse,Electronics,1,341,0,341.0,243.81,97.19,Card
3115,2024-04-20,North Jasonfurt,South,Headphones,Accessories,2,1609,15,2735.3,2182.41,552.89,Net Banking
3116,2025-02-27,Danielleport,North,Tablet,Office,4,3924,5,14911.2,8367.06,6544.14,UPI
3117,2024-01-16,Geraldhaven,North,Camera,Electronics,4,3391,10,12207.6,8777.68,3429.92,Card
3118,2025-03-05,Barnettmouth,North,Monitor,Office,5,3061,0,15305.0,8745.46,6559.54,Cash
3119,2023-11-22,Larsonhaven,East,Phone,Office,2,4224,10,7603.2,4110.15,3493.05,UPI
3120,2025-12-18,Lake David,West,Mouse,Electronics,4,2537,0,10148.0,5476.7,4671.3,Net Banking
3121,2023-12-10,Kaitlynland,West,Tablet,Electronics,4,3105,20,9936.0,5465.81,4470.19,Cash
3122,2025-07-10,Wigginsland,North,Laptop,Electronics,5,119,15,505.75,378.87,126.88,Net Banking
3123,2025-10-30,South Jill,West,Mouse,Accessories,2,4264,10,7675.2,5298.1,2377.1,UPI
3124,2025-08-10,Lake Daniel,West,Speaker,Electronics,3,4799,15,12237.45,7099.92,5137.53,UPI
3125,2023-11-07,Onealhaven,West,Speaker,Office,5,1882,20,7528.0,5342.58,2185.42,Cash
3126,2025-01-29,Watsonfort,West,Laptop,Office,5,733,10,3298.5,2241.74,1056.76,Cash
3127,2023-10-17,Lake Jeremy,South,Headphones,Accessories,3,216,10,583.2,396.09,187.11,Net Banking
3128,2026-07-09,Amandamouth,South,Speaker,Accessories,3,1873,5,5338.05,2880.07,2457.98,Net Banking
3129,2023-11-16,Cookmouth,North,Phone,Accessories,1,1171,0,1171.0,640.64,530.36,Cash
3130,2026-07-20,Martinton,North,Phone,Electronics,5,2880,5,13680.0,7872.07,5807.93,Net Banking
3131,2024-01-25,Laurafurt,East,Camera,Accessories,4,1438,5,5464.4,4223.36,1241.04,Card
3132,2026-07-21,North Tina,West,Phone,Office,2,2893,15,4918.1,3514.18,1403.92,Card
3133,2024-09-13,West Brandon,West,Laptop,Accessories,2,1779,15,3024.3,1989.26,1035.04,Cash
3134,2025-06-19,Danielhaven,North,Keyboard,Office,1,3277,20,2621.6,1349.71,1271.89,Cash
3135,2026-02-22,Hardytown,East,Tablet,Electronics,5,3131,15,13306.75,7874.72,5432.03,Cash
3136,2025-12-10,North Stephaniefurt,West,Keyboard,Office,5,3609,15,15338.25,10538.29,4799.96,Card
3137,2024-11-20,Lawrenceview,North,Laptop,Office,1,3743,5,3555.85,1992.7,1563.15,UPI
3138,2024-02-07,Hannaview,West,Headphones,Electronics,5,1252,15,5321.0,2794.07,2526.93,UPI
3139,2025-12-04,Lake Adamton,West,Printer,Accessories,4,2743,10,9874.8,7606.17,2268.63,Cash
3140,2023-11-26,Ruizchester,East,Monitor,Accessories,3,4189,20,10053.6,7883.09,2170.51,Net Banking
3141,2024-04-12,Jacquelinechester,West,Mouse,Electronics,3,918,5,2616.3,1508.11,1108.19,UPI
3142,2023-10-24,Joshuafurt,West,Printer,Electronics,1,3265,20,2612.0,1655.81,956.19,Cash
3143,2026-01-09,South Julieview,East,Mouse,Accessories,1,3027,0,3027.0,1890.11,1136.89,UPI
3144,2026-03-15,Ballardstad,East,Phone,Office,2,1534,10,2761.2,2094.29,666.91,Net Banking
3145,2024-04-23,Port Jacqueline,South,Keyboard,Office,3,140,5,399.0,295.46,103.54,Net Banking
3146,2026-03-29,Port Timothy,South,Monitor,Accessories,5,3588,0,17940.0,11728.59,6211.41,UPI
3147,2025-06-07,Scottberg,West,Keyboard,Electronics,1,3807,0,3807.0,2998.01,808.99,Cash
3148,2024-03-09,East Sandrashire,West,Laptop,Electronics,3,1360,5,3876.0,2534.16,1341.84,UPI
3149,2026-03-28,Brianburgh,South,Laptop,Office,3,497,20,1192.8,815.21,377.59,Cash
3150,2024-06-20,New Vincentberg,North,Speaker,Accessories,1,1841,10,1656.9,1160.48,496.42,UPI
3151,2023-11-21,Jacksonside,West,Headphones,Accessories,5,3996,20,15984.0,10316.67,5667.33,Cash
3152,2024-12-22,Bradland,East,Tablet,Office,2,4648,10,8366.4,4458.08,3908.32,Cash
3153,2023-12-12,Morrisonton,North,Camera,Electronics,5,207,10,931.5,554.55,376.95,Cash
3154,2025-09-10,Andreaborough,North,Speaker,Accessories,4,4131,10,14871.6,11843.1,3028.5,Net Banking
3155,2025-07-29,Port Emily,East,Speaker,Office,2,4794,10,8629.2,6066.75,2562.45,UPI
3156,2026-02-14,Lopezstad,East,Mouse,Electronics,2,3640,0,7280.0,4008.19,3271.81,UPI
3157,2026-03-23,Port Alex,South,Monitor,Office,2,837,10,1506.6,1165.21,341.39,Cash
3158,2025-01-30,Gregoryburgh,East,Headphones,Electronics,5,243,15,1032.75,575.62,457.13,Card
3159,2025-10-20,Garciaside,West,Mouse,Office,1,4716,15,4008.6,2804.0,1204.6,Net Banking
3160,2026-03-03,Lake Shawn,North,Mouse,Electronics,4,3070,20,9824.0,5988.61,3835.39,Net Banking
3161,2026-06-15,Morenofurt,South,Speaker,Accessories,3,4381,5,12485.85,6997.57,5488.28,Net Banking
3162,2025-04-30,Claytonland,South,Keyboard,Office,5,2364,0,11820.0,7933.18,3886.82,Card
3163,2023-10-20,Stacyburgh,East,Printer,Accessories,2,3617,0,7234.0,5216.07,2017.93,Cash
3164,2026-03-03,Ramseymouth,East,Printer,Electronics,2,3862,15,6565.4,4934.51,1630.89,UPI
3165,2025-05-22,Karenfurt,South,Speaker,Electronics,4,1676,0,6704.0,4124.2,2579.8,UPI
3166,2025-02-14,Sandrabury,North,Camera,Office,3,855,20,2052.0,1594.4,457.6,Card
3167,2024-02-24,Lisashire,East,Speaker,Accessories,3,1301,15,3317.55,2478.21,839.34,Net Banking
3168,2024-01-12,Lake Latoyaborough,West,Headphones,Electronics,5,4595,20,18380.0,13799.57,4580.43,Card
3169,2023-10-12,North Manuel,North,Camera,Office,4,1283,5,4875.4,3393.91,1481.49,UPI
3170,2025-09-12,Lindsayshire,North,Laptop,Office,2,1502,5,2853.8,1830.59,1023.21,Net Banking
3171,2024-10-05,Brittneyburgh,West,Laptop,Office,3,2334,20,5601.6,3855.62,1745.98,Cash
3172,2025-12-16,Dennismouth,East,Phone,Office,4,3758,20,12025.6,7177.94,4847.66,Net Banking
3173,2024-07-27,West Heatherburgh,North,Printer,Office,4,4166,10,14997.6,8911.01,6086.59,UPI
3174,2025-03-29,West Elizabeth,East,Speaker,Electronics,4,1821,15,6191.4,4050.76,2140.64,Cash
3175,2024-06-26,West Devon,East,Printer,Office,4,575,20,1840.0,1240.73,599.27,Net Banking
3176,2025-10-26,South Christopherborough,East,Printer,Office,2,3417,20,5467.2,3078.19,2389.01,Net Banking
3177,2023-10-02,North Thomasshire,South,Laptop,Office,4,1782,20,5702.4,2890.3,2812.1,Net Banking
3178,2023-09-15,Mariatown,West,Phone,Electronics,4,749,5,2846.2,1626.14,1220.06,UPI
3179,2025-08-26,Port Davidton,North,Headphones,Office,5,328,10,1476.0,1064.89,411.11,Net Banking
3180,2025-11-20,Jamesberg,North,Camera,Electronics,1,4284,5,4069.8,3030.55,1039.25,Net Banking
3181,2023-12-07,New Jimmyhaven,North,Camera,Office,4,4982,0,19928.0,15183.6,4744.4,Card
3182,2023-11-02,Alexanderland,South,Tablet,Office,2,4040,5,7676.0,5195.45,2480.55,Card
3183,2026-04-14,South Briantown,West,Mouse,Office,2,2351,20,3761.6,2628.7,1132.9,Net Banking
3184,2025-07-02,Jenniferport,West,Monitor,Accessories,1,2087,10,1878.3,964.08,914.22,Net Banking
3185,2025-10-25,Campbellshire,West,Laptop,Accessories,5,1945,5,9238.75,5557.07,3681.68,Net Banking
3186,2025-08-20,Johnborough,South,Phone,Accessories,2,931,5,1768.9,1330.14,438.76,Cash
3187,2026-01-02,Garrisontown,North,Monitor,Electronics,3,449,10,1212.3,766.17,446.13,UPI
3188,2025-06-08,Blairmouth,South,Printer,Accessories,5,4019,20,16076.0,10948.58,5127.42,Cash
3189,2024-04-29,Loganside,South,Phone,Electronics,3,466,10,1258.2,767.87,490.33,Cash
3190,2026-05-17,North Feliciaville,North,Headphones,Electronics,1,2627,15,2232.95,1753.52,479.43,Cash
3191,2025-02-01,Rushmouth,West,Phone,Accessories,1,1725,15,1466.25,968.79,497.46,Net Banking
3192,2025-09-09,Johnsontown,West,Camera,Office,5,711,0,3555.0,2399.03,1155.97,Net Banking
3193,2023-08-09,Williamsfurt,East,Mouse,Accessories,5,537,5,2550.75,1453.0,1097.75,Net Banking
3194,2024-06-09,West Timothy,West,Speaker,Accessories,5,2491,10,11209.5,6990.29,4219.21,UPI
3195,2023-12-01,Schmidtport,North,Phone,Accessories,2,3567,15,6063.9,4767.04,1296.86,Card
3196,2023-11-08,North Kristin,West,Printer,Office,2,2715,15,4615.5,2610.48,2005.02,Card
3197,2024-01-16,New Lisa,East,Camera,Office,1,3008,20,2406.4,1885.34,521.06,Card
3198,2023-10-30,West Timothy,West,Printer,Office,5,1306,15,5550.5,3164.1,2386.4,Card
3199,2026-03-07,Popemouth,East,Printer,Accessories,1,1219,20,975.2,730.39,244.81,Cash
3200,2024-12-12,Port Christopher,North,Tablet,Office,2,1957,5,3718.3,2054.42,1663.88,Cash
3201,2025-01-27,New Allison,East,Printer,Electronics,1,4605,10,4144.5,2851.62,1292.88,Net Banking
3202,2025-12-31,Lake Rebeccafurt,East,Mouse,Accessories,4,296,15,1006.4,778.06,228.34,Net Banking
3203,2025-02-17,Bradshawchester,East,Speaker,Accessories,3,3284,5,9359.4,6721.42,2637.98,Cash
3204,2026-02-10,Medinaton,North,Tablet,Electronics,1,4089,10,3680.1,2657.83,1022.27,Net Banking
3205,2026-04-09,Larsenmouth,South,Phone,Office,1,2858,0,2858.0,2242.08,615.92,UPI
3206,2025-09-25,New Robertshire,East,Phone,Electronics,4,4724,20,15116.8,7884.04,7232.76,Cash
3207,2024-10-17,Stephensshire,North,Speaker,Accessories,3,4028,15,10271.4,7289.77,2981.63,Card
3208,2025-09-19,Susantown,South,Speaker,Office,4,3784,10,13622.4,6916.76,6705.64,Card
3209,2025-02-19,Wadefort,South,Keyboard,Electronics,5,3418,10,15381.0,10756.42,4624.58,Card
3210,2023-09-15,West Shaneshire,West,Headphones,Electronics,4,2949,0,11796.0,7933.3,3862.7,Card
3211,2025-10-18,Lake Jill,West,Tablet,Accessories,4,3189,15,10842.6,6916.54,3926.06,Net Banking
3212,2024-09-17,Foleyborough,West,Keyboard,Accessories,1,112,5,106.4,85.04,21.36,Card
3213,2023-08-19,Lake Sallychester,South,Mouse,Office,1,1201,5,1140.95,616.22,524.73,UPI
3214,2024-09-21,Markhaven,South,Tablet,Accessories,1,1810,15,1538.5,1217.85,320.65,Cash
3215,2026-05-02,North Davidberg,West,Speaker,Electronics,5,232,0,1160.0,745.07,414.93,Cash
3216,2024-01-08,South Brendabury,North,Mouse,Accessories,2,2593,10,4667.4,3473.83,1193.57,UPI
3217,2026-01-10,Caldwellstad,East,Phone,Accessories,5,1445,5,6863.75,3937.01,2926.74,Cash
3218,2023-09-12,East Dennisbury,South,Tablet,Electronics,4,3053,15,10380.2,7935.71,2444.49,UPI
3219,2026-03-21,Jacksonland,South,Tablet,Electronics,5,3243,5,15404.25,9964.78,5439.47,UPI
3220,2023-10-08,Johnstad,West,Speaker,Office,5,4888,10,21996.0,15848.54,6147.46,Cash
3221,2025-02-08,North Carlytown,West,Camera,Accessories,3,4873,5,13888.05,9607.86,4280.19,Cash
3222,2025-08-30,East Robin,South,Printer,Accessories,1,2546,20,2036.8,1045.89,990.91,UPI
3223,2026-04-18,Port Jillside,South,Mouse,Accessories,2,2840,10,5112.0,2653.45,2458.55,Cash
3224,2024-05-07,Port Maureenmouth,South,Speaker,Electronics,5,3371,15,14326.75,7768.03,6558.72,Cash
3225,2024-08-14,New Breanna,East,Mouse,Accessories,4,2075,5,7885.0,4098.87,3786.13,UPI
3226,2024-07-21,West Victoriamouth,South,Headphones,Accessories,3,4050,10,10935.0,7371.04,3563.96,UPI
3227,2026-05-03,Alexborough,West,Speaker,Accessories,1,2235,20,1788.0,1139.66,648.34,Card
3228,2025-10-09,New Larryshire,East,Mouse,Electronics,1,1197,0,1197.0,702.46,494.54,Net Banking
3229,2024-06-23,Port William,South,Laptop,Office,4,3667,15,12467.8,6588.33,5879.47,Cash
3230,2025-11-20,North Karen,West,Keyboard,Electronics,5,522,0,2610.0,1383.23,1226.77,Cash
3231,2025-04-19,East Brandon,North,Mouse,Electronics,2,4870,0,9740.0,5818.4,3921.6,Net Banking
3232,2025-05-16,West Kenneth,North,Laptop,Accessories,4,4481,15,15235.4,8398.5,6836.9,UPI
3233,2026-07-04,North Noahtown,West,Printer,Accessories,5,3836,0,19180.0,9850.87,9329.13,Net Banking
3234,2026-04-30,Hamiltonmouth,North,Tablet,Office,3,1155,10,3118.5,2271.19,847.31,UPI
3235,2023-11-07,Mitchellberg,South,Phone,Accessories,2,3604,20,5766.4,4018.97,1747.43,Cash
3236,2024-02-19,Lake Justinborough,North,Headphones,Electronics,2,1707,0,3414.0,2121.03,1292.97,UPI
3237,2025-05-14,Hebertchester,East,Laptop,Office,2,4214,15,7163.8,5460.85,1702.95,Cash
3238,2024-11-17,East David,North,Mouse,Electronics,2,1477,10,2658.6,1920.23,738.37,UPI
3239,2024-08-14,Michaelview,East,Phone,Accessories,4,3449,15,11726.6,5992.3,5734.3,Cash
3240,2026-04-27,Stevenside,West,Tablet,Electronics,5,4739,5,22510.25,11384.06,11126.19,Card
3241,2025-01-31,Jonesland,South,Mouse,Electronics,5,1252,5,5947.0,3215.57,2731.43,UPI
3242,2026-04-28,South Jamie,South,Laptop,Accessories,3,2001,20,4802.4,2589.2,2213.2,Net Banking
3243,2025-06-01,Brownport,North,Phone,Electronics,2,325,0,650.0,512.37,137.63,Card
3244,2025-07-27,South Annafurt,North,Keyboard,Electronics,3,4476,10,12085.2,6800.62,5284.58,Card
3245,2026-02-14,Bakerside,North,Keyboard,Electronics,3,1587,20,3808.8,2337.27,1471.53,Card
3246,2023-11-14,East Alexandrashire,West,Mouse,Accessories,5,2182,10,9819.0,7361.51,2457.49,Card
3247,2025-07-21,West Sonyatown,East,Mouse,Office,2,2592,5,4924.8,3202.0,1722.8,Net Banking
3248,2025-10-09,Gutierrezview,West,Tablet,Electronics,4,140,5,532.0,308.09,223.91,Cash
3249,2023-12-05,Gallagherville,South,Tablet,Accessories,2,546,20,873.6,685.97,187.63,Net Banking
3250,2026-03-18,Lake Annfort,East,Headphones,Office,2,2366,20,3785.6,2517.59,1268.01,Net Banking
3251,2024-01-14,East Jacobside,North,Monitor,Office,2,3018,15,5130.6,3850.27,1280.33,Card
3252,2026-05-03,West Michelle,North,Mouse,Accessories,4,3411,10,12279.6,9138.75,3140.85,Net Banking
3253,2024-05-11,Walkerton,North,Speaker,Accessories,2,3128,5,5943.2,4526.94,1416.26,Net Banking
3254,2025-11-10,East Kellihaven,East,Keyboard,Electronics,3,962,10,2597.4,1667.06,930.34,Net Banking
3255,2025-11-15,Reginaldfurt,West,Mouse,Accessories,5,3138,5,14905.5,8743.02,6162.48,Net Banking
3256,2025-11-13,Taylorhaven,West,Headphones,Office,3,2011,10,5429.7,3054.28,2375.42,Cash
3257,2026-02-11,Hickshaven,West,Camera,Office,2,1362,10,2451.6,1374.77,1076.83,Card
3258,2024-10-17,Amandastad,South,Camera,Office,3,945,10,2551.5,1639.2,912.3,Net Banking
3259,2023-08-21,East Denise,South,Mouse,Accessories,2,4581,5,8703.9,5197.92,3505.98,Cash
3260,2026-02-06,Callahanport,North,Tablet,Electronics,5,3615,5,17171.25,12030.64,5140.61,Net Banking
3261,2024-06-29,Donaldside,South,Speaker,Office,5,1305,10,5872.5,3932.53,1939.97,UPI
3262,2024-09-22,Lake Megan,North,Phone,Accessories,4,887,10,3193.2,2420.87,772.33,Card
3263,2026-02-24,South Joseph,West,Keyboard,Accessories,4,824,0,3296.0,1890.1,1405.9,Card
3264,2025-10-23,West Rebecca,North,Phone,Accessories,4,582,15,1978.8,1399.68,579.12,Net Banking
3265,2025-07-16,East Jeremy,South,Tablet,Office,4,4637,0,18548.0,12367.43,6180.57,Cash
3266,2024-02-11,Port Candice,North,Mouse,Accessories,5,1803,0,9015.0,4863.99,4151.01,Card
3267,2025-04-10,Martinland,East,Mouse,Electronics,5,2539,15,10790.75,6680.1,4110.65,Card
3268,2025-06-20,Brandonmouth,South,Keyboard,Office,4,2529,10,9104.4,6602.47,2501.93,UPI
3269,2024-05-18,Lake Kevin,East,Laptop,Electronics,4,1236,20,3955.2,2998.72,956.48,Net Banking
3270,2025-08-23,Wrightton,North,Phone,Electronics,5,2248,20,8992.0,6779.47,2212.53,Net Banking
3271,2024-01-28,Michaelview,West,Camera,Office,4,2493,20,7977.6,5090.1,2887.5,UPI
3272,2025-08-13,Port Marissa,South,Speaker,Electronics,4,4611,5,17521.8,9909.2,7612.6,UPI
3273,2024-06-25,Fieldsbury,North,Phone,Accessories,1,3291,0,3291.0,1813.15,1477.85,Card
3274,2025-06-25,North Kevin,North,Keyboard,Electronics,5,2329,20,9316.0,4752.71,4563.29,Card
3275,2026-02-15,South Ericside,West,Camera,Office,3,2327,5,6631.95,4263.49,2368.46,Card
3276,2023-12-24,New Larry,East,Phone,Office,3,4470,0,13410.0,7837.26,5572.74,UPI
3277,2024-08-09,Port Brittanytown,North,Phone,Accessories,1,3656,15,3107.6,2113.63,993.97,UPI
3278,2023-12-22,New Craig,North,Laptop,Electronics,1,3380,0,3380.0,2678.97,701.03,Cash
3279,2025-09-12,Whiteport,West,Tablet,Electronics,2,416,5,790.4,520.79,269.61,Net Banking
3280,2025-09-01,Dianeshire,North,Keyboard,Accessories,5,370,0,1850.0,1411.27,438.73,Card
3281,2025-10-23,Donnaview,East,Mouse,Office,1,1743,10,1568.7,1020.57,548.13,Cash
3282,2024-01-18,Johnsonview,North,Tablet,Electronics,2,590,5,1121.0,667.86,453.14,Net Banking
3283,2024-08-24,Michaelhaven,North,Keyboard,Office,5,887,15,3769.75,2831.84,937.91,Net Banking
3284,2025-04-27,North Mollyville,North,Phone,Accessories,1,754,10,678.6,499.56,179.04,UPI
3285,2024-08-14,New Rodneyfurt,East,Laptop,Electronics,2,1207,0,2414.0,1629.18,784.82,Cash
3286,2024-03-25,New Michaelland,North,Mouse,Electronics,4,135,5,513.0,405.88,107.12,UPI
3287,2025-01-24,Whiteport,East,Monitor,Electronics,2,4471,15,7600.7,5741.0,1859.7,Net Banking
3288,2023-12-07,Whiteheadchester,East,Camera,Accessories,1,1845,15,1568.25,1008.28,559.97,Cash
3289,2026-07-11,North Rachelbury,North,Laptop,Office,4,1636,20,5235.2,2730.28,2504.92,Net Banking
3290,2023-11-27,Davenportton,East,Headphones,Electronics,3,1010,15,2575.5,1382.1,1193.4,Card
3291,2025-11-15,North Sherrybury,North,Keyboard,Electronics,1,2953,10,2657.7,2028.07,629.63,Cash
3292,2024-01-10,Port Michaelfort,West,Headphones,Accessories,2,2815,0,5630.0,3509.12,2120.88,UPI
3293,2023-08-05,South Sarahberg,East,Headphones,Accessories,4,4588,10,16516.8,12292.54,4224.26,Card
3294,2024-11-29,Bentleymouth,East,Mouse,Accessories,4,2654,0,10616.0,5314.42,5301.58,UPI
3295,2024-11-15,Sandovalburgh,East,Printer,Office,4,4882,20,15622.4,10610.16,5012.24,Cash
3296,2024-07-18,North Katieville,South,Laptop,Electronics,4,3298,20,10553.6,6170.67,4382.93,Cash
3297,2025-08-26,East Martinhaven,East,Tablet,Electronics,1,4940,10,4446.0,2800.12,1645.88,Cash
3298,2025-01-27,Ellenmouth,South,Camera,Office,3,4235,10,11434.5,8758.3,2676.2,UPI
3299,2026-03-28,New Anita,East,Tablet,Accessories,4,1378,15,4685.2,2910.74,1774.46,UPI
3300,2024-02-22,North Tammy,North,Phone,Accessories,3,3235,0,9705.0,6239.57,3465.43,Cash
3301,2024-06-24,South Sandra,West,Printer,Office,1,1922,0,1922.0,1530.01,391.99,Net Banking
3302,2023-10-13,South Jacquelinefurt,West,Phone,Electronics,2,2235,0,4470.0,3290.97,1179.03,UPI
3303,2025-12-22,North Antonio,East,Phone,Accessories,4,3451,20,11043.2,7507.74,3535.46,Card
3304,2026-03-27,East Andrew,South,Keyboard,Office,5,1252,0,6260.0,4015.88,2244.12,UPI
3305,2024-03-30,New Robertside,South,Printer,Electronics,1,2976,5,2827.2,1532.35,1294.85,Card
3306,2024-10-22,New Mitchellshire,East,Camera,Accessories,2,4655,5,8844.5,5175.56,3668.94,Card
3307,2026-05-28,Andreatown,East,Laptop,Electronics,5,1677,10,7546.5,6037.03,1509.47,Cash
3308,2024-07-25,Paulton,North,Keyboard,Accessories,1,419,20,335.2,194.55,140.65,UPI
3309,2024-05-21,Lake Charles,East,Keyboard,Accessories,1,2117,10,1905.3,1333.91,571.39,Net Banking
3310,2026-02-26,East Meagantown,North,Tablet,Accessories,2,1449,20,2318.4,1570.98,747.42,UPI
3311,2024-08-26,Pricebury,West,Printer,Electronics,3,4108,20,9859.2,7829.81,2029.39,UPI
3312,2023-12-02,Port Sherylport,North,Mouse,Electronics,2,4527,0,9054.0,6839.81,2214.19,Cash
3313,2024-05-07,North Natalie,East,Headphones,Office,3,2087,10,5634.9,2947.96,2686.94,UPI
3314,2025-08-26,Port Danielle,West,Mouse,Office,3,2458,15,6267.9,4178.82,2089.08,Card
3315,2024-08-26,Westhaven,South,Laptop,Accessories,5,398,5,1890.5,993.46,897.04,Card
3316,2024-05-27,New Jason,North,Keyboard,Accessories,3,4177,20,10024.8,6944.61,3080.19,UPI
3317,2023-08-04,Rebeccahaven,West,Mouse,Electronics,2,897,5,1704.3,1273.41,430.89,Net Banking
3318,2025-10-17,Ashleyport,East,Printer,Accessories,5,4816,0,24080.0,14344.0,9736.0,Cash
3319,2026-01-14,Ellisonshire,North,Printer,Accessories,4,3148,20,10073.6,6765.93,3307.67,Card
3320,2025-04-26,Port Melaniebury,West,Speaker,Office,5,105,15,446.25,303.82,142.43,UPI
3321,2025-03-06,East Scott,West,Laptop,Accessories,3,3043,5,8672.55,5688.73,2983.82,UPI
3322,2024-05-17,Bensonbury,South,Keyboard,Accessories,1,3282,10,2953.8,1849.41,1104.39,Cash
3323,2025-07-18,Lake Mary,East,Headphones,Accessories,3,3737,0,11211.0,5884.63,5326.37,Net Banking
3324,2025-08-19,Port Richardfurt,North,Mouse,Office,1,1924,15,1635.4,1143.41,491.99,UPI
3325,2025-11-21,Seanmouth,East,Keyboard,Accessories,2,3030,5,5757.0,3975.24,1781.76,Net Banking
3326,2025-10-16,North Territown,East,Mouse,Accessories,5,1416,20,5664.0,4274.42,1389.58,Net Banking
3327,2023-09-08,Adamtown,North,Printer,Accessories,4,1577,10,5677.2,4205.74,1471.46,Card
3328,2025-10-25,North Colinfort,East,Printer,Electronics,2,1253,10,2255.4,1245.51,1009.89,UPI
3329,2024-04-22,Mooreborough,East,Phone,Office,3,755,15,1925.25,1372.38,552.87,Cash
3330,2026-05-08,Timothymouth,East,Printer,Accessories,3,2120,15,5406.0,3676.65,1729.35,Cash
3331,2024-09-16,Fullerfurt,West,Headphones,Accessories,4,2408,20,7705.6,5998.42,1707.18,Net Banking
3332,2024-03-27,Paulmouth,West,Laptop,Electronics,1,1428,10,1285.2,706.04,579.16,Card
3333,2025-06-14,North Melissa,East,Monitor,Electronics,2,1282,20,2051.2,1514.71,536.49,Card
3334,2025-07-03,Maryshire,South,Printer,Accessories,1,2739,20,2191.2,1701.44,489.76,Card
3335,2024-05-24,East Jonathan,South,Speaker,Accessories,1,2389,0,2389.0,1847.88,541.12,Net Banking
3336,2023-12-11,Port Carriemouth,West,Mouse,Electronics,2,842,15,1431.4,783.52,647.88,Card
3337,2026-04-22,North Angelaborough,West,Printer,Electronics,2,316,10,568.8,299.25,269.55,UPI
3338,2025-11-26,Jacksontown,West,Tablet,Office,3,2072,20,4972.8,2749.1,2223.7,Card
3339,2025-02-11,Johnside,South,Monitor,Electronics,4,140,15,476.0,269.6,206.4,Card
3340,2025-02-16,West Julie,North,Mouse,Office,1,1989,20,1591.2,870.49,720.71,Cash
3341,2026-01-31,West Coltonchester,North,Speaker,Electronics,1,1615,5,1534.25,787.88,746.37,UPI
3342,2024-11-23,Cooleyfort,South,Camera,Office,5,2060,5,9785.0,5513.79,4271.21,Net Banking
3343,2024-06-03,Deborahfurt,North,Headphones,Office,1,606,0,606.0,313.57,292.43,Cash
3344,2024-01-17,Michealland,East,Tablet,Office,4,914,15,3107.6,1690.12,1417.48,Cash
3345,2026-05-15,North Joshuachester,East,Speaker,Accessories,4,624,20,1996.8,1441.67,555.13,UPI
3346,2026-01-05,Skinnerborough,South,Keyboard,Electronics,4,4846,20,15507.2,11530.67,3976.53,Cash
3347,2025-09-03,Jimenezberg,North,Tablet,Office,3,1879,5,5355.15,3871.08,1484.07,Net Banking
3348,2024-10-26,Ginaberg,West,Mouse,Accessories,4,4478,0,17912.0,10486.74,7425.26,Cash
3349,2025-09-08,Jenniferport,North,Speaker,Accessories,2,3736,0,7472.0,5489.76,1982.24,Cash
3350,2024-11-14,West Michaelborough,West,Tablet,Accessories,2,955,0,1910.0,1338.96,571.04,Net Banking
3351,2026-01-01,Port Kaitlinchester,West,Tablet,Electronics,3,578,10,1560.6,863.07,697.53,Card
3352,2026-01-21,Weaverside,East,Camera,Office,1,4814,5,4573.3,3046.42,1526.88,UPI
3353,2025-02-27,Port Andrew,South,Keyboard,Electronics,4,707,20,2262.4,1171.84,1090.56,UPI
3354,2024-04-11,Jeremiahmouth,West,Laptop,Accessories,4,4019,20,12860.8,9053.05,3807.75,Net Banking
3355,2026-05-08,Port Kristenland,South,Keyboard,Office,4,1775,10,6390.0,3666.72,2723.28,Net Banking
3356,2024-10-03,West Rebecca,North,Headphones,Accessories,1,4516,10,4064.4,2746.45,1317.95,Cash
3357,2023-10-19,Guzmanside,West,Phone,Electronics,5,3111,15,13221.75,7486.17,5735.58,Cash
3358,2026-06-17,North Andrew,North,Keyboard,Accessories,2,2652,5,5038.8,2552.01,2486.79,Cash
3359,2023-08-07,West Pamelaland,South,Keyboard,Office,2,4767,20,7627.2,5105.49,2521.71,UPI
3360,2024-11-08,West Miguel,West,Tablet,Office,2,1273,10,2291.4,1446.35,845.05,Card
3361,2024-01-23,Santosshire,North,Camera,Office,2,4021,20,6433.6,4594.12,1839.48,Card
3362,2024-02-17,East Claireville,East,Keyboard,Office,4,3481,10,12531.6,8409.17,4122.43,Card
3363,2024-11-06,Wallaceton,North,Tablet,Accessories,1,872,0,872.0,639.77,232.23,Card
3364,2026-05-15,Port Melissa,West,Keyboard,Accessories,4,3318,10,11944.8,6631.71,5313.09,UPI
3365,2023-10-29,Ericfort,East,Monitor,Electronics,2,4096,5,7782.4,6210.57,1571.83,Card
3366,2024-08-25,South Laurenhaven,West,Speaker,Accessories,4,3093,15,10516.2,6248.77,4267.43,Net Banking
3367,2023-10-13,New Billy,West,Headphones,Electronics,3,4433,15,11304.15,7386.05,3918.1,Cash
3368,2025-07-16,Benjaminfort,North,Mouse,Accessories,5,2459,10,11065.5,8289.59,2775.91,Card
3369,2024-09-09,South Brandihaven,West,Monitor,Accessories,3,147,15,374.85,252.49,122.36,Cash
3370,2025-10-09,Keithton,South,Camera,Accessories,1,1271,0,1271.0,965.85,305.15,Net Banking
3371,2025-09-02,Donovanfort,North,Speaker,Accessories,2,4992,5,9484.8,6847.16,2637.64,Card
3372,2026-06-18,West Brian,North,Mouse,Accessories,3,2306,5,6572.1,3429.88,3142.22,Cash
3373,2023-12-11,Mckeemouth,East,Camera,Accessories,1,1624,5,1542.8,1135.85,406.95,UPI
3374,2024-03-16,New Michael,West,Headphones,Accessories,3,2925,15,7458.75,5347.27,2111.48,UPI
3375,2024-03-04,West Jermainetown,South,Keyboard,Office,5,2486,0,12430.0,7926.44,4503.56,Card
3376,2026-01-16,New Jackie,South,Keyboard,Electronics,1,2497,15,2122.45,1414.93,707.52,Net Banking
3377,2025-11-02,West Paula,East,Monitor,Electronics,2,559,20,894.4,634.68,259.72,Net Banking
3378,2026-07-06,Port Elizabeth,South,Tablet,Office,4,3378,15,11485.2,5783.09,5702.11,Card
3379,2023-08-05,Leefurt,North,Phone,Electronics,2,4361,15,7413.7,4152.7,3261.0,Card
3380,2025-04-25,West Steven,East,Headphones,Accessories,1,501,20,400.8,235.53,165.27,Cash
3381,2025-01-01,Chelseaborough,South,Tablet,Accessories,5,1767,5,8393.25,6696.6,1696.65,Net Banking
3382,2023-10-01,Port Andrew,West,Camera,Office,1,4273,5,4059.35,3172.59,886.76,UPI
3383,2025-06-25,Grantview,East,Speaker,Accessories,2,3222,0,6444.0,4868.74,1575.26,Net Banking
3384,2023-12-08,Port Angelaborough,East,Tablet,Accessories,5,1190,0,5950.0,3978.69,1971.31,UPI
3385,2024-08-27,West Paulabury,East,Phone,Office,1,1638,5,1556.1,900.15,655.95,Card
3386,2025-12-29,Pamelaland,East,Mouse,Accessories,3,508,0,1524.0,797.41,726.59,UPI
3387,2026-04-15,North Donaldstad,North,Printer,Electronics,4,2926,20,9363.2,6691.12,2672.08,Card
3388,2024-03-19,Cherylville,North,Mouse,Accessories,5,4274,20,17096.0,11824.9,5271.1,UPI
3389,2026-05-10,Colliershire,North,Monitor,Accessories,1,2408,0,2408.0,1400.45,1007.55,Net Banking
3390,2026-01-22,East Juan,East,Keyboard,Office,5,2884,0,14420.0,10182.41,4237.59,UPI
3391,2025-10-22,Clarkberg,West,Monitor,Accessories,3,4319,5,12309.15,7917.17,4391.98,UPI
3392,2023-11-13,Hatfieldborough,North,Tablet,Office,2,444,20,710.4,491.42,218.98,Cash
3393,2023-09-14,New David,West,Printer,Accessories,4,2408,15,8187.2,4363.75,3823.45,UPI
3394,2025-05-27,North Samuelstad,North,Tablet,Office,1,404,5,383.8,294.21,89.59,Card
3395,2026-06-12,Michaelport,East,Printer,Accessories,4,942,15,3202.8,1691.15,1511.65,Net Banking
3396,2023-12-13,North Courtneyfort,West,Tablet,Accessories,5,3560,0,17800.0,9354.9,8445.1,Cash
3397,2023-12-15,Jerryland,South,Tablet,Electronics,5,4370,5,20757.5,14513.62,6243.88,Net Banking
3398,2023-10-05,Leemouth,South,Monitor,Electronics,1,2728,0,2728.0,1636.4,1091.6,Cash
3399,2025-08-21,West Courtneyfurt,West,Monitor,Accessories,3,4516,0,13548.0,9164.12,4383.88,Card
3400,2025-08-29,Josephberg,South,Keyboard,Office,5,3127,5,14853.25,9051.92,5801.33,Card
3401,2024-01-13,New Sabrinaberg,South,Phone,Accessories,3,1404,15,3580.2,2219.92,1360.28,Net Banking
3402,2025-05-30,East Elizabethside,East,Printer,Accessories,3,4683,0,14049.0,7304.93,6744.07,Net Banking
3403,2024-10-01,Joshuaton,South,Laptop,Electronics,4,4589,15,15602.6,10632.01,4970.59,UPI
3404,2024-05-03,North Robertchester,West,Headphones,Accessories,2,4322,10,7779.6,4367.1,3412.5,Net Banking
3405,2026-06-14,Robbinsside,South,Mouse,Accessories,4,4953,20,15849.6,11781.57,4068.03,UPI
3406,2023-11-05,Jasonberg,East,Mouse,Accessories,3,601,5,1712.85,1020.83,692.02,UPI
3407,2026-06-17,Teresabury,South,Laptop,Office,2,136,20,217.6,139.29,78.31,Net Banking
3408,2026-03-02,Kennethburgh,South,Printer,Office,2,165,15,280.5,204.67,75.83,Card
3409,2025-08-31,Patriciastad,North,Phone,Office,4,3992,15,13572.8,8642.67,4930.13,Cash
3410,2026-07-05,East Erikmouth,West,Printer,Accessories,2,2713,5,5154.7,3649.47,1505.23,Card
3411,2026-01-09,Port Shawnton,North,Headphones,Electronics,1,603,0,603.0,381.56,221.44,UPI
3412,2025-01-20,Janicefort,East,Camera,Electronics,2,2382,5,4525.8,2525.57,2000.23,UPI
3413,2025-12-11,Theresafurt,North,Speaker,Office,3,4060,15,10353.0,8237.23,2115.77,Net Banking
3414,2024-12-15,Kelseyfort,North,Tablet,Accessories,1,4848,20,3878.4,2673.26,1205.14,Net Banking
3415,2023-12-10,West Heather,West,Mouse,Electronics,3,3366,15,8583.3,6273.53,2309.77,Net Banking
3416,2023-12-21,Bernardmouth,East,Laptop,Electronics,5,2021,5,9599.75,5628.06,3971.69,Cash
3417,2024-07-14,Lake Jacobbury,West,Monitor,Electronics,2,1422,10,2559.6,2005.43,554.17,Net Banking
3418,2026-03-05,New Heatherberg,North,Speaker,Electronics,5,1740,5,8265.0,4447.85,3817.15,Cash
3419,2023-12-09,Lake Isabellaville,East,Camera,Office,2,208,15,353.6,179.05,174.55,Card
3420,2025-04-23,Port Patrickshire,North,Phone,Accessories,4,510,0,2040.0,1224.76,815.24,UPI
3421,2024-08-02,Carriemouth,South,Tablet,Electronics,1,459,0,459.0,284.16,174.84,UPI
3422,2026-05-27,New Lisa,South,Mouse,Accessories,5,367,5,1743.25,1081.51,661.74,Cash
3423,2024-07-12,West Melissafurt,South,Keyboard,Accessories,5,3833,20,15332.0,11890.8,3441.2,Cash
3424,2025-05-01,North Heatherberg,North,Speaker,Electronics,5,4199,5,19945.25,12115.68,7829.57,UPI
3425,2025-05-15,East Michael,North,Mouse,Accessories,3,4773,15,12171.15,7808.99,4362.16,Card
3426,2023-12-25,New Troyhaven,South,Headphones,Electronics,5,3484,15,14807.0,11192.89,3614.11,Card
3427,2025-08-17,Briannaborough,West,Tablet,Accessories,1,4153,5,3945.35,2940.02,1005.33,Card
3428,2024-03-01,New Lisaville,East,Mouse,Office,5,1263,10,5683.5,3511.57,2171.93,Card
3429,2024-07-18,Brandonview,North,Headphones,Electronics,4,1152,10,4147.2,2076.85,2070.35,Net Banking
3430,2025-12-31,Port Joeltown,West,Laptop,Accessories,1,807,10,726.3,508.38,217.92,UPI
3431,2024-04-27,East Joan,East,Keyboard,Electronics,5,297,20,1188.0,866.89,321.11,Net Banking
3432,2024-05-18,Joannabury,South,Keyboard,Accessories,1,3382,5,3212.9,2309.72,903.18,Net Banking
3433,2024-03-14,East Thomasfort,South,Laptop,Electronics,2,3224,20,5158.4,3682.22,1476.18,UPI
3434,2025-09-03,Jasminville,South,Phone,Office,1,408,20,326.4,168.33,158.07,Net Banking
3435,2026-02-02,Butlermouth,East,Printer,Electronics,5,1033,0,5165.0,3836.89,1328.11,Card
3436,2024-05-18,Lake Stevenville,East,Phone,Accessories,5,1989,10,8950.5,6352.22,2598.28,Card
3437,2024-02-28,Jenniferchester,North,Mouse,Office,5,514,20,2056.0,1484.18,571.82,Card
3438,2026-02-19,West Elizabethland,West,Tablet,Electronics,4,3517,15,11957.8,6296.45,5661.35,UPI
3439,2024-04-06,Smithview,West,Printer,Electronics,5,774,5,3676.5,2924.71,751.79,Cash
3440,2026-05-05,New Charles,East,Camera,Electronics,5,2582,15,10973.5,8430.27,2543.23,Cash
3441,2025-08-09,West Brittany,East,Printer,Electronics,2,703,0,1406.0,718.33,687.67,Card
3442,2026-05-22,Richardchester,West,Speaker,Office,1,3644,15,3097.4,2412.75,684.65,Cash
3443,2024-10-19,South Dana,North,Mouse,Electronics,2,875,20,1400.0,945.5,454.5,Net Banking
3444,2025-03-31,Jenniferfort,East,Laptop,Office,5,2006,15,8525.5,6817.07,1708.43,UPI
3445,2025-05-03,West Michellefurt,North,Printer,Accessories,4,4079,15,13868.6,8926.95,4941.65,Net Banking
3446,2025-05-22,South Elizabethview,South,Tablet,Electronics,4,1126,20,3603.2,2388.23,1214.97,Net Banking
3447,2026-04-11,New Josephberg,West,Headphones,Accessories,5,4408,10,19836.0,10064.24,9771.76,Net Banking
3448,2024-09-07,Johnstonchester,West,Tablet,Accessories,2,4950,5,9405.0,5221.87,4183.13,UPI
3449,2026-03-18,East Elizabethburgh,North,Tablet,Accessories,5,1695,15,7203.75,4992.73,2211.02,Card
3450,2023-08-08,Johnstonview,North,Camera,Accessories,2,4608,20,7372.8,5181.56,2191.24,Card
3451,2023-11-28,Port Terry,East,Monitor,Office,3,4733,20,11359.2,6041.41,5317.79,Net Banking
3452,2025-03-08,East Codytown,West,Tablet,Accessories,4,3908,5,14850.4,9357.98,5492.42,UPI
3453,2024-06-13,Port Ann,North,Monitor,Electronics,5,1639,20,6556.0,4004.45,2551.55,UPI
3454,2024-06-18,Trujillomouth,West,Monitor,Accessories,3,1122,15,2861.1,1524.42,1336.68,Card
3455,2026-07-22,Contrerasville,East,Tablet,Accessories,5,673,5,3196.75,2164.42,1032.33,UPI
3456,2023-11-13,Drewland,North,Mouse,Office,5,4465,15,18976.25,9945.14,9031.11,Net Banking
3457,2024-10-30,Hicksfort,North,Speaker,Electronics,1,559,10,503.1,368.35,134.75,Cash
3458,2025-09-11,Henryburgh,West,Printer,Accessories,3,4969,5,14161.65,9302.16,4859.49,Cash
3459,2024-06-06,North Leahview,South,Speaker,Electronics,4,507,5,1926.6,1334.69,591.91,UPI
3460,2025-11-01,Stephensonview,North,Phone,Office,1,932,5,885.4,532.98,352.42,Net Banking
3461,2023-10-12,Murilloberg,North,Tablet,Office,1,4141,10,3726.9,2054.55,1672.35,Cash
3462,2024-04-07,North Benjaminshire,South,Tablet,Office,2,1584,5,3009.6,1709.81,1299.79,Card
3463,2026-03-15,Hallton,North,Laptop,Accessories,1,4694,0,4694.0,2888.37,1805.63,Card
3464,2026-01-06,Christopherstad,West,Tablet,Electronics,1,1214,10,1092.6,803.77,288.83,Cash
3465,2026-04-14,East Tina,East,Laptop,Office,5,3796,10,17082.0,9766.9,7315.1,Cash
3466,2025-03-11,Clarkeland,East,Tablet,Office,4,853,10,3070.8,1816.45,1254.35,Net Banking
3467,2023-08-09,South Maryport,West,Keyboard,Accessories,3,507,15,1292.85,856.93,435.92,Cash
3468,2023-12-26,New Morgan,North,Mouse,Accessories,3,3152,5,8983.2,5177.16,3806.04,Net Banking
3469,2024-12-28,Smithville,South,Mouse,Office,5,4494,15,19099.5,11577.75,7521.75,Card
3470,2025-04-12,Richardsonmouth,East,Printer,Accessories,3,4700,5,13395.0,9355.14,4039.86,Card
3471,2025-04-30,East Lisaton,West,Mouse,Office,4,4151,5,15773.8,9941.48,5832.32,Cash
3472,2024-02-05,Williamsonfurt,West,Camera,Accessories,2,1363,0,2726.0,2066.86,659.14,Net Banking
3473,2023-11-30,Anthonyville,South,Tablet,Office,1,4260,20,3408.0,2001.24,1406.76,Card
3474,2025-09-21,Patriciaton,West,Speaker,Office,3,2563,5,7304.55,5561.54,1743.01,Cash
3475,2026-04-08,Heatherchester,East,Monitor,Electronics,5,359,10,1615.5,819.27,796.23,Cash
3476,2025-07-08,New Matthew,West,Camera,Electronics,1,4981,5,4731.95,3121.21,1610.74,UPI
3477,2025-01-06,Port John,South,Speaker,Electronics,1,3850,5,3657.5,2136.38,1521.12,Net Banking
3478,2025-07-27,Knoxfort,East,Mouse,Office,4,1961,15,6667.4,5147.87,1519.53,Cash
3479,2026-05-24,Lake Daniel,North,Tablet,Electronics,1,2079,20,1663.2,1293.33,369.87,Cash
3480,2026-07-10,South Georgemouth,South,Laptop,Accessories,5,2976,0,14880.0,9021.81,5858.19,Cash
3481,2024-06-24,West Kimhaven,South,Monitor,Electronics,1,1615,20,1292.0,682.52,609.48,UPI
3482,2025-05-12,West Sarah,South,Keyboard,Accessories,2,3901,20,6241.6,3616.68,2624.92,Cash
3483,2026-05-15,Port Kevin,South,Monitor,Office,2,744,0,1488.0,793.85,694.15,UPI
3484,2024-12-14,Lake Cheyenne,West,Mouse,Electronics,3,1466,15,3738.3,2270.61,1467.69,Net Banking
3485,2025-10-19,South Sandraville,North,Printer,Accessories,4,1600,10,5760.0,3071.82,2688.18,Net Banking
3486,2025-02-19,East Alexander,East,Monitor,Accessories,2,4429,5,8415.1,5606.16,2808.94,Cash
3487,2025-07-22,Andreaborough,North,Speaker,Electronics,1,2226,15,1892.1,1500.51,391.59,Cash
3488,2025-03-11,Kathyshire,East,Monitor,Accessories,1,742,15,630.7,441.28,189.42,Cash
3489,2024-04-10,Laurenmouth,West,Headphones,Accessories,2,3817,0,7634.0,5932.7,1701.3,Card
3490,2023-08-04,Shieldsview,South,Camera,Accessories,5,981,15,4169.25,2654.51,1514.74,Net Banking
3491,2025-06-22,West Michaelview,West,Monitor,Accessories,1,1250,0,1250.0,875.43,374.57,Card
3492,2025-03-08,Justinberg,West,Laptop,Office,4,2208,0,8832.0,4876.5,3955.5,Cash
3493,2023-08-26,Gillfort,West,Tablet,Electronics,5,1070,20,4280.0,3392.81,887.19,UPI
3494,2026-01-02,New Josephhaven,North,Speaker,Accessories,5,585,15,2486.25,1669.03,817.22,Card
3495,2025-11-02,West Sheryl,North,Tablet,Office,1,2024,20,1619.2,1099.95,519.25,Net Banking
3496,2023-08-24,Lisaside,East,Speaker,Office,1,2645,10,2380.5,1213.45,1167.05,Card
3497,2025-04-18,Newmanland,North,Headphones,Electronics,2,3530,15,6001.0,3410.18,2590.82,Cash
3498,2026-03-31,Port Michael,North,Mouse,Office,2,4450,20,7120.0,4693.35,2426.65,Cash
3499,2025-11-23,Larryfort,East,Speaker,Electronics,1,2490,5,2365.5,1223.33,1142.17,Net Banking
3500,2024-03-07,East Luis,South,Printer,Electronics,3,3100,0,9300.0,7046.67,2253.33,Card
3501,2026-05-18,Jacksonfurt,East,Monitor,Accessories,1,2117,10,1905.3,1028.39,876.91,Net Banking
3502,2024-01-28,Bishopville,North,Monitor,Accessories,4,1613,20,5161.6,3524.81,1636.79,UPI
3503,2024-02-10,West Gabrielmouth,South,Mouse,Electronics,3,2219,5,6324.15,4860.68,1463.47,Net Banking
3504,2025-09-13,New Katelynfort,North,Laptop,Office,5,3151,5,14967.25,11593.71,3373.54,Card
3505,2024-06-18,North Madelinebury,North,Monitor,Electronics,5,4063,15,17267.75,9248.79,8018.96,Net Banking
3506,2025-11-13,Lake Michael,West,Speaker,Electronics,2,4888,0,9776.0,7670.42,2105.58,Net Banking
3507,2026-07-28,Joneston,South,Printer,Electronics,3,626,15,1596.3,900.46,695.84,Net Banking
3508,2023-10-16,South Tamara,West,Keyboard,Office,2,783,0,1566.0,1126.5,439.5,Card
3509,2024-03-13,Taylorburgh,West,Speaker,Electronics,2,902,20,1443.2,959.7,483.5,Cash
3510,2025-08-18,Roblesview,West,Phone,Electronics,4,1884,15,6405.6,4039.02,2366.58,Cash
3511,2026-04-07,Robertburgh,West,Laptop,Accessories,2,4727,20,7563.2,5330.04,2233.16,Cash
3512,2024-09-22,North Krista,North,Monitor,Electronics,3,4973,20,11935.2,8977.02,2958.18,UPI
3513,2025-12-08,North Daniel,South,Laptop,Electronics,3,2345,10,6331.5,3262.85,3068.65,Net Banking
3514,2025-12-27,North Keithshire,North,Keyboard,Office,5,2099,20,8396.0,5443.21,2952.79,Cash
3515,2026-04-03,Lake Frankburgh,West,Camera,Accessories,3,552,5,1573.2,1067.15,506.05,UPI
3516,2025-11-09,Boltonshire,South,Mouse,Accessories,2,489,10,880.2,442.35,437.85,Net Banking
3517,2026-04-13,South James,South,Keyboard,Accessories,3,2537,0,7611.0,5030.42,2580.58,UPI
3518,2025-11-14,West Scott,South,Camera,Electronics,1,718,5,682.1,510.91,171.19,UPI
3519,2024-10-19,Susanburgh,East,Tablet,Electronics,1,2668,0,2668.0,1529.04,1138.96,UPI
3520,2024-11-08,East Sara,North,Keyboard,Office,5,2643,5,12554.25,6837.91,5716.34,Card
3521,2025-12-29,Gregoryview,South,Phone,Office,3,2033,5,5794.05,2951.82,2842.23,Net Banking
3522,2024-03-20,Ericksonside,North,Keyboard,Office,5,1095,15,4653.75,2637.18,2016.57,UPI
3523,2024-09-07,South Paulstad,West,Printer,Office,4,2111,15,7177.4,4881.13,2296.27,Cash
3524,2024-06-12,New Shellyport,North,Laptop,Accessories,4,3609,15,12270.6,6813.33,5457.27,Card
3525,2025-08-01,West Josephside,West,Laptop,Accessories,1,2205,0,2205.0,1618.83,586.17,UPI
3526,2024-01-30,Richardsonfort,North,Printer,Office,4,2077,10,7477.2,4996.18,2481.02,Cash
3527,2025-06-26,Lake Victoria,East,Phone,Electronics,1,1577,5,1498.15,955.27,542.88,UPI
3528,2024-06-04,Port Joelland,East,Tablet,Office,5,2269,10,10210.5,6213.52,3996.98,Net Banking
3529,2025-01-08,Kelleychester,North,Speaker,Electronics,2,3339,10,6010.2,3615.31,2394.89,Net Banking
3530,2024-04-09,Markbury,West,Phone,Office,4,4183,0,16732.0,9552.27,7179.73,Net Banking
3531,2025-11-10,Sheltonside,West,Phone,Electronics,2,3586,5,6813.4,4601.75,2211.65,Net Banking
3532,2025-04-27,West Jeremyton,North,Monitor,Accessories,4,3709,20,11868.8,6713.32,5155.48,Net Banking
3533,2023-09-22,Normanhaven,West,Mouse,Electronics,2,3858,0,7716.0,4310.77,3405.23,Card
3534,2024-07-02,Danaview,North,Mouse,Accessories,2,1881,10,3385.8,2370.62,1015.18,Net Banking
3535,2026-06-26,Colleenville,South,Laptop,Accessories,4,1541,15,5239.4,3286.56,1952.84,UPI
3536,2025-11-05,Clarkborough,East,Headphones,Office,1,3844,15,3267.4,2397.42,869.98,UPI
3537,2026-02-03,Daniellestad,North,Speaker,Accessories,3,1620,10,4374.0,2858.0,1516.0,Net Banking
3538,2025-06-12,Port Jamesberg,East,Tablet,Accessories,2,3505,10,6309.0,4061.48,2247.52,Net Banking
3539,2025-07-29,Port James,West,Laptop,Electronics,5,4731,15,20106.75,13631.3,6475.45,Net Banking
3540,2026-05-24,Sharpport,East,Printer,Electronics,5,4677,5,22215.75,11127.8,11087.95,Net Banking
3541,2025-12-26,Craigview,North,Monitor,Office,5,1966,15,8355.5,6004.94,2350.56,Card
3542,2025-07-04,Port Courtneychester,South,Camera,Electronics,2,4964,0,9928.0,6933.68,2994.32,Net Banking
3543,2026-01-16,Kimberlyfurt,East,Laptop,Accessories,3,1927,10,5202.9,2701.99,2500.91,Card
3544,2024-02-23,East Stacy,South,Headphones,Office,5,871,0,4355.0,2887.21,1467.79,Card
3545,2023-12-02,Lake Heidi,North,Phone,Office,3,4030,0,12090.0,7925.94,4164.06,UPI
3546,2026-02-06,South Daniel,West,Monitor,Office,4,4879,15,16588.6,11539.05,5049.55,Net Banking
3547,2025-03-31,Garciahaven,West,Mouse,Office,5,4365,10,19642.5,14727.73,4914.77,Net Banking
3548,2026-04-04,Santanamouth,South,Phone,Accessories,5,565,10,2542.5,1394.23,1148.27,UPI
3549,2024-11-14,Port William,East,Tablet,Accessories,1,2386,20,1908.8,1443.24,465.56,UPI
3550,2025-06-14,Yoderburgh,North,Tablet,Electronics,5,4478,0,22390.0,17877.75,4512.25,Net Banking
3551,2025-10-20,West Jonathan,North,Tablet,Electronics,2,2667,15,4533.9,3438.83,1095.07,UPI
3552,2026-05-07,Port Jaclynland,East,Monitor,Accessories,2,4985,15,8474.5,6731.47,1743.03,Card
3553,2025-08-02,Melvinview,West,Keyboard,Accessories,4,946,15,3216.4,2183.95,1032.45,UPI
3554,2025-06-29,East Kimberly,North,Tablet,Office,1,4801,5,4560.95,2999.59,1561.36,Card
3555,2026-02-23,Port Kristinton,North,Camera,Electronics,1,1032,5,980.4,679.32,301.08,Net Banking
3556,2024-03-13,Lake Debbie,South,Phone,Accessories,4,2951,5,11213.8,8282.55,2931.25,Card
3557,2026-05-10,Jonathanstad,South,Phone,Accessories,2,3553,0,7106.0,5263.41,1842.59,Cash
3558,2024-06-07,West Tiffanyport,North,Mouse,Office,3,4838,0,14514.0,10541.43,3972.57,UPI
3559,2024-07-20,Valenzuelaborough,East,Monitor,Office,2,4001,5,7601.9,5172.43,2429.47,Cash
3560,2024-07-31,Lake Timothychester,South,Speaker,Office,5,1942,10,8739.0,6191.17,2547.83,UPI
3561,2023-12-27,North Kelli,South,Speaker,Office,2,4047,10,7284.6,5825.91,1458.69,Card
3562,2025-01-25,Brewermouth,East,Phone,Office,2,2739,10,4930.2,2621.65,2308.55,Card
3563,2026-05-05,New Jessicafort,East,Camera,Accessories,3,4668,0,14004.0,9646.03,4357.97,Card
3564,2025-06-11,Lake Maryfurt,North,Phone,Office,1,1592,5,1512.4,940.33,572.07,Net Banking
3565,2023-12-19,East Justin,East,Phone,Electronics,2,4781,20,7649.6,4424.04,3225.56,Cash
3566,2023-10-20,Jamesmouth,South,Laptop,Office,3,2014,0,6042.0,3590.07,2451.93,Card
3567,2023-10-24,West Cynthiaton,East,Speaker,Electronics,1,3952,20,3161.6,1960.14,1201.46,Net Banking
3568,2023-09-11,Port Angela,South,Mouse,Office,3,3068,20,7363.2,4870.86,2492.34,UPI
3569,2023-11-27,Port Loriville,South,Monitor,Office,5,1540,0,7700.0,4914.68,2785.32,UPI
3570,2023-09-30,East Billy,South,Keyboard,Office,4,3380,20,10816.0,5616.87,5199.13,Net Banking
3571,2024-10-15,Smithfurt,South,Phone,Accessories,2,3612,15,6140.4,3123.22,3017.18,Card
3572,2025-10-29,South Mary,South,Headphones,Office,3,191,5,544.35,322.09,222.26,Cash
3573,2025-02-19,Ayalaborough,North,Tablet,Office,1,4402,5,4181.9,3108.1,1073.8,Card
3574,2025-07-23,Justinchester,North,Phone,Office,2,2022,15,3437.4,2041.13,1396.27,UPI
3575,2025-03-13,Taylorland,East,Headphones,Office,3,2477,10,6687.9,3681.41,3006.49,UPI
3576,2024-12-07,North Wayneside,East,Laptop,Office,2,2389,5,4539.1,3370.52,1168.58,Cash
3577,2023-10-28,West Jose,North,Phone,Office,4,3469,10,12488.4,8872.58,3615.82,Net Banking
3578,2025-11-05,Port Tommy,North,Speaker,Office,1,2855,15,2426.75,1933.9,492.85,Cash
3579,2023-08-03,East Lauren,North,Keyboard,Accessories,1,2630,15,2235.5,1353.52,881.98,UPI
3580,2025-12-23,Wolfeville,East,Phone,Office,3,2648,5,7546.8,4452.8,3094.0,UPI
3581,2023-11-22,Browntown,North,Laptop,Office,5,1567,15,6659.75,5048.25,1611.5,Card
3582,2023-12-26,Jamesberg,South,Speaker,Office,3,3240,10,8748.0,5991.95,2756.05,Card
3583,2026-06-22,Castillohaven,West,Tablet,Office,1,1529,5,1452.55,935.57,516.98,Net Banking
3584,2025-08-07,Alexanderstad,South,Keyboard,Office,5,1519,5,7215.25,4841.1,2374.15,Net Banking
3585,2026-01-25,Port Lauren,North,Printer,Electronics,1,4758,10,4282.2,2260.4,2021.8,UPI
3586,2026-02-23,Wolfton,South,Mouse,Electronics,5,1988,10,8946.0,4813.35,4132.65,Net Banking
3587,2024-08-09,Loveville,East,Tablet,Electronics,4,1555,20,4976.0,3599.66,1376.34,Card
3588,2024-05-20,Annettemouth,South,Mouse,Electronics,3,4338,20,10411.2,7093.7,3317.5,Net Banking
3589,2024-09-26,Greerside,East,Laptop,Office,3,939,20,2253.6,1384.55,869.05,Net Banking
3590,2025-11-09,Melissaland,South,Tablet,Office,3,2459,5,7008.15,4101.76,2906.39,Card
3591,2026-03-05,New Rebecca,East,Keyboard,Accessories,5,2801,10,12604.5,6380.99,6223.51,UPI
3592,2026-07-07,Port Gregoryside,East,Speaker,Accessories,5,2945,5,13988.75,11082.23,2906.52,Net Banking
3593,2023-11-02,East Derrickshire,West,Mouse,Accessories,1,2137,20,1709.6,1073.76,635.84,Card
3594,2025-09-27,Kimberlyport,North,Mouse,Accessories,3,887,15,2261.85,1405.64,856.21,UPI
3595,2025-06-21,New Christianborough,East,Mouse,Electronics,5,4384,5,20824.0,10440.3,10383.7,Net Banking
3596,2026-04-21,South Lynnmouth,West,Tablet,Office,2,2350,10,4230.0,3053.52,1176.48,Net Banking
3597,2025-02-21,Khanstad,East,Camera,Electronics,4,3786,20,12115.2,8016.24,4098.96,Net Banking
3598,2024-07-25,Williamsland,West,Speaker,Electronics,1,3848,0,3848.0,2930.85,917.15,UPI
3599,2026-03-06,Port David,South,Printer,Accessories,3,3707,0,11121.0,5830.05,5290.95,Net Banking
3600,2024-01-09,West Victorbury,East,Tablet,Accessories,1,2858,15,2429.3,1564.79,864.51,Cash
3601,2024-02-28,Matthewchester,West,Laptop,Office,1,2874,0,2874.0,1905.02,968.98,UPI
3602,2025-03-22,South Ricardo,South,Keyboard,Accessories,4,4125,10,14850.0,8586.68,6263.32,Card
3603,2023-09-04,Lyonsmouth,North,Mouse,Accessories,3,3663,20,8791.2,5759.44,3031.76,UPI
3604,2025-07-07,Williamhaven,South,Camera,Accessories,3,3450,15,8797.5,6660.25,2137.25,Cash
3605,2025-01-24,East Amy,West,Phone,Accessories,1,1211,10,1089.9,839.63,250.27,Card
3606,2025-04-19,Lake Donald,North,Headphones,Accessories,3,3751,0,11253.0,6641.51,4611.49,UPI
3607,2024-08-14,Waltonmouth,West,Tablet,Office,2,4514,10,8125.2,6186.43,1938.77,Card
3608,2026-01-16,East Johnhaven,North,Tablet,Electronics,4,2564,20,8204.8,6545.91,1658.89,Cash
3609,2025-09-05,Lake Kennethstad,North,Tablet,Electronics,5,2102,15,8933.5,6770.12,2163.38,Cash
3610,2025-03-11,Lake Todd,North,Laptop,Electronics,5,2973,5,14121.75,7141.14,6980.61,Card
3611,2025-10-21,Port Robert,East,Phone,Office,4,4599,20,14716.8,9024.51,5692.29,Card
3612,2025-09-18,Tonyahaven,South,Camera,Accessories,1,2508,20,2006.4,1520.64,485.76,Cash
3613,2026-05-11,Jasonland,South,Tablet,Accessories,5,3180,15,13515.0,6955.25,6559.75,Net Banking
3614,2024-12-22,Port Luisport,South,Mouse,Accessories,2,522,5,991.8,718.27,273.53,Cash
3615,2023-08-11,New Debraview,West,Keyboard,Electronics,2,4975,10,8955.0,5560.07,3394.93,UPI
3616,2025-10-13,Alejandrostad,East,Camera,Office,5,689,5,3272.75,1828.99,1443.76,Net Banking
3617,2024-02-23,Mooremouth,South,Phone,Accessories,1,4005,0,4005.0,2541.36,1463.64,Cash
3618,2026-03-26,East Wayneland,West,Headphones,Office,3,3027,15,7718.85,4928.22,2790.63,Net Banking
3619,2023-10-06,Port Amandamouth,West,Printer,Accessories,2,3279,5,6230.1,4877.92,1352.18,UPI
3620,2024-12-08,Wilsonburgh,West,Mouse,Accessories,5,4640,20,18560.0,11999.33,6560.67,Cash
3621,2024-06-02,Amandaport,East,Printer,Office,5,2333,10,10498.5,7296.66,3201.84,Cash
3622,2026-06-20,Chadview,West,Camera,Accessories,2,4912,10,8841.6,6671.27,2170.33,UPI
3623,2024-06-30,East John,West,Mouse,Electronics,2,4001,15,6801.7,4351.18,2450.52,Cash
3624,2025-04-20,West Lisaburgh,East,Phone,Accessories,2,284,15,482.8,302.41,180.39,Net Banking
3625,2024-10-29,Lake Jenniferland,East,Camera,Electronics,3,1736,10,4687.2,2467.72,2219.48,Card
3626,2024-06-21,Melissaland,North,Speaker,Accessories,1,4919,0,4919.0,3623.48,1295.52,UPI
3627,2025-09-27,Cooperfort,South,Keyboard,Office,4,3152,15,10716.8,6506.39,4210.41,Cash
3628,2026-07-31,Lake Andrewhaven,East,Tablet,Accessories,3,2913,5,8302.05,5459.43,2842.62,Card
3629,2025-01-23,South Michaelville,South,Tablet,Accessories,3,1576,5,4491.6,3411.26,1080.34,UPI
3630,2025-06-25,Jeremychester,North,Phone,Electronics,1,401,10,360.9,230.95,129.95,Card
3631,2025-05-03,North Michele,North,Phone,Office,3,4891,10,13205.7,9869.17,3336.53,Net Banking
3632,2026-03-29,New Laurie,East,Printer,Electronics,3,758,0,2274.0,1510.59,763.41,Net Banking
3633,2026-04-12,Brucefurt,East,Camera,Accessories,3,3391,15,8647.05,4521.98,4125.07,Net Banking
3634,2025-06-17,Hamptonbury,North,Mouse,Office,1,4283,15,3640.55,2378.5,1262.05,Net Banking
3635,2025-12-23,Phelpshaven,West,Printer,Electronics,5,3471,15,14751.75,10346.35,4405.4,UPI
3636,2024-06-08,Marilynton,East,Laptop,Office,3,1190,10,3213.0,1996.03,1216.97,UPI
3637,2023-08-28,Zacharyville,North,Headphones,Office,3,1444,5,4115.4,2911.63,1203.77,Card
3638,2026-06-12,Port Steven,East,Mouse,Accessories,4,3563,10,12826.8,9704.88,3121.92,Card
3639,2023-11-05,Port Tammy,South,Phone,Accessories,5,4482,15,19048.5,10522.78,8525.72,UPI
3640,2024-07-15,South Nicoleview,West,Tablet,Electronics,3,650,5,1852.5,1412.9,439.6,Cash
3641,2026-02-01,Smallburgh,South,Printer,Office,4,2619,15,8904.6,6770.03,2134.57,UPI
3642,2025-08-28,East Mark,East,Camera,Accessories,3,3817,20,9160.8,5513.66,3647.14,Cash
3643,2025-09-01,East Rickey,East,Mouse,Electronics,2,121,5,229.9,137.52,92.38,UPI
3644,2025-01-23,Port David,South,Monitor,Electronics,2,1950,20,3120.0,2010.08,1109.92,Net Banking
3645,2024-06-04,Deckermouth,North,Keyboard,Electronics,4,2640,15,8976.0,5778.03,3197.97,Card
3646,2024-06-05,Marcusview,North,Headphones,Accessories,3,725,20,1740.0,1221.99,518.01,Cash
3647,2023-08-04,Donnastad,North,Monitor,Electronics,2,2291,15,3894.7,2849.88,1044.82,Cash
3648,2024-08-06,Lisaland,East,Monitor,Office,2,1074,15,1825.8,1214.36,611.44,UPI
3649,2025-01-28,Larryview,North,Headphones,Office,5,4380,10,19710.0,14028.88,5681.12,Net Banking
3650,2024-04-24,Port Justinfurt,North,Tablet,Accessories,3,3057,20,7336.8,5516.18,1820.62,Cash
3651,2026-05-24,Henryland,North,Speaker,Electronics,5,1556,5,7391.0,4888.49,2502.51,Cash
3652,2024-04-25,Jeanneburgh,North,Laptop,Electronics,5,4785,0,23925.0,15893.84,8031.16,UPI
3653,2024-09-17,Port Colleen,South,Mouse,Electronics,3,3255,5,9276.75,5359.5,3917.25,UPI
3654,2023-10-06,East Robin,South,Laptop,Office,5,3130,20,12520.0,8000.19,4519.81,UPI
3655,2023-08-01,Port John,West,Keyboard,Accessories,2,618,20,988.8,587.66,401.14,UPI
3656,2023-12-19,East Brianaborough,South,Phone,Accessories,1,2522,15,2143.7,1128.52,1015.18,Cash
3657,2025-10-31,East Christine,East,Keyboard,Electronics,3,1703,0,5109.0,4014.04,1094.96,Card
3658,2024-06-20,Port Ryantown,West,Printer,Electronics,1,2617,10,2355.3,1184.9,1170.4,UPI
3659,2024-03-31,New Jennifer,East,Monitor,Accessories,1,3436,10,3092.4,2115.74,976.66,Net Banking
3660,2025-07-24,Robertborough,East,Monitor,Accessories,4,3640,5,13832.0,10025.35,3806.65,UPI
3661,2026-07-28,Ashleymouth,South,Tablet,Office,5,1605,20,6420.0,4348.29,2071.71,Cash
3662,2023-08-24,New Ryan,North,Speaker,Office,3,1350,0,4050.0,2531.63,1518.37,UPI
3663,2025-01-18,Bellbury,West,Tablet,Office,1,3535,0,3535.0,2740.74,794.26,UPI
3664,2026-01-29,New Tammyside,South,Mouse,Electronics,1,582,20,465.6,321.7,143.9,UPI
3665,2024-06-21,Richfurt,South,Headphones,Office,4,4487,5,17050.6,10660.39,6390.21,UPI
3666,2024-08-05,East William,West,Speaker,Office,4,3015,15,10251.0,5649.84,4601.16,Net Banking
3667,2026-05-22,Lake Danaton,East,Camera,Office,2,349,20,558.4,311.62,246.78,UPI
3668,2025-07-11,Lopezburgh,South,Monitor,Accessories,1,191,10,171.9,115.28,56.62,Card
3669,2026-07-08,Amandafurt,South,Headphones,Electronics,2,4615,15,7845.5,4038.45,3807.05,UPI
3670,2026-04-20,New Brandiland,West,Headphones,Accessories,1,3895,10,3505.5,2340.47,1165.03,Card
3671,2024-09-16,New Dylanshire,East,Phone,Accessories,5,3893,0,19465.0,10577.76,8887.24,Cash
3672,2025-08-14,Leefurt,North,Headphones,Office,2,466,10,838.8,589.73,249.07,Net Banking
3673,2025-11-14,Port Jessica,North,Headphones,Electronics,1,3213,0,3213.0,1884.14,1328.86,Cash
3674,2025-09-07,Lake Karen,West,Mouse,Accessories,1,3528,10,3175.2,2394.61,780.59,Net Banking
3675,2026-01-24,Reidton,North,Mouse,Electronics,5,2894,0,14470.0,10351.91,4118.09,Cash
3676,2025-06-21,North Michele,North,Tablet,Accessories,4,3312,10,11923.2,6692.15,5231.05,Cash
3677,2024-02-05,East Peggyhaven,West,Printer,Office,4,1202,5,4567.6,2989.25,1578.35,Net Banking
3678,2024-07-21,West Teresa,South,Phone,Electronics,4,2947,15,10019.8,7105.81,2913.99,Net Banking
3679,2023-10-08,New Jamesfort,South,Speaker,Electronics,1,3513,5,3337.35,2554.79,782.56,UPI
3680,2023-10-30,West Craig,East,Camera,Office,1,1685,20,1348.0,828.56,519.44,Cash
3681,2026-01-09,West Jeffrey,South,Printer,Electronics,4,752,20,2406.4,1647.47,758.93,Card
3682,2025-07-22,Lake Christopher,East,Keyboard,Office,3,1093,10,2951.1,2234.13,716.97,Card
3683,2024-01-02,South Josephview,North,Mouse,Accessories,5,2474,10,11133.0,5811.71,5321.29,UPI
3684,2024-11-06,Lake Anthonyville,South,Speaker,Accessories,3,2011,10,5429.7,3432.38,1997.32,UPI
3685,2024-09-09,New Thomas,East,Keyboard,Electronics,4,3984,5,15139.2,10474.53,4664.67,Net Banking
3686,2024-04-01,South William,West,Printer,Office,4,164,20,524.8,302.68,222.12,Net Banking
3687,2024-01-22,Rachelmouth,South,Monitor,Office,3,3212,5,9154.2,6205.64,2948.56,Card
3688,2026-04-22,New Daniellefort,North,Phone,Office,2,4405,5,8369.5,5984.79,2384.71,Card
3689,2023-08-04,Jeremyhaven,West,Printer,Office,2,2110,10,3798.0,2137.9,1660.1,Cash
3690,2026-04-13,Walterberg,West,Camera,Accessories,4,4484,10,16142.4,11371.55,4770.85,Net Banking
3691,2025-04-03,Lake Ryan,East,Monitor,Office,5,251,20,1004.0,787.87,216.13,Card
3692,2025-10-03,Brownton,West,Monitor,Electronics,4,2302,10,8287.2,5571.98,2715.22,UPI
3693,2024-02-17,East Jon,West,Monitor,Accessories,2,3027,5,5751.3,3015.68,2735.62,Cash
3694,2024-11-06,Villegasview,West,Mouse,Office,5,1399,20,5596.0,3973.19,1622.81,Net Banking
3695,2026-06-03,New Jessicaburgh,East,Printer,Accessories,3,812,0,2436.0,1733.77,702.23,Card
3696,2026-04-06,Mosleymouth,North,Speaker,Office,4,3735,10,13446.0,9791.16,3654.84,Net Banking
3697,2024-05-27,Lake Peterchester,West,Monitor,Accessories,4,2206,10,7941.6,4504.52,3437.08,UPI
3698,2023-09-11,Colemanberg,West,Camera,Office,3,3670,10,9909.0,7590.45,2318.55,Net Banking
3699,2024-10-29,Vasquezside,South,Monitor,Office,2,165,0,330.0,221.01,108.99,Card
3700,2024-03-22,Lopezburgh,North,Phone,Office,1,1003,15,852.55,626.87,225.68,Cash
3701,2023-10-02,Jacquelineton,East,Headphones,Electronics,5,3994,5,18971.5,10467.82,8503.68,Cash
3702,2026-05-12,Port Kenneth,South,Camera,Accessories,5,1861,10,8374.5,6127.52,2246.98,Net Banking
3703,2026-07-04,Hallton,East,Tablet,Office,5,499,20,1996.0,1374.3,621.7,UPI
3704,2026-05-09,Burtonhaven,South,Keyboard,Accessories,1,4246,0,4246.0,2472.78,1773.22,UPI
3705,2024-11-21,East Kenneth,South,Monitor,Office,1,2833,5,2691.35,1699.83,991.52,Net Banking
3706,2023-10-09,East Howard,East,Mouse,Accessories,4,4081,0,16324.0,12709.27,3614.73,Net Banking
3707,2025-03-19,South Adamhaven,West,Laptop,Office,1,2926,5,2779.7,1878.33,901.37,Net Banking
3708,2026-01-04,West Kevinshire,South,Camera,Electronics,4,2289,15,7782.6,5369.2,2413.4,UPI
3709,2024-08-17,Sancheztown,East,Speaker,Office,3,1789,15,4561.95,3547.16,1014.79,UPI
3710,2025-12-13,Nicoleburgh,East,Tablet,Accessories,1,1354,20,1083.2,808.4,274.8,Card
3711,2023-10-20,West Christopherville,North,Monitor,Accessories,5,3085,0,15425.0,8502.47,6922.53,Card
3712,2024-07-11,East Rebecca,West,Monitor,Accessories,5,2114,0,10570.0,7420.91,3149.09,Card
3713,2025-07-21,Michaelland,East,Keyboard,Office,1,1400,15,1190.0,660.11,529.89,Cash
3714,2024-04-04,Cookside,West,Laptop,Accessories,4,4013,20,12841.6,7449.39,5392.21,UPI
3715,2023-11-09,Colleenberg,North,Speaker,Office,4,2913,0,11652.0,8155.13,3496.87,UPI
3716,2024-11-11,Whitebury,South,Speaker,Office,4,4058,10,14608.8,8927.4,5681.4,Cash
3717,2025-05-03,Lake Travisville,South,Monitor,Electronics,3,886,10,2392.2,1629.58,762.62,UPI
3718,2025-06-02,Jonesside,South,Printer,Office,4,2357,20,7542.4,4996.46,2545.94,Cash
3719,2025-10-12,Estradahaven,West,Monitor,Accessories,5,3998,10,17991.0,11370.18,6620.82,Cash
3720,2025-07-28,South Dianetown,East,Mouse,Office,5,400,15,1700.0,859.56,840.44,Cash
3721,2026-02-09,Lake Kathrynmouth,West,Printer,Accessories,2,2606,5,4951.4,3937.34,1014.06,Net Banking
3722,2026-04-26,New Michael,South,Headphones,Office,1,2854,15,2425.9,1795.68,630.22,UPI
3723,2024-01-17,North Rebecca,North,Camera,Accessories,5,2276,20,9104.0,6897.0,2207.0,Card
3724,2026-04-07,Sarahmouth,West,Camera,Electronics,3,1022,10,2759.4,1553.96,1205.44,UPI
3725,2024-12-25,Shannonborough,East,Camera,Accessories,1,999,0,999.0,784.14,214.86,Card
3726,2026-02-15,Bushborough,East,Printer,Accessories,3,2253,5,6421.05,4488.08,1932.97,Card
3727,2023-11-19,Deleonview,East,Tablet,Accessories,2,2986,10,5374.8,3442.5,1932.3,UPI
3728,2024-07-29,Lindahaven,West,Mouse,Electronics,2,2906,10,5230.8,3632.52,1598.28,Net Banking
3729,2025-08-29,North Timothy,East,Headphones,Electronics,5,2793,10,12568.5,8047.33,4521.17,Card
3730,2025-12-02,Rogersview,North,Speaker,Accessories,5,3104,10,13968.0,8448.62,5519.38,Net Banking
3731,2025-07-25,Simpsonton,North,Tablet,Accessories,5,2569,15,10918.25,6645.26,4272.99,UPI
3732,2023-10-23,Morrisside,North,Keyboard,Accessories,2,4449,10,8008.2,5513.01,2495.19,Card
3733,2025-04-30,Lesliemouth,East,Laptop,Accessories,2,1848,10,3326.4,2106.32,1220.08,UPI
3734,2025-09-05,Port Michael,West,Phone,Accessories,3,3380,20,8112.0,6482.52,1629.48,Net Banking
3735,2026-05-20,Sarahtown,North,Printer,Accessories,5,4107,5,19508.25,15455.57,4052.68,Cash
3736,2025-10-31,North Jeremyshire,South,Camera,Accessories,5,2885,0,14425.0,9455.02,4969.98,Cash
3737,2025-01-26,Port Robert,South,Speaker,Accessories,4,403,0,1612.0,1029.17,582.83,UPI
3738,2025-02-15,Lake Kevinhaven,North,Laptop,Electronics,1,737,15,626.45,378.61,247.84,Net Banking
3739,2025-10-18,Brendastad,East,Speaker,Electronics,1,3239,15,2753.15,1849.66,903.49,Net Banking
3740,2026-03-15,South Ritamouth,East,Monitor,Office,5,3642,20,14568.0,8062.36,6505.64,UPI
3741,2023-12-13,South Thomastown,East,Speaker,Electronics,4,1378,0,5512.0,3994.98,1517.02,Net Banking
3742,2026-07-15,Bradleyport,South,Tablet,Accessories,4,3391,5,12885.8,7807.28,5078.52,Card
3743,2026-05-24,Lake Lindseyview,North,Camera,Electronics,3,3016,20,7238.4,4909.83,2328.57,Net Banking
3744,2024-12-08,Howardmouth,East,Phone,Electronics,2,1188,20,1900.8,1257.38,643.42,Card
3745,2024-05-16,Lake Patricia,North,Mouse,Electronics,3,972,5,2770.2,1893.78,876.42,UPI
3746,2024-09-27,Patriciaport,East,Speaker,Electronics,5,3934,10,17703.0,9727.63,7975.37,Net Banking
3747,2024-12-03,Bryanstad,West,Camera,Electronics,4,1943,10,6994.8,4504.2,2490.6,Cash
3748,2025-10-04,Lake Julie,North,Laptop,Accessories,5,283,5,1344.25,955.87,388.38,Card
3749,2025-10-17,Irwinberg,South,Tablet,Electronics,3,3679,10,9933.3,6637.59,3295.71,Card
3750,2026-04-30,West Megan,West,Speaker,Accessories,3,1586,15,4044.3,2310.05,1734.25,UPI
3751,2024-04-08,Lake Christopherchester,North,Phone,Electronics,2,4249,20,6798.4,4195.31,2603.09,Card
3752,2025-02-20,Lake Kariview,South,Monitor,Electronics,2,1461,0,2922.0,1692.29,1229.71,Net Banking
3753,2023-08-24,Ericland,South,Monitor,Office,1,986,20,788.8,510.17,278.63,Cash
3754,2026-01-05,South Victor,East,Tablet,Accessories,4,2708,15,9207.2,7265.66,1941.54,Card
3755,2026-01-16,Bradshawfort,North,Phone,Office,2,3170,10,5706.0,3332.58,2373.42,UPI
3756,2026-04-03,Port Elizabeth,West,Keyboard,Office,5,2906,0,14530.0,8197.08,6332.92,UPI
3757,2024-03-01,Lake Destiny,North,Speaker,Electronics,3,1282,0,3846.0,2160.77,1685.23,Net Banking
3758,2025-03-04,East Jenniferfurt,East,Camera,Electronics,4,4302,10,15487.2,11369.11,4118.09,Cash
3759,2026-06-20,Michellefort,North,Mouse,Office,4,1202,5,4567.6,2322.03,2245.57,Card
3760,2024-06-23,Reginafort,North,Phone,Electronics,2,2090,10,3762.0,2182.29,1579.71,Card
3761,2024-03-18,West Kyle,West,Laptop,Electronics,4,1484,20,4748.8,2669.38,2079.42,UPI
3762,2024-10-05,Port Ashleyside,West,Camera,Electronics,5,4045,15,17191.25,13341.1,3850.15,UPI
3763,2026-07-26,Alexandertown,South,Camera,Accessories,4,4058,15,13797.2,7347.32,6449.88,Card
3764,2023-12-13,Peterview,West,Phone,Office,5,3157,0,15785.0,10180.61,5604.39,Net Banking
3765,2026-07-20,Cindyland,East,Printer,Office,2,868,15,1475.6,803.0,672.6,Net Banking
3766,2024-10-10,East Rachelmouth,West,Speaker,Electronics,5,504,10,2268.0,1204.07,1063.93,UPI
3767,2026-01-06,Michaelburgh,East,Tablet,Accessories,2,1425,15,2422.5,1825.32,597.18,Net Banking
3768,2026-01-02,Rodgersmouth,North,Tablet,Electronics,4,2545,0,10180.0,6888.26,3291.74,Cash
3769,2023-12-05,Jaimeburgh,East,Speaker,Electronics,2,267,15,453.9,333.79,120.11,Net Banking
3770,2025-03-18,West Angela,North,Speaker,Accessories,1,1979,10,1781.1,960.38,820.72,UPI
3771,2023-08-27,Port Melissamouth,East,Printer,Office,1,4624,0,4624.0,3334.91,1289.09,UPI
3772,2026-03-15,Port Andrewberg,West,Camera,Electronics,2,3353,20,5364.8,2911.26,2453.54,Net Banking
3773,2024-12-11,South Jonathanborough,South,Phone,Office,3,1534,0,4602.0,3627.38,974.62,Card
3774,2026-07-08,Port Kevin,West,Laptop,Electronics,4,1234,10,4442.4,3490.75,951.65,Card
3775,2024-04-05,Torresville,North,Printer,Office,1,3568,20,2854.4,2056.57,797.83,Net Banking
3776,2024-07-24,West Rodney,South,Keyboard,Accessories,3,2363,20,5671.2,2853.4,2817.8,Card
3777,2026-06-28,West Phyllismouth,North,Laptop,Accessories,5,2541,5,12069.75,8505.95,3563.8,Cash
3778,2025-08-07,Huntchester,West,Mouse,Accessories,4,2060,10,7416.0,5601.93,1814.07,Cash
3779,2024-02-09,Thompsonside,East,Phone,Electronics,4,4801,5,18243.8,13344.36,4899.44,Card
3780,2026-03-11,Mcleanstad,North,Headphones,Office,1,2592,0,2592.0,2001.55,590.45,Card
3781,2024-09-03,Lake Stephaniefort,West,Speaker,Office,2,810,20,1296.0,776.47,519.53,UPI
3782,2025-04-17,West Patriciaport,West,Camera,Electronics,2,2876,20,4601.6,2927.26,1674.34,Net Banking
3783,2024-01-12,East Abigailton,West,Laptop,Office,1,1674,0,1674.0,1010.46,663.54,Cash
3784,2024-02-28,Riverachester,West,Laptop,Accessories,1,1161,10,1044.9,807.73,237.17,UPI
3785,2026-04-05,North Michelle,East,Keyboard,Electronics,4,2175,20,6960.0,5169.51,1790.49,Net Banking
3786,2024-11-03,Charlesview,West,Tablet,Accessories,4,4676,10,16833.6,8999.09,7834.51,Net Banking
3787,2025-07-18,Seanburgh,South,Mouse,Accessories,4,596,0,2384.0,1469.34,914.66,Net Banking
3788,2024-03-01,East Dylanfort,North,Keyboard,Electronics,2,755,15,1283.5,934.51,348.99,Card
3789,2024-04-06,New Savannahchester,West,Monitor,Accessories,3,4852,15,12372.6,8964.26,3408.34,Cash
3790,2026-02-14,Robertsfort,East,Printer,Electronics,3,1052,0,3156.0,1864.12,1291.88,Cash
3791,2025-08-06,Adamland,East,Tablet,Electronics,4,1879,0,7516.0,4978.75,2537.25,Cash
3792,2025-10-09,Campbelltown,East,Speaker,Office,3,1428,15,3641.4,1876.92,1764.48,Cash
3793,2025-02-13,North Sarafurt,North,Camera,Office,4,3487,0,13948.0,7414.14,6533.86,Net Banking
3794,2025-12-18,New Julia,East,Tablet,Accessories,4,2612,15,8880.8,5405.01,3475.79,Net Banking
3795,2024-09-15,West Davidstad,South,Headphones,Accessories,2,4292,20,6867.2,5061.64,1805.56,Card
3796,2025-11-14,Sancheztown,North,Keyboard,Office,3,4252,10,11480.4,6664.47,4815.93,UPI
3797,2023-09-12,Danamouth,West,Printer,Accessories,5,4257,10,19156.5,15076.0,4080.5,Net Banking
3798,2024-07-20,Lake Krystalville,South,Tablet,Electronics,1,3654,15,3105.9,2227.15,878.75,Card
3799,2023-09-01,Randallberg,West,Laptop,Office,5,1183,15,5027.75,3693.07,1334.68,Net Banking
3800,2025-08-07,Gibsontown,West,Laptop,Office,4,3837,15,13045.8,8856.05,4189.75,Card
3801,2024-06-22,New Vanessa,South,Camera,Accessories,5,4728,15,20094.0,10916.96,9177.04,Card
3802,2026-04-08,Emilyland,West,Keyboard,Accessories,4,671,0,2684.0,1386.43,1297.57,UPI
3803,2026-06-10,Douglasberg,South,Laptop,Accessories,2,4637,20,7419.2,4643.18,2776.02,Card
3804,2026-06-11,Austinshire,South,Laptop,Electronics,3,1752,5,4993.2,2843.87,2149.33,Card
3805,2024-10-10,Lake Tammy,West,Laptop,Accessories,5,4928,5,23408.0,13475.27,9932.73,UPI
3806,2025-06-09,Steinland,North,Tablet,Office,4,4736,10,17049.6,12144.69,4904.91,Cash
3807,2023-10-29,Dominguezfurt,West,Monitor,Electronics,2,1662,10,2991.6,1888.58,1103.02,Cash
3808,2026-01-03,Mariafurt,West,Laptop,Electronics,1,1218,20,974.4,587.65,386.75,Net Banking
3809,2024-10-23,Port Michael,East,Mouse,Office,3,2179,20,5229.6,4004.48,1225.12,Net Banking
3810,2023-09-11,Leechester,North,Mouse,Electronics,3,2110,0,6330.0,3386.13,2943.87,Cash
3811,2025-10-10,New Kristen,North,Monitor,Electronics,3,2647,5,7543.95,4970.12,2573.83,Net Banking
3812,2024-05-26,Robertchester,North,Camera,Office,4,2579,5,9800.2,5973.7,3826.5,Net Banking
3813,2023-12-02,West Carol,North,Headphones,Electronics,5,4442,15,18878.5,12522.24,6356.26,Card
3814,2025-08-08,East Charles,North,Camera,Electronics,5,1165,5,5533.75,2969.98,2563.77,UPI
3815,2024-11-12,West Sarahfort,West,Keyboard,Office,5,2770,20,11080.0,6873.87,4206.13,Card
3816,2026-01-12,East Thomas,West,Headphones,Office,5,3966,20,15864.0,10428.12,5435.88,Net Banking
3817,2026-07-12,Randyfort,East,Speaker,Accessories,2,724,10,1303.2,964.93,338.27,Net Banking
3818,2024-10-30,Lake Williamside,West,Mouse,Accessories,2,4820,0,9640.0,6190.49,3449.51,UPI
3819,2023-09-03,South Codyburgh,South,Printer,Office,4,168,5,638.4,356.49,281.91,UPI
3820,2026-01-21,North Angelafurt,North,Headphones,Office,4,136,0,544.0,324.91,219.09,Net Banking
3821,2025-10-19,Lake Samantha,North,Headphones,Office,3,2872,0,8616.0,4695.88,3920.12,Card
3822,2025-06-25,West Michael,East,Mouse,Electronics,1,773,15,657.05,399.65,257.4,Net Banking
3823,2024-05-06,Christinehaven,North,Laptop,Accessories,3,4440,15,11322.0,7765.24,3556.76,Net Banking
3824,2025-03-29,Carterview,North,Phone,Accessories,4,1178,15,4005.2,2386.54,1618.66,Card
3825,2025-02-04,North Donaldland,South,Laptop,Electronics,4,4778,15,16245.2,9354.94,6890.26,Net Banking
3826,2024-07-10,Kelseyville,East,Mouse,Office,1,4042,20,3233.6,2498.16,735.44,Card
3827,2025-01-24,East Christinemouth,West,Headphones,Electronics,2,209,20,334.4,264.27,70.13,Card
3828,2025-09-26,Tateshire,North,Mouse,Accessories,4,4481,0,17924.0,11254.0,6670.0,Net Banking
3829,2024-10-26,Port Randallton,West,Phone,Accessories,5,1357,5,6445.75,3483.12,2962.63,Cash
3830,2023-11-15,Smithton,North,Phone,Accessories,5,916,20,3664.0,2529.19,1134.81,UPI
3831,2026-03-06,Frederickhaven,West,Headphones,Electronics,1,4732,15,4022.2,2610.03,1412.17,Card
3832,2024-05-02,Lake Royville,North,Printer,Electronics,3,703,20,1687.2,909.75,777.45,Cash
3833,2024-08-07,North Brandonshire,West,Laptop,Accessories,2,2051,5,3896.9,2772.68,1124.22,Card
3834,2024-07-28,South Suzanne,North,Monitor,Office,4,4896,10,17625.6,11485.83,6139.77,Cash
3835,2024-11-09,Port Elizabeth,South,Speaker,Office,3,1123,0,3369.0,2118.45,1250.55,Net Banking
3836,2025-02-01,New Troy,North,Camera,Accessories,1,2413,20,1930.4,1060.68,869.72,Net Banking
3837,2025-09-07,New Meredithmouth,East,Printer,Accessories,3,1006,10,2716.2,2103.49,612.71,Card
3838,2024-11-08,West Tyler,East,Speaker,Electronics,5,3475,5,16506.25,10161.97,6344.28,Card
3839,2026-03-24,Lake Adamfort,West,Camera,Electronics,1,1556,10,1400.4,974.6,425.8,Net Banking
3840,2024-07-06,East Stefanieport,East,Mouse,Electronics,4,4032,5,15321.6,11714.29,3607.31,Cash
3841,2024-07-24,Angelaton,West,Printer,Accessories,2,2906,10,5230.8,3592.47,1638.33,Card
3842,2024-07-28,Lake Kimberly,East,Tablet,Office,5,3183,10,14323.5,9209.52,5113.98,Cash
3843,2024-06-04,Stephanieburgh,North,Keyboard,Accessories,2,4347,0,8694.0,6524.63,2169.37,UPI
3844,2025-01-08,Montesside,West,Laptop,Office,3,1126,10,3040.2,1949.59,1090.61,UPI
3845,2024-07-24,Susanburgh,North,Tablet,Office,1,4749,10,4274.1,2149.21,2124.89,Cash
3846,2024-06-15,Lake Rebecca,East,Headphones,Accessories,4,1968,15,6691.2,4179.06,2512.14,Net Banking
3847,2026-03-18,Robertburgh,South,Laptop,Electronics,2,1131,10,2035.8,1177.73,858.07,Net Banking
3848,2024-08-22,Christineborough,North,Mouse,Office,5,1991,0,9955.0,6755.76,3199.24,UPI
3849,2026-05-25,Amandashire,North,Phone,Accessories,1,2820,5,2679.0,1714.64,964.36,Card
3850,2025-08-23,Conwayville,East,Camera,Accessories,2,3344,10,6019.2,4655.45,1363.75,Net Banking
3851,2024-11-14,Coopermouth,East,Headphones,Office,5,204,0,1020.0,704.05,315.95,Card
3852,2024-05-07,South Rebeccaberg,East,Camera,Accessories,2,2803,20,4484.8,2952.1,1532.7,Card
3853,2026-01-30,Onealville,East,Speaker,Accessories,2,4812,20,7699.2,5321.78,2377.42,Net Banking
3854,2025-11-20,Port Robinstad,South,Speaker,Electronics,4,4004,0,16016.0,12730.82,3285.18,Card
3855,2024-09-12,Lake Nataliebury,West,Keyboard,Accessories,2,3633,5,6902.7,4987.38,1915.32,Cash
3856,2024-09-02,Hallborough,North,Speaker,Electronics,1,449,5,426.55,231.61,194.94,UPI
3857,2024-05-06,Stephenhaven,East,Mouse,Electronics,4,2562,15,8710.8,5417.89,3292.91,Net Banking
3858,2025-12-22,Olsonchester,East,Monitor,Accessories,5,4104,5,19494.0,14671.39,4822.61,UPI
3859,2025-08-05,Sullivanview,West,Speaker,Electronics,3,1542,5,4394.7,2362.07,2032.63,UPI
3860,2025-04-27,North Francisco,East,Speaker,Electronics,4,3728,10,13420.8,9977.39,3443.41,Card
3861,2025-07-01,Lake Jesus,North,Mouse,Accessories,3,1993,20,4783.2,2965.94,1817.26,Card
3862,2024-03-25,Bruceville,West,Printer,Office,5,1600,10,7200.0,3976.96,3223.04,Card
3863,2024-08-16,South Rodneyshire,North,Keyboard,Electronics,3,3841,5,10946.85,6288.26,4658.59,UPI
3864,2026-02-16,Penningtonview,South,Laptop,Electronics,4,2004,10,7214.4,4343.91,2870.49,Card
3865,2024-07-14,New Andrew,South,Mouse,Accessories,4,2641,0,10564.0,7960.4,2603.6,Cash
3866,2025-07-03,South Emily,West,Headphones,Electronics,1,4769,20,3815.2,2336.02,1479.18,Card
3867,2026-05-22,Beckberg,North,Tablet,Electronics,2,2941,0,5882.0,3513.08,2368.92,Card
3868,2023-08-04,East Donald,North,Camera,Office,2,1181,10,2125.8,1124.02,1001.78,UPI
3869,2026-02-14,Wadeside,West,Laptop,Office,3,3020,10,8154.0,5384.06,2769.94,Cash
3870,2026-03-21,Hessshire,East,Monitor,Accessories,1,2339,5,2222.05,1212.56,1009.49,Cash
3871,2025-07-18,New Stephanie,East,Monitor,Electronics,1,744,20,595.2,408.42,186.78,Card
3872,2024-08-20,Sandersstad,North,Camera,Office,3,2005,20,4812.0,3562.01,1249.99,UPI
3873,2025-06-14,Amandaville,East,Laptop,Accessories,5,846,5,4018.5,3000.57,1017.93,Card
3874,2024-07-14,Turnerfort,West,Phone,Accessories,3,2180,0,6540.0,4479.51,2060.49,Net Banking
3875,2024-09-20,East David,West,Tablet,Electronics,3,3032,15,7731.6,6067.9,1663.7,Card
3876,2024-11-03,Lake Jonathan,North,Tablet,Electronics,5,1176,10,5292.0,3296.25,1995.75,Net Banking
3877,2026-03-09,Robertbury,West,Keyboard,Accessories,2,709,20,1134.4,790.84,343.56,Card
3878,2025-12-07,East Charlestown,North,Monitor,Electronics,1,106,15,90.1,56.83,33.27,Cash
3879,2024-12-08,North Vickiemouth,West,Printer,Accessories,2,548,10,986.4,672.86,313.54,Net Banking
3880,2023-08-21,Lake Juan,East,Keyboard,Office,5,3748,15,15929.0,12156.68,3772.32,Card
3881,2023-12-05,Lake Benjamin,North,Phone,Electronics,4,296,20,947.2,485.54,461.66,UPI
3882,2025-07-04,Brandtport,South,Speaker,Electronics,3,3520,0,10560.0,7971.47,2588.53,Net Banking
3883,2024-12-31,Lake Vernon,South,Laptop,Accessories,5,4396,20,17584.0,11731.7,5852.3,Net Banking
3884,2024-04-06,West Toddview,North,Tablet,Office,1,3261,5,3097.95,2064.66,1033.29,Net Banking
3885,2024-06-05,West Davidtown,East,Tablet,Office,5,2986,0,14930.0,9827.41,5102.59,UPI
3886,2025-04-05,Margaretton,West,Printer,Office,3,388,20,931.2,572.26,358.94,Card
3887,2026-03-31,South Wendyport,North,Camera,Electronics,4,4020,5,15276.0,10039.41,5236.59,Net Banking
3888,2025-08-14,West Rhonda,East,Camera,Electronics,2,114,20,182.4,97.34,85.06,Card
3889,2023-09-01,Daisyville,North,Camera,Office,4,1826,10,6573.6,4115.02,2458.58,Card
3890,2024-06-11,East Courtneyland,West,Speaker,Accessories,1,4470,5,4246.5,2186.59,2059.91,Cash
3891,2024-10-30,Jonesside,South,Tablet,Accessories,1,2191,10,1971.9,1563.88,408.02,UPI
3892,2025-05-29,Robertton,North,Tablet,Accessories,3,3274,15,8348.7,4834.15,3514.55,Net Banking
3893,2023-08-07,South Michelle,East,Camera,Electronics,4,3152,0,12608.0,9588.63,3019.37,UPI
3894,2025-03-07,North Luishaven,East,Speaker,Accessories,4,2593,10,9334.8,5874.69,3460.11,Net Banking
3895,2024-10-22,South Thomaston,North,Printer,Electronics,2,2587,5,4915.3,3823.31,1091.99,Net Banking
3896,2025-05-03,Aguilarside,North,Headphones,Accessories,2,4921,5,9349.9,4720.55,4629.35,Cash
3897,2025-11-14,East Richardberg,West,Camera,Accessories,4,2813,5,10689.4,6115.06,4574.34,Card
3898,2026-01-01,New Markborough,West,Phone,Office,1,1738,0,1738.0,1066.36,671.64,Card
3899,2025-01-15,Gutierrezton,West,Headphones,Electronics,4,982,10,3535.2,2067.92,1467.28,UPI
3900,2024-08-01,Markstad,East,Mouse,Accessories,2,2251,0,4502.0,2438.05,2063.95,Cash
3901,2025-08-28,Hawkinsland,North,Printer,Office,1,573,10,515.7,303.61,212.09,UPI
3902,2024-10-22,Davidstad,West,Tablet,Office,5,4901,20,19604.0,14759.45,4844.55,Net Banking
3903,2026-07-27,Caldwellmouth,East,Tablet,Electronics,2,4363,20,6980.8,4492.1,2488.7,Net Banking
3904,2024-05-30,West Kathryn,East,Keyboard,Office,2,208,5,395.2,292.25,102.95,Card
3905,2025-05-25,Owensport,East,Keyboard,Accessories,1,325,0,325.0,219.08,105.92,Card
3906,2025-03-11,Port Rebeccaberg,North,Camera,Office,5,2616,20,10464.0,8172.92,2291.08,Cash
3907,2023-11-10,West Joseph,West,Monitor,Accessories,1,3685,20,2948.0,1974.92,973.08,Net Banking
3908,2024-01-06,Lake Dylan,South,Monitor,Electronics,4,1350,20,4320.0,2962.48,1357.52,Net Banking
3909,2025-02-21,West Katrinaton,East,Tablet,Electronics,2,1290,10,2322.0,1269.11,1052.89,UPI
3910,2024-06-03,North Ricky,South,Mouse,Electronics,2,1143,5,2171.7,1110.19,1061.51,Cash
3911,2024-06-18,Lake Shawna,North,Headphones,Accessories,4,3934,15,13375.6,10111.08,3264.52,UPI
3912,2026-03-23,Colleenton,East,Phone,Office,3,4348,20,10435.2,7523.5,2911.7,Card
3913,2025-01-25,West David,West,Tablet,Electronics,5,198,10,891.0,464.06,426.94,UPI
3914,2024-10-09,Patriciaport,East,Mouse,Accessories,2,1881,20,3009.6,1619.55,1390.05,UPI
3915,2024-04-06,South Eddie,West,Phone,Accessories,5,4661,15,19809.25,14656.81,5152.44,Card
3916,2024-01-02,West Kristinville,East,Mouse,Accessories,4,3302,20,10566.4,6306.95,4259.45,Card
3917,2025-11-20,South Michelleberg,East,Printer,Electronics,1,1285,5,1220.75,903.08,317.67,Cash
3918,2026-03-28,Cassandrahaven,North,Keyboard,Accessories,5,4558,15,19371.5,10798.02,8573.48,Card
3919,2026-01-13,Katherineside,South,Phone,Electronics,4,729,10,2624.4,1601.14,1023.26,UPI
3920,2024-06-22,New David,North,Mouse,Electronics,2,3215,15,5465.5,3767.86,1697.64,Card
3921,2025-05-12,Geraldside,North,Mouse,Accessories,5,3448,0,17240.0,10602.09,6637.91,UPI
3922,2023-10-06,Brownstad,South,Monitor,Accessories,5,4751,0,23755.0,17798.33,5956.67,Card
3923,2024-05-16,West James,South,Mouse,Electronics,3,4082,15,10409.1,6953.9,3455.2,UPI
3924,2026-05-05,North Tyler,South,Phone,Office,2,2244,0,4488.0,2622.21,1865.79,UPI
3925,2025-11-01,Figueroaberg,East,Phone,Office,1,4706,0,4706.0,2793.55,1912.45,Card
3926,2025-03-17,Adamsshire,North,Mouse,Accessories,2,2679,0,5358.0,3394.19,1963.81,Net Banking
3927,2025-09-16,Rogertown,East,Laptop,Accessories,1,4215,10,3793.5,2367.98,1425.52,Net Banking
3928,2023-08-03,North Kristenchester,South,Phone,Electronics,1,2524,20,2019.2,1287.51,731.69,Card
3929,2025-06-17,South Mark,West,Mouse,Accessories,1,2251,10,2025.9,1476.63,549.27,Net Banking
3930,2024-12-31,Payneport,West,Speaker,Accessories,2,1349,15,2293.3,1372.39,920.91,UPI
3931,2025-05-02,South Tammyton,West,Mouse,Accessories,4,2293,0,9172.0,5198.19,3973.81,Net Banking
3932,2023-10-01,Kristatown,South,Tablet,Office,1,1981,5,1881.95,1284.5,597.45,Cash
3933,2024-04-14,New Johnathan,North,Laptop,Accessories,1,1622,15,1378.7,1087.85,290.85,UPI
3934,2025-05-07,Riversburgh,West,Monitor,Electronics,2,1474,15,2505.8,1823.53,682.27,UPI
3935,2025-05-09,Andrewborough,West,Keyboard,Electronics,5,472,10,2124.0,1373.53,750.47,UPI
3936,2023-08-22,Deannatown,East,Mouse,Accessories,1,319,20,255.2,173.73,81.47,UPI
3937,2025-09-28,West Sarahside,West,Mouse,Electronics,2,2738,5,5202.2,3219.38,1982.82,UPI
3938,2025-12-23,North Nancy,West,Camera,Office,3,3711,10,10019.7,7867.22,2152.48,Cash
3939,2025-09-19,Dalehaven,East,Printer,Accessories,5,3201,20,12804.0,9537.6,3266.4,UPI
3940,2024-06-20,Meyersborough,North,Laptop,Electronics,4,199,5,756.2,470.04,286.16,Net Banking
3941,2025-02-28,Wilcoxburgh,South,Camera,Accessories,4,132,0,528.0,334.41,193.59,Cash
3942,2026-05-07,Maryville,North,Camera,Office,5,1716,5,8151.0,6070.55,2080.45,UPI
3943,2025-07-06,Williamtown,West,Laptop,Electronics,1,705,15,599.25,318.79,280.46,Cash
3944,2024-11-24,Brittanytown,East,Mouse,Accessories,5,293,5,1391.75,1080.8,310.95,UPI
3945,2024-04-17,Espinozamouth,East,Keyboard,Electronics,3,2837,20,6808.8,4268.18,2540.62,Card
3946,2024-05-20,Allenfort,East,Monitor,Electronics,5,2582,20,10328.0,7427.11,2900.89,Card
3947,2025-05-02,Jerometon,North,Keyboard,Office,5,992,15,4216.0,3089.68,1126.32,Card
3948,2023-12-22,Gordonshire,North,Mouse,Office,3,2097,0,6291.0,4799.59,1491.41,Card
3949,2023-08-08,South John,West,Phone,Office,4,3411,10,12279.6,6929.78,5349.82,Net Banking
3950,2025-01-15,Halefurt,South,Speaker,Accessories,4,2028,0,8112.0,6476.09,1635.91,Net Banking
3951,2023-09-08,South Georgefurt,South,Keyboard,Office,2,2336,20,3737.6,2424.18,1313.42,Cash
3952,2023-09-03,Whitefort,South,Speaker,Electronics,5,3181,10,14314.5,11321.69,2992.81,Net Banking
3953,2023-09-28,Swansontown,East,Phone,Electronics,4,4633,15,15752.2,11012.91,4739.29,Cash
3954,2026-02-26,New Deniseside,West,Speaker,Accessories,5,1744,0,8720.0,6700.13,2019.87,Net Banking
3955,2023-12-01,South Ericfurt,North,Camera,Electronics,1,3626,0,3626.0,2210.36,1415.64,Cash
3956,2026-07-29,Jamesmouth,North,Tablet,Electronics,4,1126,0,4504.0,3442.19,1061.81,Cash
3957,2024-06-20,Petersonborough,South,Monitor,Accessories,1,3321,20,2656.8,1772.58,884.22,Net Banking
3958,2025-09-12,Lake Mercedes,West,Laptop,Electronics,3,3382,5,9638.7,7189.34,2449.36,Cash
3959,2024-03-29,Lake Sarah,South,Speaker,Office,3,3054,15,7787.7,3905.3,3882.4,Card
3960,2025-02-23,Markmouth,North,Printer,Accessories,3,1183,15,3016.65,2137.85,878.8,Net Banking
3961,2026-04-19,New Kelli,North,Monitor,Electronics,5,1336,10,6012.0,3587.04,2424.96,Card
3962,2025-11-14,North Crystalburgh,North,Phone,Office,4,539,0,2156.0,1108.99,1047.01,UPI
3963,2026-03-30,Paulfort,North,Speaker,Accessories,1,2776,15,2359.6,1232.04,1127.56,Card
3964,2025-12-27,Bradleyville,North,Headphones,Electronics,5,2212,10,9954.0,7867.47,2086.53,Card
3965,2024-07-08,Port Joshuashire,South,Printer,Accessories,1,484,20,387.2,253.07,134.13,Net Banking
3966,2023-12-01,Dennisbury,West,Headphones,Electronics,5,519,20,2076.0,1569.06,506.94,Card
3967,2025-05-09,South Craigfurt,North,Camera,Office,1,602,10,541.8,379.04,162.76,Net Banking
3968,2025-03-05,Collinshire,West,Phone,Office,2,3480,10,6264.0,4953.75,1310.25,Card
3969,2024-11-15,South Jennifer,South,Laptop,Accessories,2,688,20,1100.8,731.02,369.78,Card
3970,2024-10-23,Williamsburgh,North,Camera,Accessories,1,4411,15,3749.35,2799.21,950.14,UPI
3971,2025-09-16,New Vincenthaven,East,Phone,Office,2,338,5,642.2,357.63,284.57,Net Banking
3972,2023-11-13,West Marcusport,East,Speaker,Office,5,2055,15,8733.75,5694.6,3039.15,UPI
3973,2026-03-25,Darylmouth,South,Headphones,Electronics,4,3888,15,13219.2,7695.88,5523.32,UPI
3974,2025-08-22,Hickmanstad,South,Printer,Electronics,5,1968,5,9348.0,7415.33,1932.67,Net Banking
3975,2025-11-28,Caldwellbury,South,Camera,Office,4,933,5,3545.4,2177.44,1367.96,Cash
3976,2025-01-11,Gambleshire,South,Headphones,Accessories,5,4750,10,21375.0,16110.29,5264.71,Card
3977,2025-11-12,East Amanda,East,Keyboard,Office,5,3495,10,15727.5,9081.71,6645.79,Net Banking
3978,2024-04-22,Lake Ruth,North,Phone,Accessories,5,3663,20,14652.0,7822.55,6829.45,Card
3979,2024-06-20,Tammyshire,North,Monitor,Office,2,479,15,814.3,470.06,344.24,Net Banking
3980,2026-04-27,South Kim,East,Speaker,Office,4,797,10,2869.2,1707.69,1161.51,UPI
3981,2026-06-30,Carterview,North,Headphones,Accessories,4,1467,15,4987.8,3287.93,1699.87,UPI
3982,2024-01-14,South Zachary,South,Camera,Electronics,2,229,10,412.2,324.14,88.06,UPI
3983,2025-05-31,Lake George,North,Keyboard,Electronics,4,1562,15,5310.8,3285.16,2025.64,Card
3984,2026-07-17,Haydenland,North,Headphones,Office,3,4267,10,11520.9,6010.89,5510.01,Cash
3985,2026-01-21,Anthonyborough,West,Keyboard,Office,3,4928,20,11827.2,9289.28,2537.92,Net Banking
3986,2025-11-19,North Kimberly,West,Speaker,Accessories,5,1702,20,6808.0,5100.37,1707.63,Cash
3987,2025-06-19,North Aaronmouth,West,Mouse,Office,1,4722,5,4485.9,2585.93,1899.97,UPI
3988,2024-01-01,East Victorstad,West,Camera,Electronics,1,627,15,532.95,374.46,158.49,Card
3989,2024-09-30,North Stephanieburgh,West,Camera,Accessories,5,3587,5,17038.25,13432.79,3605.46,UPI
3990,2026-04-12,Philipborough,East,Headphones,Electronics,1,1413,10,1271.7,997.55,274.15,Card
3991,2025-08-05,Lake Ginaberg,West,Keyboard,Electronics,1,218,20,174.4,89.45,84.95,Card
3992,2026-01-23,Millerton,South,Printer,Accessories,5,1460,10,6570.0,5244.62,1325.38,Card
3993,2025-10-30,Danielhaven,South,Phone,Electronics,2,1006,0,2012.0,1541.98,470.02,Net Banking
3994,2025-09-23,Lake William,East,Printer,Accessories,2,3596,10,6472.8,4717.05,1755.75,Card
3995,2024-05-17,New Gabrielle,North,Speaker,Accessories,2,121,15,205.7,111.1,94.6,UPI
3996,2024-10-15,Rayfurt,East,Phone,Accessories,5,2516,5,11951.0,7928.66,4022.34,Card
3997,2025-04-16,Kevintown,East,Phone,Electronics,4,3621,5,13759.8,9477.33,4282.47,Cash
3998,2025-07-25,Tylerview,North,Laptop,Accessories,3,2819,0,8457.0,5964.97,2492.03,UPI
3999,2026-01-01,North Michael,East,Headphones,Electronics,1,4304,0,4304.0,2950.53,1353.47,Net Banking
4000,2025-11-11,Markport,West,Laptop,Accessories,2,1803,0,3606.0,1816.92,1789.08,Card
4001,2025-11-11,Hayesstad,South,Laptop,Office,2,2071,10,3727.8,1906.72,1821.08,Card
4002,2025-08-04,Prestonborough,West,Monitor,Electronics,3,1266,10,3418.2,1911.62,1506.58,UPI
4003,2023-08-26,Port Joelport,North,Speaker,Electronics,4,4795,5,18221.0,13753.69,4467.31,Net Banking
4004,2026-04-04,Robertshire,West,Speaker,Accessories,4,1911,0,7644.0,4789.79,2854.21,Net Banking
4005,2025-12-22,East Michelle,North,Mouse,Accessories,3,175,5,498.75,280.25,218.5,Cash
4006,2024-12-17,Davidfurt,West,Tablet,Accessories,3,626,0,1878.0,1158.46,719.54,Net Banking
4007,2026-06-21,East Wendy,East,Printer,Electronics,1,350,20,280.0,164.14,115.86,UPI
4008,2025-12-03,Port Cynthia,South,Speaker,Accessories,3,878,15,2238.9,1392.97,845.93,Card
4009,2024-01-18,Joshuaburgh,North,Phone,Accessories,5,129,20,516.0,278.06,237.94,UPI
4010,2023-12-18,East Josephland,West,Speaker,Office,3,248,20,595.2,469.79,125.41,Net Banking
4011,2025-09-25,Melindamouth,South,Monitor,Accessories,1,1698,0,1698.0,1017.05,680.95,Card
4012,2026-04-14,South Paul,North,Monitor,Office,2,1432,5,2720.8,1899.66,821.14,Card
4013,2023-08-09,Mooreborough,East,Laptop,Office,4,3745,10,13482.0,7691.53,5790.47,Cash
4014,2026-06-11,New Amanda,South,Speaker,Accessories,4,3414,5,12973.2,10138.89,2834.31,UPI
4015,2023-09-27,Chrisstad,South,Monitor,Accessories,1,812,0,812.0,628.81,183.19,Net Banking
4016,2026-05-18,Sandrabury,South,Tablet,Electronics,2,3892,15,6616.4,4705.83,1910.57,Card
4017,2026-02-26,New Cynthia,North,Keyboard,Electronics,1,3746,10,3371.4,2223.29,1148.11,Cash
4018,2024-02-27,East Antonio,West,Phone,Office,3,4471,20,10730.4,5387.71,5342.69,Net Banking
4019,2026-05-28,Kristineton,South,Monitor,Office,1,2635,5,2503.25,1385.37,1117.88,Cash
4020,2025-11-27,East Leslie,North,Monitor,Office,3,3085,20,7404.0,5655.06,1748.94,Cash
4021,2026-03-30,Joshuaview,West,Speaker,Office,5,3432,15,14586.0,8698.4,5887.6,UPI
4022,2024-02-03,North Carmenstad,South,Laptop,Office,1,1643,15,1396.55,1112.82,283.73,Cash
4023,2026-07-01,Lake Sarahmouth,West,Mouse,Accessories,3,3931,15,10024.05,7933.73,2090.32,UPI
4024,2026-06-07,South Katherine,East,Printer,Office,1,3287,0,3287.0,2185.35,1101.65,Net Banking
4025,2024-01-01,East Aliciafurt,South,Headphones,Electronics,1,993,10,893.7,623.61,270.09,Card
4026,2023-12-29,Jacksonmouth,West,Laptop,Electronics,2,3204,20,5126.4,3478.44,1647.96,Card
4027,2024-09-02,South Kimberly,North,Headphones,Office,3,3856,15,9832.8,6924.53,2908.27,Card
4028,2023-12-16,Foxshire,North,Phone,Office,1,4161,10,3744.9,2311.07,1433.83,Card
4029,2025-07-25,West Adamchester,South,Camera,Electronics,5,4025,20,16100.0,12319.03,3780.97,Cash
4030,2026-05-26,Port Jeffreyborough,West,Printer,Office,4,498,5,1892.4,1066.13,826.27,Cash
4031,2024-11-05,Angelaton,West,Printer,Office,2,4305,10,7749.0,5580.55,2168.45,UPI
4032,2025-08-13,Craigshire,West,Tablet,Office,5,2215,5,10521.25,8319.64,2201.61,Card
4033,2025-09-24,Brandonland,West,Keyboard,Accessories,1,4756,0,4756.0,3298.36,1457.64,Cash
4034,2025-03-28,Sharonborough,East,Mouse,Accessories,5,4870,20,19480.0,14705.37,4774.63,Net Banking
4035,2024-12-09,Lake Jonathanfort,North,Camera,Accessories,3,2637,10,7119.9,3795.59,3324.31,Card
4036,2025-11-18,South Jordantown,East,Mouse,Office,4,1209,15,4110.6,2844.84,1265.76,Card
4037,2026-01-19,Robertton,North,Tablet,Electronics,3,3802,10,10265.4,8192.35,2073.05,Cash
4038,2026-07-25,Seanhaven,South,Speaker,Office,2,2892,20,4627.2,3219.04,1408.16,Cash
4039,2026-06-12,Brownland,West,Monitor,Office,5,543,15,2307.75,1716.3,591.45,Cash
4040,2025-01-28,Smithville,West,Monitor,Accessories,4,4256,5,16172.8,12559.47,3613.33,UPI
4041,2024-10-06,West Lisaville,South,Mouse,Office,4,4007,20,12822.4,7601.49,5220.91,UPI
4042,2025-06-09,South Paul,North,Camera,Accessories,4,1824,0,7296.0,5828.22,1467.78,Net Banking
4043,2024-03-23,West Alexander,North,Camera,Office,1,1683,10,1514.7,1056.16,458.54,Card
4044,2026-02-26,Harrisview,South,Printer,Accessories,4,4883,5,18555.4,10104.97,8450.43,Cash
4045,2025-12-23,Jessicaview,East,Headphones,Office,1,2035,5,1933.25,1203.72,729.53,Cash
4046,2026-06-01,Blackbury,South,Tablet,Accessories,1,1634,5,1552.3,816.66,735.64,Card
4047,2025-12-25,North Mary,East,Phone,Accessories,2,3856,5,7326.4,4352.38,2974.02,Net Banking
4048,2025-12-22,Ericborough,South,Headphones,Electronics,2,2250,20,3600.0,2545.17,1054.83,Card
4049,2024-03-09,Ashleymouth,West,Speaker,Accessories,3,4049,15,10324.95,5394.28,4930.67,UPI
4050,2026-04-08,West Michaelfort,East,Camera,Electronics,5,2090,10,9405.0,5588.35,3816.65,Card
4051,2024-07-26,Port Rachel,East,Phone,Electronics,1,435,15,369.75,197.47,172.28,Net Banking
4052,2024-01-12,North Bryanport,West,Tablet,Electronics,3,2274,10,6139.8,4108.02,2031.78,Card
4053,2023-09-10,Port Michellefort,North,Headphones,Accessories,1,4613,20,3690.4,2121.18,1569.22,UPI
4054,2025-03-27,North Crystalton,West,Phone,Electronics,4,2761,0,11044.0,6971.85,4072.15,Card
4055,2025-02-19,North Tylerfurt,North,Monitor,Accessories,2,4532,5,8610.8,6000.56,2610.24,Cash
4056,2024-09-19,Campbellborough,South,Laptop,Accessories,3,3534,20,8481.6,6009.15,2472.45,Cash
4057,2026-05-07,Kimmouth,North,Headphones,Accessories,3,2752,10,7430.4,5009.5,2420.9,Card
4058,2025-11-29,North Cindy,West,Printer,Office,3,3611,0,10833.0,7040.55,3792.45,Cash
4059,2025-06-20,Wilsonview,South,Speaker,Office,2,2001,5,3801.9,2457.73,1344.17,UPI
4060,2024-07-22,Sophiaville,South,Keyboard,Accessories,3,3467,0,10401.0,5291.71,5109.29,Net Banking
4061,2025-09-22,Feliciamouth,South,Headphones,Electronics,2,3574,20,5718.4,2889.0,2829.4,Net Banking
4062,2024-05-05,South Jennifer,West,Speaker,Electronics,3,2862,0,8586.0,5324.38,3261.62,Net Banking
4063,2025-04-30,East Andrea,North,Headphones,Electronics,4,294,0,1176.0,925.34,250.66,UPI
4064,2025-06-02,Jeffreymouth,North,Camera,Accessories,2,4884,5,9279.6,5343.71,3935.89,Net Banking
4065,2025-06-10,Port Richardstad,North,Printer,Office,2,1038,15,1764.6,978.82,785.78,Card
4066,2024-08-10,North Darrenhaven,North,Speaker,Electronics,2,1994,20,3190.4,2298.39,892.01,Net Banking
4067,2024-07-12,Joshuaport,East,Keyboard,Electronics,5,1301,0,6505.0,3257.27,3247.73,Net Banking
4068,2023-08-20,New Jamesmouth,North,Laptop,Office,1,1407,5,1336.65,1037.1,299.55,Card
4069,2025-04-06,South Ralph,West,Mouse,Electronics,2,4285,5,8141.5,5664.13,2477.37,Net Banking
4070,2026-03-27,Coreybury,East,Camera,Office,1,2685,10,2416.5,1658.04,758.46,Net Banking
4071,2024-05-29,East Alexisfort,South,Headphones,Electronics,2,4585,5,8711.5,4518.15,4193.35,UPI
4072,2023-09-25,Matthewfort,North,Mouse,Accessories,1,1471,15,1250.35,991.29,259.06,Net Banking
4073,2025-06-01,Chandlerport,South,Mouse,Accessories,4,3095,20,9904.0,6674.08,3229.92,Net Banking
4074,2024-06-03,Haasstad,North,Tablet,Accessories,1,4751,15,4038.35,3010.76,1027.59,Net Banking
4075,2024-01-23,Dawnshire,West,Keyboard,Accessories,2,2205,10,3969.0,2195.12,1773.88,Net Banking
4076,2025-01-14,Smithfort,East,Laptop,Accessories,3,3944,15,10057.2,6680.36,3376.84,UPI
4077,2025-02-19,South Jefferymouth,West,Camera,Electronics,5,2333,15,9915.25,5903.78,4011.47,Net Banking
4078,2024-11-14,Castillofurt,West,Headphones,Office,1,1265,20,1012.0,662.03,349.97,Cash
4079,2025-04-29,Robertmouth,South,Printer,Electronics,2,3367,20,5387.2,2792.67,2594.53,Net Banking
4080,2024-04-22,Brownborough,North,Laptop,Accessories,1,3193,10,2873.7,1539.89,1333.81,Card
4081,2023-11-06,Lake Robertborough,North,Monitor,Accessories,4,710,20,2272.0,1777.73,494.27,Net Banking
4082,2025-11-23,Michaelborough,North,Tablet,Accessories,5,4321,0,21605.0,15954.63,5650.37,Cash
4083,2023-09-04,North Kimberlyfurt,South,Camera,Office,4,4828,10,17380.8,12006.54,5374.26,Card
4084,2024-11-14,Phyllisborough,East,Keyboard,Accessories,1,1527,10,1374.3,742.21,632.09,Cash
4085,2025-08-12,Jenniferhaven,North,Speaker,Office,1,3367,0,3367.0,1769.1,1597.9,Cash
4086,2023-08-23,South Kellyhaven,North,Camera,Electronics,5,261,20,1044.0,659.81,384.19,Net Banking
4087,2024-05-01,South Jenniferfurt,West,Camera,Office,4,941,10,3387.6,1867.13,1520.47,UPI
4088,2025-06-15,North Felicia,South,Keyboard,Accessories,1,3960,10,3564.0,1844.24,1719.76,Cash
4089,2025-11-19,Lake Johnside,South,Mouse,Accessories,4,4991,15,16969.4,10790.9,6178.5,UPI
4090,2025-06-25,Port Charles,North,Laptop,Office,1,2783,0,2783.0,1467.97,1315.03,Net Banking
4091,2023-11-01,East Jamesmouth,East,Laptop,Office,1,969,15,823.65,549.03,274.62,Card
4092,2025-07-15,Lisaton,East,Speaker,Accessories,1,3149,0,3149.0,1714.88,1434.12,Card
4093,2024-08-02,Shanestad,South,Speaker,Accessories,2,1538,0,3076.0,1613.59,1462.41,Cash
4094,2023-08-23,West Deanna,East,Keyboard,Office,5,3977,10,17896.5,12429.6,5466.9,Net Banking
4095,2024-06-16,Sheppardville,East,Headphones,Accessories,3,4974,15,12683.7,9188.7,3495.0,Card
4096,2025-11-18,Robertsshire,North,Tablet,Accessories,4,2212,5,8405.6,4344.41,4061.19,UPI
4097,2025-03-15,Gomezfort,East,Phone,Electronics,3,1830,15,4666.5,2741.64,1924.86,Card
4098,2025-08-10,Nicholasmouth,West,Speaker,Office,4,1982,15,6738.8,4965.31,1773.49,Net Banking
4099,2023-09-18,West Annafort,West,Laptop,Office,4,4471,0,17884.0,12931.25,4952.75,Cash
4100,2025-12-18,East Kristietown,West,Mouse,Office,3,4166,0,12498.0,9279.77,3218.23,UPI
4101,2024-08-25,Monicaland,West,Printer,Office,3,4367,10,11790.9,8072.2,3718.7,UPI
4102,2024-08-16,Jaclynberg,North,Keyboard,Accessories,3,2335,20,5604.0,3831.36,1772.64,Net Banking
4103,2023-09-21,North Brandonmouth,West,Mouse,Accessories,2,2420,0,4840.0,3398.42,1441.58,Cash
4104,2024-11-24,North Maria,West,Keyboard,Electronics,1,4727,20,3781.6,2546.03,1235.57,Cash
4105,2024-08-01,Sanchezview,West,Speaker,Electronics,3,2094,10,5653.8,3073.45,2580.35,UPI
4106,2024-02-28,New Kevinberg,East,Phone,Office,1,841,0,841.0,650.36,190.64,Cash
4107,2024-12-19,North Danamouth,East,Speaker,Electronics,4,3575,20,11440.0,7812.45,3627.55,Card
4108,2024-04-14,South Maureen,West,Phone,Office,1,2088,10,1879.2,1405.69,473.51,Card
4109,2023-11-28,North Anthony,North,Laptop,Electronics,1,3818,5,3627.1,2521.74,1105.36,Card
4110,2025-06-12,Jasonport,West,Headphones,Electronics,4,2268,5,8618.4,5204.22,3414.18,Cash
4111,2026-02-20,Lake Amanda,West,Printer,Electronics,3,2528,20,6067.2,4537.48,1529.72,Card
4112,2025-10-20,New Kevin,East,Speaker,Office,1,2409,15,2047.65,1620.76,426.89,Cash
4113,2024-10-06,Lake Keithland,South,Speaker,Electronics,4,2598,15,8833.2,4429.64,4403.56,Net Banking
4114,2026-06-20,New Brianton,West,Headphones,Electronics,1,4046,20,3236.8,2510.64,726.16,Cash
4115,2025-07-05,Port Danielside,East,Printer,Electronics,4,743,15,2526.2,1401.91,1124.29,Cash
4116,2023-09-02,Thomasburgh,South,Tablet,Accessories,3,1280,20,3072.0,2302.94,769.06,Net Banking
4117,2025-12-18,Paulview,West,Speaker,Office,5,4224,20,16896.0,11737.92,5158.08,Net Banking
4118,2024-10-20,New Rebeccabury,East,Camera,Accessories,4,2808,10,10108.8,5899.84,4208.96,UPI
4119,2026-05-07,North Michael,South,Speaker,Office,2,2374,0,4748.0,2538.58,2209.42,Card
4120,2025-05-27,Elizabethmouth,West,Headphones,Office,4,126,10,453.6,357.79,95.81,Net Banking
4121,2024-04-28,Port Alex,West,Keyboard,Office,3,624,20,1497.6,842.61,654.99,UPI
4122,2025-12-03,East Danielle,East,Mouse,Accessories,1,1354,10,1218.6,916.93,301.67,Card
4123,2024-05-01,West Kristen,North,Monitor,Accessories,4,2962,15,10070.8,5394.41,4676.39,Net Banking
4124,2024-08-06,Wisebury,North,Camera,Electronics,2,1183,5,2247.7,1709.02,538.68,Net Banking
4125,2023-09-14,Lake Anthonystad,East,Keyboard,Electronics,3,2167,20,5200.8,2647.61,2553.19,Net Banking
4126,2024-05-30,Rogerbury,East,Keyboard,Electronics,1,1175,5,1116.25,708.65,407.6,UPI
4127,2026-02-09,Carlosborough,West,Phone,Office,2,3704,5,7037.6,5225.61,1811.99,Net Banking
4128,2026-05-08,Hernandezstad,East,Tablet,Electronics,2,2428,10,4370.4,2783.82,1586.58,UPI
4129,2025-07-28,West Joseph,North,Camera,Office,1,1165,0,1165.0,655.79,509.21,Card
4130,2023-10-15,New John,North,Tablet,Accessories,5,4099,20,16396.0,11927.91,4468.09,UPI
4131,2025-07-30,Harrisfort,East,Printer,Accessories,3,2547,10,6876.9,4722.88,2154.02,Net Banking
4132,2025-03-30,Lake Wendy,East,Phone,Office,2,2997,15,5094.9,3045.89,2049.01,UPI
4133,2025-08-05,Andrewberg,South,Phone,Electronics,2,4613,20,7380.8,4080.15,3300.65,Net Banking
4134,2024-08-23,Lake Lori,East,Speaker,Accessories,4,4884,0,19536.0,15109.14,4426.86,Net Banking
4135,2026-06-28,Danielborough,South,Printer,Accessories,5,4408,10,19836.0,10962.98,8873.02,Net Banking
4136,2026-04-08,Ashleytown,North,Keyboard,Office,1,2789,5,2649.55,1360.11,1289.44,Card
4137,2026-05-14,Cardenasshire,West,Phone,Office,5,4526,20,18104.0,13761.11,4342.89,Card
4138,2026-01-08,Hansenstad,West,Tablet,Office,2,1405,0,2810.0,1580.33,1229.67,Net Banking
4139,2024-09-27,West Michellemouth,West,Printer,Accessories,3,1138,15,2901.9,2260.12,641.78,Card
4140,2024-01-28,Brianmouth,South,Printer,Accessories,4,4536,10,16329.6,9076.74,7252.86,Net Banking
4141,2025-08-31,Jacobhaven,West,Camera,Office,1,2092,5,1987.4,997.45,989.95,Card
4142,2026-05-26,Roachfurt,North,Tablet,Electronics,3,3685,0,11055.0,8700.02,2354.98,Card
4143,2026-05-21,Michelleland,East,Camera,Electronics,2,2278,10,4100.4,3050.61,1049.79,Cash
4144,2025-11-08,Vaughnstad,South,Camera,Accessories,4,1521,5,5779.8,4544.15,1235.65,UPI
4145,2024-01-21,South Donald,East,Speaker,Accessories,1,2186,10,1967.4,1109.4,858.0,Card
4146,2024-11-26,North Shawnburgh,South,Headphones,Office,1,1130,15,960.5,543.82,416.68,Cash
4147,2026-05-23,North Christopher,East,Laptop,Office,4,285,10,1026.0,731.29,294.71,Card
4148,2024-12-26,Lake Daniellemouth,West,Printer,Office,3,2903,10,7838.1,4601.8,3236.3,Card
4149,2026-05-29,East Jenniferberg,East,Phone,Electronics,5,3785,15,16086.25,11176.27,4909.98,Net Banking
4150,2025-05-28,Myersbury,North,Monitor,Office,4,4670,20,14944.0,11299.8,3644.2,Net Banking
4151,2026-01-13,Sullivanside,West,Monitor,Accessories,3,3374,15,8603.7,4902.85,3700.85,UPI
4152,2025-06-15,West Maria,East,Tablet,Accessories,3,2381,20,5714.4,4007.86,1706.54,Card
4153,2026-04-17,New Tracey,North,Headphones,Accessories,2,1635,5,3106.5,2134.41,972.09,Cash
4154,2024-09-05,Georgeberg,West,Laptop,Electronics,3,4479,15,11421.45,8856.26,2565.19,Net Banking
4155,2023-10-14,Paulshire,East,Speaker,Office,2,2059,20,3294.4,1905.91,1388.49,Cash
4156,2024-12-10,Brittanyshire,West,Laptop,Office,2,3554,10,6397.2,3259.58,3137.62,Cash
4157,2025-08-31,Danielborough,North,Keyboard,Electronics,2,584,0,1168.0,629.12,538.88,UPI
4158,2025-09-12,Cantrellchester,West,Headphones,Office,1,2076,20,1660.8,1078.92,581.88,Card
4159,2023-11-18,Lopezstad,North,Monitor,Office,2,3015,15,5125.5,3408.03,1717.47,UPI
4160,2023-12-03,Brucemouth,East,Keyboard,Electronics,1,4530,0,4530.0,3551.49,978.51,Net Banking
4161,2025-11-04,South Jeremy,North,Headphones,Office,3,1719,10,4641.3,2882.76,1758.54,Net Banking
4162,2023-11-20,Nguyenberg,North,Monitor,Accessories,4,1457,20,4662.4,3403.94,1258.46,Cash
4163,2024-07-02,Palmerfort,East,Monitor,Accessories,5,3634,20,14536.0,8873.17,5662.83,Cash
4164,2025-10-06,Annville,East,Laptop,Accessories,5,2911,20,11644.0,7813.27,3830.73,Cash
4165,2024-11-20,East Meaganberg,North,Camera,Electronics,2,3268,5,6209.2,4153.6,2055.6,Cash
4166,2025-10-25,Lake Robertaside,South,Speaker,Accessories,5,3086,10,13887.0,10682.87,3204.13,Card
4167,2025-02-02,Danielleburgh,North,Camera,Office,3,1173,10,3167.1,1719.81,1447.29,Card
4168,2024-12-27,South Kevinhaven,North,Speaker,Office,1,3330,10,2997.0,1585.07,1411.93,Card
4169,2024-09-04,Jodichester,East,Monitor,Electronics,1,2552,10,2296.8,1487.01,809.79,UPI
4170,2025-03-19,Castrotown,West,Speaker,Accessories,2,430,5,817.0,524.58,292.42,Net Banking
4171,2026-04-06,Port Tracey,South,Mouse,Electronics,2,310,20,496.0,356.72,139.28,Card
4172,2024-09-23,Griffinport,North,Headphones,Office,3,2082,5,5933.7,4254.75,1678.95,Cash
4173,2026-01-16,East Carmenside,West,Keyboard,Accessories,3,178,5,507.3,342.34,164.96,UPI
4174,2025-12-27,South Theresa,North,Printer,Electronics,5,2152,0,10760.0,5948.22,4811.78,Cash
4175,2025-09-20,West Patrickmouth,North,Laptop,Accessories,2,2996,15,5093.2,3420.1,1673.1,Net Banking
4176,2025-07-02,Schmidtton,South,Headphones,Accessories,5,2171,0,10855.0,5871.35,4983.65,Cash
4177,2025-09-04,South Karenshire,North,Phone,Electronics,4,166,0,664.0,442.29,221.71,Cash
4178,2025-05-16,Blairside,West,Phone,Electronics,2,2246,20,3593.6,2562.29,1031.31,Card
4179,2026-01-04,Newtonville,West,Printer,Accessories,5,3642,5,17299.5,13281.66,4017.84,UPI
4180,2024-05-22,Lake Mallory,South,Phone,Electronics,2,4143,5,7871.7,4621.52,3250.18,Card
4181,2026-02-06,Philipside,South,Printer,Electronics,1,1455,20,1164.0,612.14,551.86,Card
4182,2024-12-08,New Amyberg,East,Printer,Electronics,1,855,10,769.5,521.43,248.07,Card
4183,2023-11-27,Mcdanielbury,North,Speaker,Accessories,5,4406,20,17624.0,9080.27,8543.73,Net Banking
4184,2024-08-01,South Darrell,North,Speaker,Office,3,3052,5,8698.2,4840.35,3857.85,UPI
4185,2024-07-08,South Josephport,South,Monitor,Accessories,5,1362,0,6810.0,4775.24,2034.76,Card
4186,2024-06-09,Williamhaven,West,Tablet,Accessories,1,3723,5,3536.85,2016.19,1520.66,UPI
4187,2024-08-07,North Michellehaven,South,Printer,Office,3,666,15,1698.3,892.5,805.8,UPI
4188,2024-04-04,Bauerburgh,West,Mouse,Electronics,5,1043,20,4172.0,3078.75,1093.25,Cash
4189,2025-09-20,Bairdmouth,South,Laptop,Electronics,1,1017,5,966.15,692.39,273.76,Cash
4190,2025-10-09,Lake Vincentchester,West,Phone,Accessories,3,4953,10,13373.1,8411.11,4961.99,Net Banking
4191,2023-10-03,North Melissa,West,Camera,Accessories,4,2925,0,11700.0,8750.58,2949.42,Card
4192,2026-03-04,Walkerfort,West,Keyboard,Electronics,3,3862,5,11006.7,6249.91,4756.79,Net Banking
4193,2024-03-08,Port Natasha,North,Phone,Office,1,1704,15,1448.4,1141.2,307.2,UPI
4194,2024-12-17,New Tommyburgh,West,Keyboard,Electronics,3,3700,0,11100.0,8727.17,2372.83,Net Banking
4195,2025-06-18,East Aprilburgh,East,Tablet,Office,4,3881,0,15524.0,7825.64,7698.36,Net Banking
4196,2026-04-19,West Deborahstad,South,Keyboard,Office,4,2111,5,8021.8,6385.71,1636.09,Net Banking
4197,2026-04-22,Hollyport,East,Printer,Electronics,1,339,15,288.15,153.42,134.73,UPI
4198,2026-04-26,Marychester,North,Printer,Accessories,5,4158,0,20790.0,12106.11,8683.89,Card
4199,2024-01-26,Carlland,North,Tablet,Accessories,2,1595,5,3030.5,1786.4,1244.1,Net Banking
4200,2026-04-18,Bernardview,South,Speaker,Office,3,2437,20,5848.8,4141.22,1707.58,Card
4201,2023-12-25,Baileyfort,North,Speaker,Accessories,2,3934,10,7081.2,4814.75,2266.45,Card
4202,2024-02-02,North Richard,South,Monitor,Office,2,4397,10,7914.6,6125.9,1788.7,Cash
4203,2023-11-17,South Jeffrey,North,Keyboard,Office,3,3016,10,8143.2,6511.96,1631.24,UPI
4204,2024-01-20,Port Scottchester,East,Printer,Electronics,5,3547,0,17735.0,13995.69,3739.31,Card
4205,2025-02-23,Lake Melissa,South,Printer,Office,4,4160,20,13312.0,8895.59,4416.41,Net Banking
4206,2023-12-09,Simpsontown,South,Headphones,Electronics,2,3347,20,5355.2,4029.02,1326.18,UPI
4207,2025-03-10,Port Nicholasview,West,Monitor,Office,1,2214,5,2103.3,1311.11,792.19,Cash
4208,2024-09-21,Port Williamhaven,West,Mouse,Electronics,4,3549,10,12776.4,8370.82,4405.58,Net Banking
4209,2023-10-13,New Veronicatown,West,Keyboard,Electronics,2,4123,0,8246.0,4445.26,3800.74,Net Banking
4210,2023-08-04,Elizabethview,West,Tablet,Electronics,3,2927,5,8341.95,5610.18,2731.77,UPI
4211,2024-07-31,East Petermouth,North,Phone,Office,3,3035,20,7284.0,4301.73,2982.27,Cash
4212,2025-06-05,West Tracyland,North,Mouse,Office,3,751,10,2027.7,1281.15,746.55,Card
4213,2026-01-14,Spencerland,West,Phone,Electronics,4,660,0,2640.0,1647.94,992.06,Cash
4214,2025-02-21,Port Michaelstad,North,Phone,Office,4,354,5,1345.2,1026.7,318.5,Card
4215,2026-02-16,Wilsonfurt,East,Tablet,Accessories,4,281,10,1011.6,609.5,402.1,Cash
4216,2025-04-27,Jefferymouth,West,Printer,Accessories,2,3362,20,5379.2,4254.59,1124.61,Card
4217,2024-10-11,Stacyburgh,North,Keyboard,Accessories,4,3803,0,15212.0,12117.75,3094.25,Cash
4218,2023-08-18,Elizabethfurt,East,Tablet,Accessories,3,2400,10,6480.0,4887.73,1592.27,UPI
4219,2026-04-18,Brandonbury,North,Speaker,Accessories,1,1991,0,1991.0,1503.94,487.06,Card
4220,2024-02-11,Adamsfurt,West,Speaker,Accessories,2,4167,5,7917.3,6230.43,1686.87,Cash
4221,2025-05-08,East Joshua,South,Tablet,Office,2,910,15,1547.0,1118.67,428.33,Card
4222,2024-11-19,Nelsonton,East,Camera,Electronics,5,3111,0,15555.0,12174.75,3380.25,Card
4223,2026-01-18,North Jennifer,West,Monitor,Electronics,3,340,20,816.0,548.41,267.59,UPI
4224,2024-08-30,Mosshaven,East,Laptop,Electronics,1,1648,15,1400.8,1038.07,362.73,Cash
4225,2024-01-22,East Paulland,West,Camera,Electronics,5,2163,20,8652.0,5032.03,3619.97,UPI
4226,2025-08-17,Lake Mark,East,Speaker,Accessories,4,1514,15,5147.6,4006.82,1140.78,UPI
4227,2024-07-02,Gibsontown,East,Mouse,Office,3,1584,20,3801.6,2989.57,812.03,Net Banking
4228,2025-09-18,Wardbury,North,Camera,Office,4,4819,10,17348.4,10202.68,7145.72,Cash
4229,2026-06-30,Lake Thomasside,North,Laptop,Electronics,4,1168,15,3971.2,2393.99,1577.21,Net Banking
4230,2025-04-10,South Tracey,West,Speaker,Office,1,3760,5,3572.0,2076.3,1495.7,Cash
4231,2025-12-30,Lake Heatherhaven,North,Tablet,Office,3,4892,5,13942.2,7950.82,5991.38,Card
4232,2024-03-03,Parkerfurt,West,Phone,Office,5,1967,5,9343.25,5856.06,3487.19,UPI
4233,2024-12-06,West Brendamouth,North,Headphones,Office,1,841,15,714.85,360.16,354.69,Cash
4234,2026-04-29,West Jacqueline,South,Laptop,Accessories,3,3773,15,9621.15,7558.49,2062.66,Cash
4235,2024-08-02,Knappside,East,Headphones,Office,5,2408,0,12040.0,8544.25,3495.75,Card
4236,2024-09-21,South Michael,South,Keyboard,Accessories,3,2972,5,8470.2,6235.36,2234.84,Card
4237,2024-05-15,Robertmouth,West,Speaker,Office,5,3965,10,17842.5,13521.65,4320.85,UPI
4238,2026-06-19,Garrisonmouth,East,Tablet,Accessories,2,495,5,940.5,587.22,353.28,Net Banking
4239,2023-11-24,Tannerburgh,South,Phone,Office,4,885,0,3540.0,2132.83,1407.17,Net Banking
4240,2023-10-05,Port Shannonchester,North,Camera,Office,1,4374,20,3499.2,2041.01,1458.19,UPI
4241,2024-06-17,Lake Amyport,West,Mouse,Accessories,1,3512,0,3512.0,1836.14,1675.86,Net Banking
4242,2025-06-30,Henryville,South,Laptop,Office,1,944,20,755.2,571.59,183.61,Net Banking
4243,2025-11-10,Woodland,East,Camera,Electronics,3,2585,5,7367.25,5300.27,2066.98,Cash
4244,2026-03-29,Muellermouth,West,Mouse,Office,2,2075,15,3527.5,2821.99,705.51,Net Banking
4245,2024-01-02,South Jennifer,North,Headphones,Accessories,4,138,0,552.0,353.63,198.37,Card
4246,2025-06-02,Alexanderfort,North,Printer,Electronics,2,2838,0,5676.0,3105.04,2570.96,Card
4247,2026-07-27,Jennifertown,North,Speaker,Accessories,4,4057,20,12982.4,10275.27,2707.13,Net Banking
4248,2026-02-25,Hernandezshire,East,Keyboard,Office,4,259,5,984.2,651.88,332.32,Card
4249,2024-05-31,East Johnny,East,Tablet,Office,5,3057,15,12992.25,6742.37,6249.88,Card
4250,2024-07-18,Barbaraview,West,Laptop,Office,1,109,0,109.0,60.68,48.32,UPI
4251,2026-03-26,Matthewshire,North,Printer,Office,4,482,5,1831.6,1183.63,647.97,Net Banking
4252,2025-06-05,East Karenland,West,Laptop,Office,4,4851,5,18433.8,10125.07,8308.73,Card
4253,2024-11-18,South Rebecca,West,Camera,Office,3,4233,10,11429.1,7750.76,3678.34,Cash
4254,2026-04-02,South Johnchester,South,Speaker,Accessories,5,3706,15,15750.5,12287.92,3462.58,Cash
4255,2025-05-05,Bryanside,East,Monitor,Accessories,1,3989,10,3590.1,2520.1,1070.0,Cash
4256,2024-10-16,West Mitchellhaven,East,Mouse,Electronics,4,1191,15,4049.4,2596.75,1452.65,Card
4257,2024-10-01,West Zachary,East,Camera,Accessories,5,943,15,4007.75,3203.72,804.03,Cash
4258,2025-01-09,Taylorborough,South,Headphones,Electronics,1,430,5,408.5,241.91,166.59,Card
4259,2023-11-24,New Christopher,South,Laptop,Electronics,4,1570,15,5338.0,3648.19,1689.81,Card
4260,2026-06-17,Gonzalezview,East,Camera,Electronics,4,2194,10,7898.4,4356.36,3542.04,Card
4261,2025-12-03,East Stevenbury,East,Laptop,Office,1,370,15,314.5,228.34,86.16,Net Banking
4262,2024-04-09,Charlesfort,East,Headphones,Office,2,2844,0,5688.0,3582.33,2105.67,Card
4263,2024-10-24,Petersshire,East,Phone,Electronics,3,3909,15,9967.95,7210.71,2757.24,Cash
4264,2024-07-25,Travisbury,North,Laptop,Office,5,1739,15,7390.75,5380.59,2010.16,Cash
4265,2024-03-05,Whitefort,South,Keyboard,Electronics,2,3372,15,5732.4,3898.86,1833.54,Net Banking
4266,2024-10-11,North Hannah,South,Headphones,Office,4,1988,5,7554.4,6027.45,1526.95,Cash
4267,2026-06-02,Matthewland,South,Keyboard,Accessories,4,1405,20,4496.0,2559.41,1936.59,Card
4268,2024-08-06,Melendezhaven,North,Keyboard,Electronics,2,2860,20,4576.0,2573.4,2002.6,Net Banking
4269,2025-08-08,North Richardmouth,East,Headphones,Office,1,156,20,124.8,88.34,36.46,Card
4270,2025-07-31,Jessicaland,North,Mouse,Electronics,3,378,5,1077.3,778.8,298.5,Card
4271,2025-01-14,Basstown,South,Printer,Accessories,2,1710,0,3420.0,2358.69,1061.31,Cash
4272,2024-02-27,North Meghanfort,West,Printer,Office,4,775,5,2945.0,1790.6,1154.4,UPI
4273,2026-05-22,East Jeffery,East,Phone,Accessories,3,3907,5,11134.95,7036.91,4098.04,Net Banking
4274,2023-09-26,North Thomas,West,Mouse,Accessories,5,3259,20,13036.0,6582.77,6453.23,Cash
4275,2024-09-17,Lake Mary,West,Printer,Electronics,3,2577,5,7344.45,3883.43,3461.02,Net Banking
4276,2025-07-12,Port Michellemouth,East,Keyboard,Office,5,1388,15,5899.0,3461.59,2437.41,Card
4277,2025-05-15,South Williamville,East,Speaker,Electronics,4,1723,20,5513.6,3465.87,2047.73,Cash
4278,2024-04-27,Andersonville,North,Keyboard,Office,2,4410,20,7056.0,3979.69,3076.31,Net Banking
4279,2024-12-04,Lake Michaelfort,South,Phone,Office,5,3939,20,15756.0,11954.91,3801.09,Cash
4280,2025-02-24,Freemanfurt,East,Speaker,Office,1,2049,5,1946.55,1028.52,918.03,Net Banking
4281,2024-09-18,Pricefort,North,Headphones,Accessories,3,3072,0,9216.0,6490.65,2725.35,UPI
4282,2026-03-13,Collinsmouth,West,Laptop,Accessories,4,3670,15,12478.0,9521.78,2956.22,Net Banking
4283,2025-05-25,New Analand,North,Mouse,Office,2,2538,15,4314.6,2697.77,1616.83,Net Banking
4284,2026-05-03,South Priscilla,North,Laptop,Electronics,2,1265,20,2024.0,1366.35,657.65,Cash
4285,2023-11-23,New Taylor,West,Headphones,Electronics,2,2642,5,5019.8,3799.76,1220.04,UPI
4286,2025-02-26,Arellanoville,South,Camera,Accessories,3,2987,20,7168.8,5217.54,1951.26,Card
4287,2026-07-02,Port Traci,East,Speaker,Accessories,5,3496,5,16606.0,11275.0,5331.0,Cash
4288,2025-10-20,Lake Monica,East,Mouse,Accessories,1,1747,20,1397.6,934.81,462.79,Cash
4289,2024-02-24,Mortonhaven,North,Printer,Accessories,4,3114,5,11833.2,6181.02,5652.18,Card
4290,2023-11-18,Jasonborough,North,Laptop,Office,1,538,5,511.1,368.76,142.34,Card
4291,2026-05-24,New Joshuahaven,South,Headphones,Accessories,4,1771,15,6021.4,4223.68,1797.72,Net Banking
4292,2024-01-28,North Ericahaven,South,Mouse,Office,4,1778,5,6756.4,3722.8,3033.6,Net Banking
4293,2024-10-05,Palmerstad,North,Tablet,Office,3,4722,5,13457.7,9144.73,4312.97,Net Banking
4294,2024-08-27,Janefurt,North,Mouse,Office,1,886,20,708.8,380.73,328.07,Net Banking
4295,2024-06-11,Michelechester,South,Tablet,Accessories,4,287,15,975.8,548.75,427.05,Cash
4296,2024-12-09,Jeffreyshire,South,Camera,Office,4,4668,20,14937.6,10282.82,4654.78,Cash
4297,2024-01-22,Jenniferport,West,Laptop,Office,5,3074,10,13833.0,7295.66,6537.34,UPI
4298,2025-12-02,West Stephanie,West,Mouse,Office,5,1720,15,7310.0,3867.12,3442.88,Cash
4299,2024-10-17,Jacquelinebury,West,Keyboard,Office,5,980,0,4900.0,2869.78,2030.22,Cash
4300,2024-08-20,Jonesfurt,East,Camera,Electronics,4,3666,20,11731.2,8805.64,2925.56,Card
4301,2026-06-09,Paulland,East,Headphones,Office,5,3708,20,14832.0,11341.36,3490.64,UPI
4302,2026-06-08,Port Andrewfort,North,Printer,Electronics,3,3286,15,8379.3,5056.33,3322.97,Net Banking
4303,2023-09-12,West Hectorview,South,Camera,Accessories,5,2581,15,10969.25,6940.93,4028.32,Card
4304,2026-03-12,Stephanieton,West,Printer,Accessories,3,3006,0,9018.0,6149.1,2868.9,Card
4305,2025-01-05,East Jose,East,Laptop,Electronics,5,432,15,1836.0,1004.88,831.12,Card
4306,2025-08-24,Maryborough,West,Mouse,Accessories,1,4290,20,3432.0,2380.01,1051.99,Card
4307,2023-12-06,Robertatown,South,Monitor,Accessories,3,1921,10,5186.7,3798.52,1388.18,Net Banking
4308,2024-07-19,West Toniview,South,Phone,Office,5,2803,5,13314.25,10638.4,2675.85,Cash
4309,2023-09-15,Rosaleshaven,North,Laptop,Office,4,363,5,1379.4,898.43,480.97,UPI
4310,2025-08-26,Port Carolineside,East,Tablet,Accessories,2,2804,10,5047.2,3158.95,1888.25,UPI
4311,2025-08-30,Brittanyfort,West,Mouse,Accessories,3,4912,0,14736.0,8304.93,6431.07,Cash
4312,2025-04-04,South Rebecca,North,Tablet,Electronics,4,3625,20,11600.0,6226.39,5373.61,Card
4313,2025-01-02,Sullivanchester,South,Speaker,Office,2,1048,10,1886.4,968.26,918.14,Net Banking
4314,2025-11-29,East Nathanielshire,North,Speaker,Office,3,2976,20,7142.4,5261.06,1881.34,UPI
4315,2025-12-18,Zimmermanland,South,Keyboard,Electronics,1,2579,0,2579.0,1532.33,1046.67,Cash
4316,2026-05-24,Douglastown,West,Laptop,Electronics,2,4554,15,7741.8,5530.7,2211.1,Card
4317,2025-10-31,West Zachary,North,Headphones,Office,5,2670,10,12015.0,8708.02,3306.98,Cash
4318,2023-10-31,North Shirleyview,North,Phone,Electronics,4,1681,20,5379.2,2708.26,2670.94,Cash
4319,2026-03-26,Lake Jessica,North,Monitor,Office,3,3914,0,11742.0,9263.65,2478.35,UPI
4320,2024-07-11,Smithstad,North,Keyboard,Accessories,4,842,20,2694.4,1585.82,1108.58,Cash
4321,2025-07-05,North Jenniferton,North,Speaker,Electronics,1,3018,10,2716.2,1456.55,1259.65,Net Banking
4322,2025-11-22,Gutierrezton,West,Phone,Accessories,5,3688,0,18440.0,11995.22,6444.78,UPI
4323,2024-01-25,West Justinton,South,Speaker,Electronics,5,193,10,868.5,593.27,275.23,Card
4324,2025-07-30,West Davidside,North,Speaker,Accessories,5,3095,0,15475.0,10014.16,5460.84,UPI
4325,2024-12-10,Kathleenbury,South,Phone,Electronics,2,4941,5,9387.9,5278.45,4109.45,Cash
4326,2024-08-30,Ricardoberg,North,Speaker,Accessories,5,2991,5,14207.25,11202.65,3004.6,UPI
4327,2026-07-06,Lake Jennifer,North,Camera,Accessories,1,1846,15,1569.1,1195.39,373.71,Cash
4328,2025-05-22,New Alexander,West,Mouse,Office,5,4652,10,20934.0,12887.12,8046.88,UPI
4329,2025-10-23,Ashleyburgh,South,Tablet,Office,4,3372,0,13488.0,7020.34,6467.66,Card
4330,2024-07-24,New Andrea,East,Phone,Accessories,1,1980,0,1980.0,1580.84,399.16,Cash
4331,2025-11-12,Rachelfurt,West,Laptop,Office,4,864,5,3283.2,1750.11,1533.09,UPI
4332,2026-07-01,New Lisaview,South,Keyboard,Office,5,770,0,3850.0,2695.65,1154.35,Card
4333,2023-10-01,Port Andrewhaven,West,Speaker,Office,2,585,5,1111.5,663.97,447.53,Card
4334,2025-10-04,Thomasmouth,East,Monitor,Office,1,3615,5,3434.25,1944.98,1489.27,Net Banking
4335,2024-11-14,Joshualand,North,Laptop,Office,5,4236,20,16944.0,13537.12,3406.88,Net Banking
4336,2024-10-27,Hoffmanfurt,North,Mouse,Accessories,1,4775,15,4058.75,3076.75,982.0,UPI
4337,2025-06-11,Valdezside,North,Keyboard,Accessories,3,1437,0,4311.0,2239.7,2071.3,UPI
4338,2023-08-26,Timothytown,North,Printer,Electronics,5,1103,15,4687.75,3449.28,1238.47,Cash
4339,2023-12-31,Micheleside,North,Speaker,Accessories,3,3434,0,10302.0,7859.73,2442.27,UPI
4340,2024-12-19,East Jamesberg,East,Tablet,Office,3,412,20,988.8,743.81,244.99,Cash
4341,2025-10-30,Mullinsville,North,Tablet,Electronics,3,2397,20,5752.8,4387.0,1365.8,Cash
4342,2024-07-08,Hutchinsonmouth,West,Mouse,Accessories,5,384,15,1632.0,1221.24,410.76,Net Banking
4343,2024-09-22,New Dianeside,East,Speaker,Office,4,4967,20,15894.4,8998.32,6896.08,UPI
4344,2025-11-21,Priscillafurt,East,Phone,Accessories,4,2212,5,8405.6,5736.96,2668.64,Card
4345,2025-01-20,Armstrongside,West,Camera,Accessories,5,231,10,1039.5,713.19,326.31,Card
4346,2025-06-30,Lake Davidland,West,Tablet,Office,3,1660,20,3984.0,2335.8,1648.2,UPI
4347,2023-11-25,Michaelside,West,Mouse,Accessories,5,2929,5,13912.75,7143.76,6768.99,Card
4348,2024-08-15,Lake Colin,East,Tablet,Office,5,3383,0,16915.0,10839.54,6075.46,Cash
4349,2025-07-15,East Laura,West,Headphones,Office,5,217,5,1030.75,814.11,216.64,Net Banking
4350,2024-11-01,Lake Tristanburgh,West,Headphones,Office,4,794,0,3176.0,2310.75,865.25,Net Banking
4351,2023-09-13,Christopherton,South,Mouse,Accessories,4,164,5,623.2,369.27,253.93,Net Banking
4352,2024-03-15,Johnton,West,Headphones,Accessories,4,476,0,1904.0,1178.1,725.9,Net Banking
4353,2026-05-25,Lambertside,East,Camera,Electronics,3,467,5,1330.95,690.59,640.36,Card
4354,2025-06-21,Caitlinland,South,Keyboard,Accessories,1,1308,10,1177.2,640.85,536.35,Card
4355,2023-09-27,Nicolestad,East,Printer,Office,3,3297,0,9891.0,4947.54,4943.46,Cash
4356,2026-05-12,Garciafort,North,Monitor,Electronics,5,3298,0,16490.0,10484.09,6005.91,Cash
4357,2025-01-29,Port Jeffreyborough,South,Monitor,Electronics,2,167,10,300.6,232.2,68.4,UPI
4358,2025-01-24,Schneidermouth,West,Laptop,Accessories,2,1075,20,1720.0,1000.45,719.55,Card
4359,2023-10-01,South Robertland,North,Laptop,Office,3,1323,5,3770.55,2054.3,1716.25,UPI
4360,2024-10-25,Brittanyland,South,Phone,Accessories,2,4840,10,8712.0,6751.15,1960.85,UPI
4361,2024-01-23,East Crystalview,West,Printer,Electronics,3,353,20,847.2,659.01,188.19,Cash
4362,2025-04-23,Jessicaview,South,Mouse,Electronics,2,3914,15,6653.8,4508.1,2145.7,Card
4363,2026-03-27,Lake James,South,Keyboard,Electronics,1,1040,15,884.0,688.78,195.22,Card
4364,2025-10-19,Wilsonton,North,Laptop,Electronics,4,4735,20,15152.0,7943.33,7208.67,Net Banking
4365,2024-01-04,Lake Christopher,East,Camera,Office,2,2645,5,5025.5,3980.33,1045.17,Net Banking
4366,2023-11-07,Port Jonathan,West,Mouse,Accessories,2,2823,10,5081.4,3308.91,1772.49,Card
4367,2025-05-19,East Michaelberg,South,Keyboard,Office,4,1846,10,6645.6,4324.16,2321.44,Net Banking
4368,2024-07-22,Harrisshire,South,Headphones,Office,2,2676,10,4816.8,2835.3,1981.5,Cash
4369,2024-10-20,Romeroville,West,Printer,Office,2,2778,0,5556.0,2890.69,2665.31,Card
4370,2025-02-02,South Georgefurt,South,Mouse,Accessories,5,306,10,1377.0,707.53,669.47,Cash
4371,2026-05-20,Dicksonstad,West,Headphones,Electronics,2,4638,20,7420.8,4126.01,3294.79,Cash
4372,2023-08-26,Brightshire,West,Laptop,Office,4,3349,15,11386.6,7179.76,4206.84,Card
4373,2025-07-09,North Scottview,West,Phone,Office,5,4572,15,19431.0,11459.79,7971.21,Card
4374,2024-05-10,Henrymouth,South,Tablet,Office,1,3971,10,3573.9,2009.54,1564.36,Cash
4375,2025-02-17,Higginsport,South,Tablet,Electronics,5,1653,0,8265.0,5053.43,3211.57,UPI
4376,2025-06-01,Matthewton,North,Mouse,Accessories,1,4038,10,3634.2,2593.23,1040.97,Card
4377,2024-06-23,Wrightton,North,Mouse,Accessories,1,1097,0,1097.0,813.51,283.49,Cash
4378,2025-04-10,West Matthew,East,Monitor,Office,2,4940,20,7904.0,4857.68,3046.32,Net Banking
4379,2023-08-15,Williamtown,West,Phone,Electronics,3,2321,5,6614.85,3731.17,2883.68,Cash
4380,2026-04-09,Bryanborough,West,Headphones,Office,2,1960,5,3724.0,2853.14,870.86,Net Banking
4381,2024-05-08,Jacobburgh,North,Keyboard,Office,5,3928,0,19640.0,10363.45,9276.55,Cash
4382,2025-02-08,South Garrett,West,Monitor,Office,2,2512,10,4521.6,3074.36,1447.24,Cash
4383,2025-09-22,Wilsonmouth,North,Camera,Office,5,3486,0,17430.0,12551.32,4878.68,Net Banking
4384,2025-12-12,Chasehaven,South,Camera,Office,1,1171,0,1171.0,714.2,456.8,Cash
4385,2023-08-29,Port Roy,South,Printer,Electronics,2,3838,15,6524.6,5175.89,1348.71,Net Banking
4386,2025-07-27,Wilsonburgh,South,Keyboard,Electronics,3,4878,0,14634.0,11499.01,3134.99,Card
4387,2026-07-29,Davisport,East,Mouse,Office,2,1625,5,3087.5,2350.46,737.04,UPI
4388,2026-04-08,South Scott,North,Mouse,Office,4,212,10,763.2,484.74,278.46,Card
4389,2023-12-30,South Ralph,West,Camera,Accessories,4,4651,15,15813.4,9375.7,6437.7,UPI
4390,2024-02-07,Garciaport,West,Monitor,Accessories,4,247,5,938.6,582.69,355.91,UPI
4391,2026-02-18,Port Jason,South,Headphones,Office,1,3780,15,3213.0,2534.11,678.89,Card
4392,2023-11-18,West Ashley,South,Printer,Accessories,1,1582,20,1265.6,681.04,584.56,Card
4393,2024-05-25,Evansville,South,Tablet,Accessories,4,4651,10,16743.6,12202.19,4541.41,Card
4394,2023-11-27,Port Amanda,East,Monitor,Office,5,1787,5,8488.25,6409.87,2078.38,Net Banking
4395,2025-10-09,Danielshire,West,Tablet,Electronics,5,1460,0,7300.0,5621.29,1678.71,Cash
4396,2023-09-26,Port Amanda,South,Mouse,Office,5,2986,5,14183.5,7493.86,6689.64,Cash
4397,2023-09-15,West Lorimouth,East,Speaker,Office,2,2885,20,4616.0,3431.59,1184.41,UPI
4398,2025-08-06,New Anneland,West,Monitor,Electronics,1,4366,10,3929.4,3121.65,807.75,Card
4399,2026-06-16,Lewisview,West,Keyboard,Accessories,3,1585,0,4755.0,2419.0,2336.0,UPI
4400,2025-08-10,Lake Robertbury,South,Tablet,Accessories,4,255,10,918.0,612.98,305.02,UPI
4401,2024-09-18,Nancyhaven,East,Printer,Office,1,3465,10,3118.5,2101.29,1017.21,Cash
4402,2024-04-24,South Amychester,South,Camera,Office,5,2213,5,10511.75,5486.88,5024.87,Card
4403,2024-03-15,West Chad,West,Monitor,Office,1,1808,15,1536.8,857.57,679.23,Net Banking
4404,2026-02-25,Arianaport,West,Camera,Accessories,2,4104,15,6976.8,4453.74,2523.06,Cash
4405,2025-01-31,West Timothytown,West,Phone,Electronics,5,1817,10,8176.5,6021.94,2154.56,Cash
4406,2024-07-03,Michellefort,North,Speaker,Accessories,1,4077,10,3669.3,2933.7,735.6,Card
4407,2025-03-28,New Shelbyberg,East,Headphones,Accessories,5,292,20,1168.0,812.59,355.41,Net Banking
4408,2025-11-04,North Annette,North,Camera,Accessories,2,1672,5,3176.8,2167.66,1009.14,UPI
4409,2026-06-12,Ericksonport,North,Keyboard,Office,3,325,0,975.0,514.99,460.01,UPI
4410,2024-06-16,Dennisfort,East,Mouse,Electronics,3,2622,20,6292.8,4971.97,1320.83,Card
4411,2025-06-16,Oneillburgh,North,Mouse,Office,4,2157,15,7333.8,5027.63,2306.17,UPI
4412,2024-11-15,West Brandon,North,Tablet,Accessories,1,120,20,96.0,75.38,20.62,Net Banking
4413,2025-01-11,Mathisshire,North,Monitor,Accessories,5,251,10,1129.5,849.13,280.37,Card
4414,2024-01-21,Port Michelle,West,Camera,Office,5,319,15,1355.75,862.61,493.14,Card
4415,2024-04-10,West Alejandrofurt,West,Phone,Electronics,4,3803,5,14451.4,11464.91,2986.49,Card
4416,2026-03-04,Coreyberg,South,Headphones,Electronics,2,3852,5,7318.8,4608.68,2710.12,Cash
4417,2025-11-20,Collinsmouth,South,Mouse,Accessories,5,3269,20,13076.0,8757.93,4318.07,Net Banking
4418,2026-02-24,Nathanfort,West,Speaker,Electronics,1,3082,10,2773.8,2148.31,625.49,Card
4419,2025-05-06,East Sheila,East,Mouse,Office,4,3924,0,15696.0,8406.2,7289.8,UPI
4420,2025-10-22,Princemouth,South,Tablet,Electronics,4,4188,5,15914.4,10942.82,4971.58,Net Banking
4421,2023-09-02,Donnastad,West,Phone,Electronics,5,2887,15,12269.75,8006.21,4263.54,Cash
4422,2026-03-10,Anthonymouth,West,Camera,Office,5,3985,5,18928.75,14812.3,4116.45,Cash
4423,2024-07-18,Georgemouth,West,Laptop,Electronics,2,1693,15,2878.1,1675.46,1202.64,Net Banking
4424,2026-03-20,Jasonport,West,Tablet,Accessories,2,1331,15,2262.7,1399.9,862.8,Net Banking
4425,2024-10-11,Lindseyside,West,Tablet,Office,3,2842,20,6820.8,4319.85,2500.95,Cash
4426,2023-12-24,Catherineshire,East,Monitor,Office,5,2271,15,9651.75,6981.83,2669.92,Card
4427,2026-06-11,North Timothy,North,Headphones,Accessories,3,3731,10,10073.7,7646.55,2427.15,UPI
4428,2023-09-25,Lake Kimberlybury,North,Printer,Office,3,2077,15,5296.35,3434.93,1861.42,Cash
4429,2023-08-13,South Andrew,East,Monitor,Electronics,5,3363,10,15133.5,11555.16,3578.34,Card
4430,2023-09-27,Camposbury,North,Camera,Office,4,2962,10,10663.2,7103.71,3559.49,UPI
4431,2024-09-26,North Jordan,East,Tablet,Office,3,1980,20,4752.0,2683.8,2068.2,Card
4432,2026-01-22,Teresaport,West,Mouse,Office,2,1090,5,2071.0,1288.42,782.58,UPI
4433,2023-11-27,Lisamouth,South,Laptop,Accessories,3,339,15,864.45,489.64,374.81,UPI
4434,2025-06-27,North Michael,East,Laptop,Accessories,3,110,15,280.5,158.63,121.87,UPI
4435,2025-01-14,East Meghanland,South,Printer,Accessories,1,1256,15,1067.6,649.41,418.19,Net Banking
4436,2026-05-31,North Nancyberg,West,Mouse,Office,2,1755,10,3159.0,2455.67,703.33,Net Banking
4437,2023-08-14,Banksburgh,South,Keyboard,Electronics,3,3328,15,8486.4,6141.35,2345.05,Net Banking
4438,2026-03-28,Alvinstad,North,Monitor,Office,2,4772,20,7635.2,4904.56,2730.64,Card
4439,2026-07-10,Zacharyberg,North,Laptop,Electronics,1,4815,10,4333.5,3230.4,1103.1,UPI
4440,2024-08-29,West Zacharyborough,North,Speaker,Accessories,2,4107,15,6981.9,3585.04,3396.86,UPI
4441,2024-02-23,Williamsmouth,West,Camera,Office,4,2549,20,8156.8,4720.43,3436.37,Net Banking
4442,2023-09-28,New Davidhaven,North,Tablet,Electronics,2,4346,5,8257.4,6595.63,1661.77,Cash
4443,2026-03-03,Pinedamouth,East,Mouse,Office,3,1860,10,5022.0,3184.73,1837.27,Net Banking
4444,2023-12-21,West Maryfort,North,Monitor,Office,5,4933,5,23431.75,17726.21,5705.54,Card
4445,2025-09-10,Gabrielview,North,Tablet,Office,4,359,5,1364.2,993.35,370.85,Net Banking
4446,2024-10-09,Oscartown,North,Printer,Office,3,3644,15,9292.2,4814.65,4477.55,UPI
4447,2026-01-15,South Jenna,West,Phone,Electronics,2,1593,5,3026.7,2315.16,711.54,UPI
4448,2024-01-13,Lake Abigailview,East,Speaker,Office,2,1636,15,2781.2,1775.84,1005.36,Cash
4449,2024-02-07,North Lindseyborough,West,Laptop,Accessories,1,1796,5,1706.2,1108.12,598.08,UPI
4450,2024-09-11,North Eric,West,Monitor,Electronics,4,4841,0,19364.0,14088.25,5275.75,UPI
4451,2026-05-14,Lisaville,West,Printer,Electronics,4,2289,0,9156.0,5940.3,3215.7,Cash
4452,2025-10-04,Brookstown,South,Laptop,Electronics,4,4449,10,16016.4,10469.71,5546.69,Cash
4453,2026-04-12,Perryview,East,Mouse,Office,5,2977,15,12652.25,7134.86,5517.39,UPI
4454,2024-05-07,Port Pedro,South,Printer,Electronics,3,2248,20,5395.2,2906.87,2488.33,UPI
4455,2024-10-03,East Emily,South,Tablet,Accessories,2,1064,15,1808.8,1205.07,603.73,Card
4456,2024-02-24,New Veronicaburgh,East,Speaker,Office,1,3606,15,3065.1,2216.87,848.23,Cash
4457,2024-07-30,Krystalville,East,Speaker,Electronics,3,2288,0,6864.0,4566.26,2297.74,UPI
4458,2025-08-11,New Eddiefurt,East,Tablet,Electronics,2,1625,0,3250.0,2074.64,1175.36,Cash
4459,2025-03-04,Simmonshaven,North,Phone,Office,2,3567,20,5707.2,3923.69,1783.51,Cash
4460,2024-08-13,Port Christopherside,West,Tablet,Electronics,2,1793,0,3586.0,2760.07,825.93,Card
4461,2026-05-24,West Debraside,West,Monitor,Accessories,1,1452,5,1379.4,837.94,541.46,UPI
4462,2026-01-19,North Michaelside,North,Monitor,Accessories,2,340,15,578.0,392.56,185.44,UPI
4463,2026-05-21,South Joseph,North,Phone,Electronics,2,3892,5,7394.8,5748.11,1646.69,Cash
4464,2025-06-29,Lake Codyborough,East,Laptop,Electronics,2,865,20,1384.0,1097.4,286.6,Cash
4465,2026-05-27,North Amystad,South,Laptop,Office,2,1742,0,3484.0,2436.33,1047.67,Net Banking
4466,2024-03-20,South Nicole,North,Laptop,Office,5,1134,0,5670.0,3346.93,2323.07,Card
4467,2026-03-28,West Trevorview,West,Keyboard,Office,1,2939,10,2645.1,1743.67,901.43,Cash
4468,2024-12-01,Kerrimouth,South,Speaker,Office,4,4076,20,13043.2,8270.97,4772.23,Card
4469,2026-07-25,Josephhaven,North,Monitor,Electronics,3,2799,10,7557.3,4315.3,3242.0,Card
4470,2026-03-21,New Courtneyside,South,Tablet,Accessories,4,1290,5,4902.0,3575.55,1326.45,Card
4471,2024-03-13,South Larry,South,Monitor,Accessories,5,3008,0,15040.0,9796.05,5243.95,Net Banking
4472,2025-03-24,North Sheryl,North,Monitor,Accessories,4,4424,20,14156.8,9887.32,4269.48,UPI
4473,2024-02-12,West Valeriefurt,West,Speaker,Accessories,2,539,20,862.4,463.26,399.14,Cash
4474,2024-02-19,Haynesbury,East,Laptop,Office,3,4210,15,10735.5,6616.33,4119.17,Cash
4475,2024-11-16,Barbarabury,North,Monitor,Office,5,4641,10,20884.5,14108.76,6775.74,UPI
4476,2024-02-19,West Brenda,East,Tablet,Office,5,4786,5,22733.5,15829.84,6903.66,Cash
4477,2024-06-23,Port Brendabury,West,Speaker,Accessories,1,2044,10,1839.6,934.57,905.03,Cash
4478,2025-02-26,Kristaville,North,Laptop,Office,3,1823,10,4922.1,3732.34,1189.76,Card
4479,2023-11-01,Lake Amy,East,Camera,Accessories,2,3758,15,6388.6,4681.5,1707.1,Net Banking
4480,2025-03-08,Sosaberg,South,Monitor,Accessories,4,2324,10,8366.4,5624.96,2741.44,UPI
4481,2025-03-13,Gabrielleborough,East,Speaker,Electronics,2,1876,20,3001.6,1903.65,1097.95,Net Banking
4482,2023-12-19,Justinshire,West,Laptop,Office,5,3949,20,15796.0,8080.62,7715.38,Cash
4483,2025-07-07,East Kristyfort,East,Speaker,Office,3,3083,20,7399.2,5882.23,1516.97,Net Banking
4484,2024-02-27,Hernandezhaven,South,Keyboard,Office,4,2272,0,9088.0,5733.74,3354.26,Cash
4485,2025-08-22,Morganberg,East,Speaker,Electronics,4,4102,0,16408.0,8962.24,7445.76,Cash
4486,2024-02-01,Scotthaven,East,Speaker,Office,1,1482,15,1259.7,792.7,467.0,UPI
4487,2026-03-12,North Jose,South,Camera,Electronics,4,2566,0,10264.0,7540.67,2723.33,Net Banking
4488,2025-09-17,New Christinaborough,East,Monitor,Electronics,4,3052,5,11597.6,8600.56,2997.04,Card
4489,2024-02-07,Hansenhaven,North,Laptop,Accessories,3,945,15,2409.75,1860.14,549.61,Cash
4490,2025-06-10,Andersonmouth,East,Monitor,Accessories,3,2855,20,6852.0,3920.7,2931.3,Cash
4491,2025-01-16,Port Deborah,West,Printer,Office,3,3664,5,10442.4,8223.03,2219.37,Card
4492,2024-10-04,Micheleberg,West,Tablet,Office,2,3155,15,5363.5,3807.05,1556.45,UPI
4493,2026-07-09,Singhport,North,Laptop,Office,5,3017,0,15085.0,8907.04,6177.96,Net Banking
4494,2023-09-21,Nelsonmouth,North,Monitor,Accessories,1,2506,5,2380.7,1247.1,1133.6,Net Banking
4495,2024-09-15,East Roy,West,Speaker,Electronics,5,2730,5,12967.5,6847.45,6120.05,Card
4496,2023-10-16,Michellechester,South,Phone,Office,4,4654,15,15823.6,12123.25,3700.35,Net Banking
4497,2025-02-27,Hartport,East,Laptop,Electronics,1,4388,20,3510.4,2761.63,748.77,UPI
4498,2025-05-22,Michaelville,North,Phone,Electronics,3,3145,20,7548.0,4219.87,3328.13,Cash
4499,2025-01-20,West Brooke,East,Laptop,Electronics,2,1518,0,3036.0,1665.33,1370.67,Card
4500,2024-07-30,New Sherri,West,Speaker,Electronics,2,1878,20,3004.8,1893.11,1111.69,Card
4501,2025-07-09,Evansfort,West,Printer,Electronics,1,2034,20,1627.2,1087.22,539.98,UPI
4502,2024-12-06,Lawsonmouth,East,Mouse,Accessories,5,4460,20,17840.0,10050.64,7789.36,UPI
4503,2024-10-14,Amandafurt,East,Headphones,Office,4,3809,15,12950.6,8045.61,4904.99,UPI
4504,2025-05-19,Jeremiahmouth,North,Headphones,Accessories,5,2005,10,9022.5,5898.47,3124.03,Card
4505,2026-07-11,Martinezburgh,South,Tablet,Accessories,4,3663,10,13186.8,8495.21,4691.59,Cash
4506,2025-08-07,West Andrewville,South,Headphones,Accessories,1,2210,15,1878.5,1304.57,573.93,Net Banking
4507,2024-12-20,New Wendy,East,Printer,Electronics,4,2062,15,7010.8,4754.48,2256.32,Net Banking
4508,2026-03-24,Jenniferborough,South,Mouse,Accessories,4,2576,10,9273.6,6332.15,2941.45,Net Banking
4509,2024-09-15,New Christopher,South,Speaker,Office,1,2606,10,2345.4,1442.91,902.49,Cash
4510,2025-08-12,North Amber,West,Tablet,Accessories,2,852,10,1533.6,918.76,614.84,Card
4511,2024-07-25,North Lisaland,West,Speaker,Electronics,2,2386,0,4772.0,3733.92,1038.08,Net Banking
4512,2025-01-11,West Lindseyview,North,Phone,Office,3,4926,15,12561.3,7752.1,4809.2,Card
4513,2024-05-06,West Anaside,South,Mouse,Accessories,2,4823,5,9163.7,5249.87,3913.83,Net Banking
4514,2026-04-10,Lake Dylanview,South,Keyboard,Accessories,2,1621,0,3242.0,1841.35,1400.65,Cash
4515,2024-12-16,North Meghan,West,Camera,Accessories,1,3268,0,3268.0,1833.76,1434.24,Cash
4516,2023-08-17,Brianfort,East,Monitor,Accessories,4,4207,5,15986.6,8240.09,7746.51,Net Banking
4517,2023-11-29,South Laurie,East,Camera,Office,3,3781,15,9641.55,6705.87,2935.68,Net Banking
4518,2024-10-05,West Paigestad,East,Phone,Office,5,117,0,585.0,448.11,136.89,Card
4519,2024-08-02,Blackside,East,Speaker,Accessories,4,4023,15,13678.2,7910.67,5767.53,Card
4520,2024-10-25,Nicolasborough,East,Tablet,Electronics,4,1936,5,7356.8,4708.85,2647.95,Cash
4521,2025-11-07,East Cynthiaport,East,Headphones,Electronics,4,3009,5,11434.2,8745.37,2688.83,UPI
4522,2024-02-16,Atkinsview,West,Camera,Accessories,3,1336,0,4008.0,3183.18,824.82,Net Banking
4523,2026-02-26,West Connor,East,Phone,Office,1,3120,5,2964.0,1527.09,1436.91,UPI
4524,2025-04-29,North Michaelton,North,Monitor,Accessories,5,4422,10,19899.0,13953.2,5945.8,Cash
4525,2026-05-01,Port Lisa,East,Laptop,Office,1,2028,5,1926.6,1146.29,780.31,UPI
4526,2026-04-27,Adamsmouth,West,Tablet,Accessories,3,1636,5,4662.6,3496.42,1166.18,Card
4527,2024-06-20,Johnstonville,North,Mouse,Electronics,2,4113,20,6580.8,4656.26,1924.54,Card
4528,2025-05-25,Michellemouth,North,Printer,Office,2,4588,0,9176.0,4592.3,4583.7,UPI
4529,2024-08-21,Morganfurt,South,Speaker,Electronics,4,454,0,1816.0,1106.11,709.89,Cash
4530,2024-06-04,Jessicaville,West,Monitor,Office,3,3861,10,10424.7,7027.43,3397.27,UPI
4531,2023-12-08,New Paigeshire,South,Monitor,Office,3,1187,15,3026.85,1530.63,1496.22,Net Banking
4532,2026-03-20,New Stephen,South,Laptop,Accessories,1,1026,10,923.4,521.42,401.98,UPI
4533,2024-11-14,South Michaelchester,North,Tablet,Electronics,4,4025,10,14490.0,7781.87,6708.13,UPI
4534,2025-08-31,Martineztown,West,Mouse,Accessories,5,1354,5,6431.5,3425.55,3005.95,Card
4535,2025-02-18,Amandastad,South,Headphones,Electronics,4,1003,10,3610.8,2886.84,723.96,Cash
4536,2025-09-10,Kevinside,East,Keyboard,Electronics,2,777,20,1243.2,668.69,574.51,Card
4537,2024-01-30,Davismouth,North,Headphones,Electronics,4,3581,15,12175.4,7371.19,4804.21,Card
4538,2025-02-24,North Richardside,East,Printer,Electronics,4,808,15,2747.2,2171.4,575.8,Net Banking
4539,2025-06-11,Mariaton,East,Headphones,Accessories,2,2152,15,3658.4,2186.84,1471.56,Net Banking
4540,2024-02-15,Griffinburgh,West,Laptop,Electronics,2,543,5,1031.7,641.26,390.44,Net Banking
4541,2025-04-14,Myersstad,East,Tablet,Office,3,1023,0,3069.0,1541.59,1527.41,Net Banking
4542,2025-08-24,South Faithhaven,West,Phone,Electronics,1,3591,20,2872.8,1438.76,1434.04,Card
4543,2026-01-21,New Toddville,West,Speaker,Electronics,1,4380,0,4380.0,3306.1,1073.9,Card
4544,2023-10-27,Liuburgh,South,Keyboard,Electronics,2,3089,5,5869.1,3945.82,1923.28,Cash
4545,2024-02-14,Lake Randyview,East,Phone,Accessories,3,4439,10,11985.3,8632.09,3353.21,Cash
4546,2023-12-24,Christinemouth,South,Headphones,Electronics,4,559,15,1900.6,1281.96,618.64,Card
4547,2025-07-27,Ryanland,East,Tablet,Office,1,1311,10,1179.9,652.47,527.43,Cash
4548,2023-11-13,North Lisaton,North,Mouse,Electronics,3,1004,20,2409.6,1222.55,1187.05,UPI
4549,2023-11-16,New Andrew,East,Phone,Electronics,3,2596,20,6230.4,4058.03,2172.37,Card
4550,2024-12-31,Michelleborough,South,Keyboard,Accessories,2,2430,15,4131.0,3025.57,1105.43,Card
4551,2026-03-20,North Jenniferton,East,Mouse,Electronics,2,153,10,275.4,177.52,97.88,Net Banking
4552,2026-07-27,Gloriaton,East,Phone,Accessories,1,123,20,98.4,73.4,25.0,Cash
4553,2024-08-02,Perezchester,South,Phone,Accessories,2,3793,15,6448.1,3287.9,3160.2,UPI
4554,2025-12-13,North Lindastad,South,Monitor,Office,3,3711,0,11133.0,5938.29,5194.71,Card
4555,2025-01-04,Christineview,West,Phone,Accessories,5,1934,5,9186.5,7129.9,2056.6,Cash
4556,2025-08-11,West Blakeville,West,Monitor,Electronics,4,4435,0,17740.0,11286.26,6453.74,Cash
4557,2026-06-06,Lake Dave,South,Speaker,Electronics,5,873,15,3710.25,2914.59,795.66,UPI
4558,2025-02-27,Erinbury,North,Tablet,Office,1,568,10,511.2,366.19,145.01,Card
4559,2025-07-26,East Jenniferport,West,Mouse,Office,2,703,15,1195.1,808.67,386.43,Net Banking
4560,2023-09-15,Maysbury,East,Mouse,Electronics,1,4352,20,3481.6,2485.92,995.68,Net Banking
4561,2026-04-03,Port Bradley,East,Speaker,Electronics,3,2524,10,6814.8,5100.27,1714.53,Cash
4562,2024-10-29,North Marissa,West,Monitor,Electronics,4,275,15,935.0,706.62,228.38,Cash
4563,2025-05-12,Morrisstad,East,Tablet,Electronics,4,1573,0,6292.0,4031.24,2260.76,Card
4564,2024-05-15,East Stephanie,South,Tablet,Electronics,4,1006,20,3219.2,2248.58,970.62,Card
4565,2026-01-01,Boyerview,North,Phone,Electronics,4,631,0,2524.0,1686.87,837.13,Card
4566,2026-03-15,New James,East,Speaker,Electronics,4,126,20,403.2,280.15,123.05,UPI
4567,2025-02-17,East Morgan,South,Camera,Office,4,501,0,2004.0,1526.46,477.54,Net Banking
4568,2025-04-28,Jamesstad,West,Camera,Accessories,2,4420,0,8840.0,5334.21,3505.79,Net Banking
4569,2023-08-26,Port Virginiashire,West,Headphones,Office,1,793,10,713.7,500.52,213.18,Net Banking
4570,2024-10-22,West Kristenchester,East,Tablet,Office,5,1160,0,5800.0,3083.02,2716.98,Net Banking
4571,2025-11-23,West Grantland,West,Keyboard,Office,3,3655,0,10965.0,8654.04,2310.96,Cash
4572,2024-10-19,South Lisa,North,Speaker,Electronics,5,3065,15,13026.25,9230.52,3795.73,Card
4573,2025-11-23,Port Troy,East,Tablet,Electronics,1,3000,0,3000.0,2373.84,626.16,Net Banking
4574,2025-01-18,Mikaylaburgh,North,Laptop,Accessories,3,4447,20,10672.8,5895.79,4777.01,Cash
4575,2026-03-31,Jayburgh,West,Camera,Electronics,1,3576,15,3039.6,2200.98,838.62,Cash
4576,2024-08-11,Lake Josephton,North,Camera,Office,5,1088,20,4352.0,2346.67,2005.33,Net Banking
4577,2025-01-26,Sarahmouth,East,Camera,Accessories,3,4274,15,10898.7,8535.44,2363.26,Card
4578,2026-06-09,New Brandon,South,Monitor,Accessories,3,2828,20,6787.2,4018.49,2768.71,Net Banking
4579,2025-04-14,Luceroland,North,Phone,Office,1,1553,10,1397.7,759.48,638.22,Card
4580,2024-05-10,Lake Bradview,North,Headphones,Accessories,1,3212,10,2890.8,1814.66,1076.14,Net Banking
4581,2025-03-21,North Courtney,South,Keyboard,Accessories,1,4829,0,4829.0,3238.23,1590.77,Card
4582,2023-12-21,South Daniel,West,Printer,Electronics,1,1843,0,1843.0,1057.14,785.86,UPI
4583,2024-02-29,Lake Blake,West,Monitor,Electronics,3,3322,20,7972.8,4303.57,3669.23,Card
4584,2023-10-26,South Jonbury,South,Laptop,Electronics,3,2815,5,8022.75,5030.73,2992.02,Cash
4585,2025-06-06,West Matthewside,North,Phone,Electronics,5,4121,10,18544.5,11942.96,6601.54,Card
4586,2026-02-19,East Heidistad,East,Phone,Accessories,4,4940,20,15808.0,8838.1,6969.9,Card
4587,2026-06-28,Danielleland,South,Phone,Accessories,5,1453,5,6901.75,3735.46,3166.29,Net Banking
4588,2026-02-21,Rodriguezchester,North,Keyboard,Office,5,3634,10,16353.0,12619.6,3733.4,Cash
4589,2025-06-27,Vargaston,West,Camera,Office,4,3159,0,12636.0,7516.9,5119.1,Net Banking
4590,2024-10-27,Zacharytown,North,Headphones,Office,5,746,15,3170.5,1871.22,1299.28,Cash
4591,2026-02-04,Matthewtown,South,Printer,Office,2,2572,10,4629.6,2601.46,2028.14,UPI
4592,2026-06-05,East Glennton,South,Camera,Electronics,1,2806,15,2385.1,1444.22,940.88,UPI
4593,2025-05-24,Wanghaven,South,Tablet,Office,5,2325,20,9300.0,4746.64,4553.36,Cash
4594,2026-05-03,Michealberg,East,Keyboard,Electronics,4,2986,15,10152.4,5644.08,4508.32,UPI
4595,2024-11-02,New Jenna,West,Laptop,Office,4,4489,15,15262.6,11706.01,3556.59,Cash
4596,2026-03-29,West Mike,East,Keyboard,Office,3,235,15,599.25,402.57,196.68,Cash
4597,2024-03-09,Christopherville,North,Laptop,Accessories,3,969,0,2907.0,2138.84,768.16,Card
4598,2024-04-19,New Melissamouth,South,Monitor,Accessories,4,4957,15,16853.8,9743.73,7110.07,Card
4599,2023-10-21,Catherineville,North,Printer,Office,1,111,0,111.0,83.83,27.17,Net Banking
4600,2023-08-07,Lake Jonathan,South,Monitor,Accessories,5,1030,5,4892.5,3854.39,1038.11,Cash
4601,2025-11-03,East Marcia,North,Phone,Electronics,2,4430,10,7974.0,5892.57,2081.43,Cash
4602,2026-05-10,Michellehaven,East,Tablet,Electronics,4,407,5,1546.6,912.29,634.31,UPI
4603,2023-10-08,West Bruce,East,Monitor,Accessories,4,2445,5,9291.0,5716.79,3574.21,Cash
4604,2025-07-31,New Gina,North,Keyboard,Accessories,4,1432,0,5728.0,4431.24,1296.76,Cash
4605,2026-03-05,South Lauren,East,Laptop,Accessories,4,1489,5,5658.2,3955.55,1702.65,UPI
4606,2025-12-11,New Andrewchester,West,Tablet,Electronics,4,2116,10,7617.6,4332.3,3285.3,Cash
4607,2024-02-16,North Karenstad,North,Tablet,Electronics,3,3968,0,11904.0,8525.91,3378.09,Card
4608,2024-11-25,West Stevenburgh,East,Phone,Accessories,5,4404,0,22020.0,11350.02,10669.98,Card
4609,2026-05-16,Carrieland,North,Headphones,Electronics,3,1193,0,3579.0,2068.4,1510.6,Card
4610,2024-07-15,New Matthewmouth,West,Phone,Accessories,2,2484,0,4968.0,3210.73,1757.27,UPI
4611,2024-07-24,Joshuabury,North,Printer,Office,5,2864,15,12172.0,7010.19,5161.81,Cash
4612,2024-07-06,Stephenshire,South,Tablet,Accessories,3,1098,5,3129.3,1769.62,1359.68,Cash
4613,2026-04-02,Richardbury,North,Monitor,Accessories,1,1250,20,1000.0,602.16,397.84,Cash
4614,2026-04-07,Lake Alexis,North,Monitor,Office,5,1054,15,4479.5,3108.95,1370.55,Net Banking
4615,2024-12-15,East Michealchester,East,Headphones,Office,5,1496,20,5984.0,3098.89,2885.11,Cash
4616,2024-02-02,New Donna,North,Phone,Office,5,1560,5,7410.0,3895.39,3514.61,Cash
4617,2025-10-27,Lake Toddhaven,East,Printer,Electronics,2,4772,20,7635.2,5903.13,1732.07,Cash
4618,2023-10-01,East Alexandra,South,Printer,Accessories,1,2428,0,2428.0,1761.09,666.91,Net Banking
4619,2025-04-26,Amandaside,East,Headphones,Accessories,5,4860,5,23085.0,15562.67,7522.33,Cash
4620,2025-07-16,Bennettmouth,North,Phone,Accessories,2,146,0,292.0,218.61,73.39,Cash
4621,2026-06-07,South Ellenberg,East,Mouse,Accessories,1,1346,0,1346.0,923.07,422.93,Net Banking
4622,2026-06-09,Lake Theresa,North,Printer,Electronics,4,3081,20,9859.2,5808.93,4050.27,Net Banking
4623,2024-09-13,North Christian,West,Monitor,Office,2,1120,5,2128.0,1486.67,641.33,UPI
4624,2024-10-13,Richmondville,North,Monitor,Electronics,4,2657,10,9565.2,6773.64,2791.56,Card
4625,2025-04-28,New Tiffanyview,North,Keyboard,Electronics,1,4685,0,4685.0,3596.81,1088.19,Cash
4626,2026-07-21,Lake Brandyborough,South,Keyboard,Accessories,2,1883,0,3766.0,2288.94,1477.06,Card
4627,2024-07-04,Port Yolandaberg,South,Mouse,Accessories,5,2153,0,10765.0,7731.21,3033.79,Card
4628,2023-09-17,North John,South,Laptop,Electronics,4,4004,0,16016.0,11033.74,4982.26,Cash
4629,2026-07-27,Contrerasbury,West,Camera,Electronics,2,2173,5,4128.7,2363.77,1764.93,Net Banking
4630,2025-02-19,South Luis,South,Speaker,Office,4,3252,0,13008.0,7717.4,5290.6,Card
4631,2025-10-17,West Courtney,West,Tablet,Accessories,5,4484,15,19057.0,13186.25,5870.75,Cash
4632,2024-10-29,South Yvonne,South,Phone,Electronics,1,4516,15,3838.6,2479.88,1358.72,Net Banking
4633,2026-02-22,West Melanie,North,Laptop,Electronics,3,1562,10,4217.4,3175.08,1042.32,Card
4634,2024-11-11,Timothymouth,West,Headphones,Accessories,1,3134,0,3134.0,1584.55,1549.45,Net Banking
4635,2025-12-16,South Desiree,East,Mouse,Electronics,2,2923,10,5261.4,2919.31,2342.09,Net Banking
4636,2025-01-13,Amandafurt,West,Tablet,Office,5,4954,5,23531.5,15955.73,7575.77,Card
4637,2024-04-06,Lake Christopher,South,Printer,Office,5,4613,10,20758.5,14734.28,6024.22,UPI
4638,2023-12-09,Lake Nathanielborough,West,Keyboard,Office,5,1486,20,5944.0,4000.12,1943.88,Card
4639,2025-02-11,Clarkberg,West,Laptop,Accessories,4,4599,15,15636.6,10238.72,5397.88,Card
4640,2025-11-12,Staceyberg,South,Phone,Office,2,2985,15,5074.5,3714.44,1360.06,Cash
4641,2025-11-02,Johnsonview,West,Speaker,Office,5,2027,0,10135.0,7562.59,2572.41,Card
4642,2025-04-05,Lake Monique,West,Laptop,Accessories,1,1666,10,1499.4,861.91,637.49,UPI
4643,2025-04-03,Dakotafort,North,Printer,Office,4,127,15,431.8,278.01,153.79,Cash
4644,2024-06-25,South Emilyberg,West,Keyboard,Accessories,5,2414,20,9656.0,6593.37,3062.63,Net Banking
4645,2024-03-12,Bryantville,West,Headphones,Electronics,4,4233,15,14392.2,10237.24,4154.96,Card
4646,2024-02-27,New Mary,East,Phone,Office,5,194,10,873.0,675.34,197.66,Cash
4647,2023-12-09,East Danielfurt,South,Headphones,Accessories,5,2389,10,10750.5,6271.53,4478.97,Cash
4648,2023-10-05,Hawkinstown,South,Laptop,Office,3,925,5,2636.25,1964.37,671.88,Cash
4649,2025-05-08,Powellfurt,West,Keyboard,Office,5,651,10,2929.5,1723.26,1206.24,Cash
4650,2023-11-14,North Adambury,West,Mouse,Accessories,1,915,0,915.0,621.28,293.72,UPI
4651,2024-02-29,Flowersstad,East,Speaker,Electronics,2,3613,5,6864.7,4260.03,2604.67,Cash
4652,2025-07-30,Carrollburgh,West,Headphones,Electronics,1,2162,0,2162.0,1399.62,762.38,Card
4653,2023-09-21,Millerbury,West,Printer,Accessories,3,1200,15,3060.0,2325.15,734.85,UPI
4654,2025-09-02,Lisamouth,North,Headphones,Office,2,1513,5,2874.7,1983.52,891.18,UPI
4655,2025-03-14,West Kimberly,South,Monitor,Accessories,4,617,20,1974.4,1470.54,503.86,Net Banking
4656,2024-06-30,Lisashire,South,Camera,Office,3,1238,0,3714.0,1935.67,1778.33,Cash
4657,2025-08-12,Rickyborough,West,Keyboard,Electronics,5,3566,5,16938.5,12318.12,4620.38,UPI
4658,2023-10-13,Port Jesusland,North,Laptop,Office,3,1786,5,5090.1,4057.62,1032.48,Net Banking
4659,2025-11-24,Powellside,East,Speaker,Accessories,2,2072,0,4144.0,3086.96,1057.04,UPI
4660,2026-04-30,Scottshire,North,Keyboard,Office,1,2024,20,1619.2,856.0,763.2,Net Banking
4661,2023-08-01,North Leslie,North,Laptop,Electronics,3,4582,10,12371.4,8840.34,3531.06,UPI
4662,2024-06-11,East Rachelfort,East,Laptop,Office,5,1353,10,6088.5,3182.71,2905.79,UPI
4663,2025-05-10,Kimberlybury,West,Phone,Accessories,4,473,5,1797.4,1177.91,619.49,Net Banking
4664,2024-03-19,Port Dianaburgh,North,Mouse,Office,5,3750,5,17812.5,9887.99,7924.51,Net Banking
4665,2025-12-17,North Stephanie,East,Keyboard,Office,1,1817,5,1726.15,1361.58,364.57,Cash
4666,2026-01-14,Choitown,East,Mouse,Electronics,4,2195,5,8341.0,5982.76,2358.24,UPI
4667,2026-05-06,Ginaville,North,Laptop,Accessories,1,3469,10,3122.1,1623.19,1498.91,Net Banking
4668,2025-07-20,Gonzalesside,North,Keyboard,Electronics,1,637,0,637.0,438.7,198.3,Card
4669,2025-06-26,East Mariafort,West,Speaker,Accessories,3,3101,10,8372.7,6597.8,1774.9,Card
4670,2026-05-08,Melissamouth,South,Keyboard,Office,1,3969,5,3770.55,2659.71,1110.84,Cash
4671,2023-11-19,Tonyside,West,Tablet,Electronics,4,3903,5,14831.4,10338.69,4492.71,Net Banking
4672,2026-06-20,East Kimberly,West,Monitor,Electronics,5,3818,15,16226.5,10174.92,6051.58,Card
4673,2025-10-09,New Daniel,South,Keyboard,Office,5,4035,15,17148.75,11950.7,5198.05,UPI
4674,2023-08-25,Janiceshire,South,Laptop,Accessories,5,4800,5,22800.0,15604.71,7195.29,Net Banking
4675,2024-03-17,North Tammymouth,East,Monitor,Accessories,2,418,10,752.4,457.74,294.66,Net Banking
4676,2024-07-09,Kristenview,South,Mouse,Electronics,5,792,15,3366.0,2519.42,846.58,UPI
4677,2024-10-23,Warrenhaven,North,Keyboard,Office,4,4841,15,16459.4,12075.57,4383.83,UPI
4678,2024-02-18,New Mariah,South,Speaker,Electronics,3,4068,10,10983.6,7172.29,3811.31,Cash
4679,2024-02-06,Fordville,East,Mouse,Office,2,3305,5,6279.5,3201.86,3077.64,Card
4680,2024-02-22,New Kevin,East,Mouse,Electronics,2,4880,5,9272.0,5882.32,3389.68,Net Banking
4681,2023-12-01,Villegaston,West,Laptop,Electronics,2,4331,10,7795.8,5879.84,1915.96,UPI
4682,2026-05-14,Samanthaview,East,Headphones,Electronics,4,711,10,2559.6,1431.24,1128.36,Cash
4683,2024-07-27,Natalieburgh,East,Mouse,Accessories,3,2952,10,7970.4,5792.32,2178.08,UPI
4684,2024-01-28,East Markland,West,Camera,Office,4,4328,20,13849.6,9739.86,4109.74,Card
4685,2024-10-03,Kevinborough,West,Headphones,Office,2,967,0,1934.0,1396.5,537.5,UPI
4686,2025-05-01,Lake Davidstad,North,Phone,Electronics,3,277,20,664.8,394.3,270.5,Cash
4687,2026-06-07,East Paula,West,Printer,Office,4,965,15,3281.0,2001.8,1279.2,UPI
4688,2026-07-14,Stephaniehaven,East,Printer,Accessories,3,876,0,2628.0,2065.0,563.0,Net Banking
4689,2023-08-31,North Whitney,East,Headphones,Accessories,4,770,20,2464.0,1541.31,922.69,Card
4690,2023-08-07,West Eugenechester,East,Speaker,Office,3,2562,15,6533.1,3382.76,3150.34,Net Banking
4691,2026-01-14,Hansonborough,North,Printer,Accessories,4,773,0,3092.0,2292.91,799.09,Net Banking
4692,2023-09-22,Ericaborough,West,Laptop,Office,1,1991,5,1891.45,1034.83,856.62,Cash
4693,2025-03-03,South Jenniferfort,South,Mouse,Accessories,3,1936,0,5808.0,3711.74,2096.26,Net Banking
4694,2023-10-04,West Maria,East,Speaker,Office,5,4739,20,18956.0,14453.17,4502.83,UPI
4695,2026-01-31,Oscarview,South,Printer,Electronics,2,567,10,1020.6,754.66,265.94,Net Banking
4696,2024-10-05,Port Justin,South,Mouse,Accessories,4,4972,20,15910.4,12410.9,3499.5,Card
4697,2026-07-16,South Julie,North,Phone,Office,3,3926,0,11778.0,6887.22,4890.78,Card
4698,2024-05-04,New Amandaport,East,Keyboard,Electronics,1,863,20,690.4,433.43,256.97,Card
4699,2025-12-15,West Samuel,East,Phone,Office,1,2265,10,2038.5,1440.82,597.68,UPI
4700,2024-12-13,South Philipmouth,West,Laptop,Electronics,2,3898,10,7016.4,4759.95,2256.45,Card
4701,2025-03-13,Lake Jennifer,South,Monitor,Accessories,3,2082,15,5309.1,3085.88,2223.22,Net Banking
4702,2026-01-22,Herreraland,South,Monitor,Electronics,3,332,10,896.4,504.67,391.73,Card
4703,2023-08-20,Anthonyfurt,East,Phone,Office,2,1111,0,2222.0,1658.69,563.31,UPI
4704,2023-11-11,Lawrencemouth,North,Tablet,Electronics,1,4948,0,4948.0,3424.13,1523.87,Net Banking
4705,2026-06-26,South John,South,Laptop,Electronics,1,2130,15,1810.5,1258.09,552.41,Cash
4706,2024-09-28,Lake Jeffreyshire,East,Mouse,Electronics,2,1546,0,3092.0,2452.98,639.02,Net Banking
4707,2026-05-07,Port Jennifer,East,Headphones,Accessories,4,2101,10,7563.6,5634.05,1929.55,Net Banking
4708,2023-08-15,Port Elizabethport,East,Speaker,Office,1,1113,15,946.05,503.87,442.18,Cash
4709,2024-02-09,West Mark,North,Printer,Accessories,3,1260,15,3213.0,2370.01,842.99,Cash
4710,2026-03-03,Batesburgh,East,Printer,Electronics,3,1817,15,4633.35,3377.51,1255.84,Net Banking
4711,2025-06-09,Suttonbury,North,Mouse,Office,5,1142,20,4568.0,2789.33,1778.67,Cash
4712,2026-07-26,Shannonhaven,East,Printer,Accessories,1,1598,5,1518.1,819.88,698.22,Card
4713,2023-10-19,Annafort,East,Headphones,Office,3,4287,0,12861.0,9106.87,3754.13,UPI
4714,2023-09-23,North Sarahton,West,Printer,Electronics,3,329,15,838.95,499.05,339.9,Net Banking
4715,2025-09-25,Silvaborough,East,Headphones,Accessories,2,3054,10,5497.2,4048.74,1448.46,Card
4716,2025-04-23,West Samanthafort,East,Mouse,Accessories,3,3977,15,10141.35,6557.37,3583.98,Net Banking
4717,2025-05-02,Port Josephtown,West,Mouse,Electronics,3,4911,5,13996.35,7140.62,6855.73,UPI
4718,2024-03-28,New Jessica,South,Tablet,Accessories,4,171,15,581.4,389.82,191.58,Net Banking
4719,2024-08-18,Rodriguezport,South,Camera,Accessories,2,3847,10,6924.6,5137.14,1787.46,Card
4720,2024-08-03,Bauermouth,West,Laptop,Office,5,2980,10,13410.0,9332.92,4077.08,UPI
4721,2023-12-05,Collinsland,East,Laptop,Accessories,2,1093,0,2186.0,1674.01,511.99,Card
4722,2023-12-27,Williamsfort,West,Laptop,Electronics,3,2174,10,5869.8,4222.39,1647.41,Net Banking
4723,2026-03-12,Johnnyville,South,Headphones,Office,1,4798,20,3838.4,2903.1,935.3,Cash
4724,2025-05-10,Stephanieberg,West,Headphones,Accessories,4,354,15,1203.6,805.33,398.27,UPI
4725,2024-01-27,East Christinestad,West,Laptop,Electronics,4,2530,5,9614.0,5165.72,4448.28,Card
4726,2025-06-01,Lake Markborough,East,Keyboard,Office,3,581,5,1655.85,1200.25,455.6,Cash
4727,2024-03-17,Wongberg,East,Headphones,Office,3,1366,15,3483.3,2323.51,1159.79,Card
4728,2026-06-18,East Crystal,East,Speaker,Accessories,4,843,15,2866.2,1941.73,924.47,Cash
4729,2026-06-14,Osbornbury,East,Speaker,Accessories,3,2609,20,6261.6,4443.2,1818.4,Net Banking
4730,2024-09-30,Lake John,South,Phone,Accessories,5,1050,5,4987.5,3165.01,1822.49,Cash
4731,2024-06-27,South Johnchester,South,Headphones,Office,2,3699,0,7398.0,4873.25,2524.75,Cash
4732,2025-07-30,New Nicholas,South,Tablet,Office,1,1422,5,1350.9,918.49,432.41,Card
4733,2025-02-14,Lake Michaelberg,East,Laptop,Office,4,3274,0,13096.0,8361.81,4734.19,Cash
4734,2023-11-15,Sethton,East,Phone,Electronics,1,2378,15,2021.3,1214.61,806.69,Card
4735,2024-01-02,Christopherbury,North,Laptop,Accessories,5,3194,5,15171.5,9882.6,5288.9,UPI
4736,2023-08-01,Vegaside,South,Laptop,Accessories,2,1175,20,1880.0,1345.21,534.79,Cash
4737,2026-03-08,West Janice,South,Camera,Accessories,3,4914,10,13267.8,7309.4,5958.4,Net Banking
4738,2025-09-24,Lake Bradley,South,Monitor,Office,4,2335,5,8873.0,4985.59,3887.41,Cash
4739,2025-08-28,Port William,South,Camera,Office,2,1977,15,3360.9,1875.58,1485.32,Card
4740,2024-02-09,Armstrongport,East,Phone,Electronics,5,3526,20,14104.0,7843.69,6260.31,UPI
4741,2023-09-26,West Jacobtown,South,Phone,Accessories,2,3207,0,6414.0,4149.31,2264.69,Card
4742,2025-03-08,Alanhaven,West,Monitor,Electronics,3,4375,15,11156.25,8779.12,2377.13,Net Banking
4743,2026-07-25,Pennymouth,North,Laptop,Accessories,1,3058,10,2752.2,1769.45,982.75,Card
4744,2026-06-21,East Kellybury,North,Printer,Accessories,1,4690,20,3752.0,2505.7,1246.3,Card
4745,2024-09-09,Jennifershire,South,Keyboard,Accessories,1,4755,10,4279.5,2206.18,2073.32,Net Banking
4746,2024-02-12,West Scott,South,Mouse,Electronics,2,963,5,1829.7,1250.95,578.75,Cash
4747,2024-09-07,North Philip,South,Camera,Office,5,2884,0,14420.0,11076.25,3343.75,Cash
4748,2024-03-05,Port Ericaside,North,Laptop,Office,5,319,20,1276.0,695.18,580.82,UPI
4749,2025-06-20,North Darrylbury,West,Phone,Electronics,4,1334,5,5069.2,2576.45,2492.75,UPI
4750,2024-03-17,Port Shelley,South,Speaker,Office,5,4886,10,21987.0,13283.47,8703.53,Cash
4751,2025-07-26,Gonzalesberg,South,Phone,Accessories,5,3487,0,17435.0,9404.81,8030.19,Net Banking
4752,2024-03-13,Port Michelle,North,Keyboard,Electronics,3,1041,15,2654.55,1614.59,1039.96,Card
4753,2023-11-28,Bridgetmouth,West,Laptop,Office,1,4612,20,3689.6,2440.78,1248.82,Cash
4754,2024-11-07,Flynnport,East,Phone,Electronics,1,3908,10,3517.2,1771.04,1746.16,UPI
4755,2023-12-02,Traceyton,West,Camera,Office,1,3734,20,2987.2,2053.95,933.25,Cash
4756,2023-09-15,East Travis,East,Laptop,Office,5,4069,10,18310.5,11026.63,7283.87,Cash
4757,2023-12-28,New Tylerbury,East,Speaker,Accessories,5,894,10,4023.0,2416.12,1606.88,Card
4758,2023-12-27,Reedburgh,West,Headphones,Accessories,2,3301,15,5611.7,3853.03,1758.67,Card
4759,2026-06-08,North Natashaview,North,Mouse,Office,5,3616,10,16272.0,8645.56,7626.44,Card
4760,2025-12-15,Johnberg,East,Monitor,Electronics,1,2626,5,2494.7,1734.79,759.91,Cash
4761,2025-06-13,Powellstad,West,Mouse,Office,4,1297,0,5188.0,3351.96,1836.04,Card
4762,2025-11-14,Port Zacharychester,North,Tablet,Office,3,1748,20,4195.2,3235.66,959.54,Net Banking
4763,2026-02-11,Hallmouth,West,Speaker,Office,4,2200,0,8800.0,5565.88,3234.12,Cash
4764,2025-04-30,Jeremiahberg,North,Phone,Electronics,5,2677,15,11377.25,6612.68,4764.57,Net Banking
4765,2026-04-27,Ebonymouth,East,Phone,Office,4,3849,5,14626.2,11605.91,3020.29,Net Banking
4766,2024-04-18,Lake Paula,East,Keyboard,Accessories,5,2034,20,8136.0,5166.4,2969.6,Net Banking
4767,2025-09-11,Port Lindseytown,South,Phone,Accessories,1,693,5,658.35,384.23,274.12,Cash
4768,2026-05-22,Gordonland,East,Keyboard,Accessories,3,4995,20,11988.0,9584.44,2403.56,UPI
4769,2026-07-13,Denisemouth,West,Speaker,Electronics,3,3707,0,11121.0,6537.12,4583.88,Net Banking
4770,2023-12-01,Arnoldbury,East,Tablet,Office,3,659,20,1581.6,1188.42,393.18,Card
4771,2023-08-05,Amandabury,South,Headphones,Accessories,4,4929,5,18730.2,13617.89,5112.31,Card
4772,2024-08-30,Mcintoshmouth,West,Camera,Electronics,3,4165,0,12495.0,6775.98,5719.02,UPI
4773,2026-03-20,Lake Kevin,East,Camera,Office,2,2141,0,4282.0,2175.51,2106.49,Cash
4774,2025-06-02,Walkertown,East,Headphones,Accessories,5,1043,10,4693.5,2676.41,2017.09,Net Banking
4775,2024-09-28,Hensleyfurt,North,Monitor,Accessories,4,261,0,1044.0,703.76,340.24,Card
4776,2025-02-21,Thomaston,East,Phone,Electronics,4,478,5,1816.4,925.0,891.4,Net Banking
4777,2023-08-02,South Joe,East,Tablet,Office,3,1648,5,4696.8,3177.35,1519.45,Cash
4778,2025-10-19,New Reneeborough,North,Camera,Electronics,5,3735,15,15873.75,11824.52,4049.23,Net Banking
4779,2025-09-28,South Matthewfurt,West,Phone,Accessories,1,303,15,257.55,149.82,107.73,Card
4780,2024-09-10,Alexanderbury,East,Speaker,Electronics,2,3746,0,7492.0,5977.57,1514.43,Net Banking
4781,2024-09-30,Port Cherylchester,West,Phone,Office,3,2424,5,6908.4,4257.34,2651.06,Net Banking
4782,2024-10-27,Royside,North,Monitor,Accessories,2,4226,15,7184.2,4533.22,2650.98,Net Banking
4783,2024-10-12,South Philip,East,Printer,Accessories,3,150,10,405.0,233.48,171.52,Net Banking
4784,2024-08-08,Lake Shirley,West,Mouse,Electronics,1,4388,5,4168.6,2447.56,1721.04,Cash
4785,2023-08-24,Austinmouth,South,Phone,Accessories,2,4106,20,6569.6,3997.37,2572.23,UPI
4786,2024-07-31,Christinaport,West,Keyboard,Office,5,4221,20,16884.0,10823.28,6060.72,Cash
4787,2025-03-22,North Nicolemouth,South,Keyboard,Office,5,1509,0,7545.0,5205.28,2339.72,Card
4788,2023-08-11,South Sylviamouth,South,Phone,Accessories,5,4894,20,19576.0,15056.22,4519.78,UPI
4789,2024-07-18,New Nathanmouth,South,Laptop,Accessories,1,3876,0,3876.0,2184.07,1691.93,Cash
4790,2025-06-14,Yangstad,West,Phone,Accessories,5,2218,10,9981.0,6247.84,3733.16,Cash
4791,2025-02-07,Smithville,East,Monitor,Accessories,1,3906,15,3320.1,2049.09,1271.01,Card
4792,2024-05-23,Lake Fernando,East,Monitor,Accessories,5,792,0,3960.0,2457.42,1502.58,Net Banking
4793,2026-02-19,Burgessview,West,Tablet,Accessories,4,3787,15,12875.8,10038.8,2837.0,Net Banking
4794,2025-08-02,South Anthonybury,East,Headphones,Electronics,3,4037,15,10294.35,5291.92,5002.43,Cash
4795,2025-07-22,North Richardmouth,East,Headphones,Electronics,2,4901,15,8331.7,4942.83,3388.87,Net Banking
4796,2025-11-14,Lake Amberberg,West,Printer,Electronics,3,608,10,1641.6,1103.1,538.5,Net Banking
4797,2024-04-23,North Frank,East,Headphones,Electronics,2,3934,10,7081.2,4175.97,2905.23,UPI
4798,2023-10-10,Port Jeffrey,North,Tablet,Office,4,730,20,2336.0,1421.56,914.44,Card
4799,2023-12-08,East Frank,South,Printer,Accessories,5,4492,15,19091.0,14033.62,5057.38,Cash
4800,2024-01-25,Danielton,South,Mouse,Accessories,1,605,15,514.25,380.61,133.64,Net Banking
4801,2024-07-27,Wangside,North,Mouse,Electronics,2,4885,0,9770.0,5605.3,4164.7,UPI
4802,2025-08-10,Quinnburgh,South,Keyboard,Electronics,2,828,20,1324.8,939.14,385.66,UPI
4803,2024-01-22,West Justinton,North,Tablet,Accessories,1,1017,20,813.6,470.96,342.64,Cash
4804,2026-06-21,Clarkland,West,Monitor,Accessories,5,4456,10,20052.0,12090.18,7961.82,Card
4805,2023-10-29,South Joseph,North,Monitor,Electronics,3,3012,5,8584.2,5758.74,2825.46,Cash
4806,2023-09-05,Mcdonaldberg,East,Monitor,Accessories,2,3475,20,5560.0,3543.04,2016.96,Card
4807,2024-05-18,Adkinsfurt,South,Printer,Accessories,3,696,15,1774.8,1397.29,377.51,UPI
4808,2025-11-23,Parsonsstad,West,Speaker,Accessories,2,2788,10,5018.4,3967.87,1050.53,Card
4809,2025-04-10,Matthewhaven,West,Mouse,Electronics,2,4545,20,7272.0,4411.34,2860.66,Net Banking
4810,2024-01-09,South Jamesfurt,West,Laptop,Office,5,1253,10,5638.5,4417.0,1221.5,UPI
4811,2025-09-24,West Michael,West,Headphones,Accessories,5,4877,0,24385.0,17861.38,6523.62,Net Banking
4812,2026-03-10,North Mike,South,Speaker,Electronics,5,2611,15,11096.75,6949.58,4147.17,Net Banking
4813,2026-02-27,South Wesleymouth,East,Phone,Accessories,5,2426,5,11523.5,7253.86,4269.64,Net Banking
4814,2023-09-25,Williamside,North,Phone,Electronics,2,3656,15,6215.2,4160.31,2054.89,Card
4815,2025-01-04,West Daniel,East,Headphones,Electronics,4,731,20,2339.2,1702.24,636.96,Card
4816,2025-05-20,North Samanthaview,South,Phone,Accessories,5,3820,5,18145.0,9621.53,8523.47,UPI
4817,2025-07-19,Chrischester,West,Headphones,Accessories,5,439,10,1975.5,1520.56,454.94,Cash
4818,2024-03-08,South Stevenborough,West,Monitor,Accessories,4,1598,5,6072.4,3101.15,2971.25,Net Banking
4819,2024-03-31,Katherinebury,East,Laptop,Office,2,2031,20,3249.6,1831.61,1417.99,Card
4820,2024-03-31,Bryanfurt,East,Keyboard,Office,3,1645,5,4688.25,2883.17,1805.08,UPI
4821,2023-12-12,Robertburgh,West,Monitor,Accessories,3,218,5,621.3,320.65,300.65,Cash
4822,2024-10-31,New Tonybury,East,Printer,Accessories,1,2341,5,2223.95,1152.87,1071.08,Card
4823,2023-11-22,Alyssachester,North,Speaker,Electronics,3,503,15,1282.65,749.08,533.57,Card
4824,2025-09-20,Leefort,West,Laptop,Electronics,2,4322,0,8644.0,6539.1,2104.9,Cash
4825,2025-09-16,Gregoryburgh,South,Phone,Electronics,3,132,10,356.4,277.41,78.99,UPI
4826,2025-03-29,New William,South,Keyboard,Office,4,4066,0,16264.0,11397.52,4866.48,Cash
4827,2024-02-05,New Alexandra,South,Camera,Accessories,2,1158,15,1968.6,1264.66,703.94,Cash
4828,2023-08-27,Grimesfort,West,Headphones,Accessories,3,2207,15,5627.85,3485.61,2142.24,Cash
4829,2025-06-14,Stephenfort,North,Mouse,Accessories,4,1945,10,7002.0,4174.22,2827.78,UPI
4830,2023-08-18,Simmonston,East,Keyboard,Office,2,3291,15,5594.7,3515.69,2079.01,Card
4831,2026-03-06,Keithstad,West,Laptop,Electronics,5,1144,20,4576.0,2653.52,1922.48,UPI
4832,2025-07-19,Lake Lawrenceland,East,Keyboard,Office,3,582,0,1746.0,981.79,764.21,Card
4833,2026-03-03,Port Justin,East,Printer,Electronics,5,514,15,2184.5,1195.53,988.97,Cash
4834,2023-11-02,East Jillmouth,North,Headphones,Office,4,3976,5,15108.8,8529.91,6578.89,UPI
4835,2025-06-08,West Jodyfurt,North,Headphones,Accessories,2,3785,0,7570.0,5348.94,2221.06,Cash
4836,2026-06-04,Lake Amandaburgh,East,Monitor,Accessories,5,2085,20,8340.0,5913.44,2426.56,UPI
4837,2026-07-21,Kimport,North,Tablet,Office,3,1580,0,4740.0,3493.05,1246.95,Card
4838,2023-10-21,North Davidland,East,Speaker,Electronics,2,375,15,637.5,482.53,154.97,UPI
4839,2024-07-14,New Tracychester,East,Keyboard,Accessories,1,2361,10,2124.9,1183.31,941.59,Cash
4840,2026-06-25,Robertbury,West,Speaker,Electronics,3,2156,5,6144.6,4590.71,1553.89,Cash
4841,2024-11-09,Erinmouth,West,Headphones,Electronics,2,1380,0,2760.0,1902.92,857.08,Net Banking
4842,2024-07-03,Port Robert,West,Printer,Electronics,4,4197,5,15948.6,9501.25,6447.35,Net Banking
4843,2025-04-02,Howardberg,South,Keyboard,Office,5,2718,15,11551.5,6144.56,5406.94,Cash
4844,2024-04-02,Joseville,North,Laptop,Office,2,423,0,846.0,434.07,411.93,Net Banking
4845,2024-02-16,Lucasberg,West,Camera,Accessories,2,1251,10,2251.8,1473.45,778.35,Cash
4846,2023-11-25,West Larryborough,North,Camera,Electronics,3,3397,10,9171.9,6103.52,3068.38,Cash
4847,2025-06-16,Webermouth,West,Keyboard,Electronics,4,327,5,1242.6,729.14,513.46,Card
4848,2025-12-15,Andersonland,West,Printer,Accessories,3,3201,10,8642.7,6002.81,2639.89,UPI
4849,2025-09-07,East Aaronside,East,Phone,Accessories,3,2530,15,6451.5,4648.01,1803.49,Cash
4850,2026-05-24,Loweton,North,Printer,Accessories,4,1771,10,6375.6,5048.58,1327.02,UPI
4851,2024-02-10,Port Timothychester,East,Speaker,Accessories,4,3343,20,10697.6,7513.84,3183.76,Net Banking
4852,2025-01-03,Justinland,South,Keyboard,Accessories,3,3473,0,10419.0,5340.08,5078.92,Cash
4853,2025-08-05,New Michaelmouth,East,Printer,Accessories,2,1593,20,2548.8,1919.0,629.8,Card
4854,2025-09-19,Micheleberg,South,Monitor,Electronics,1,171,20,136.8,74.96,61.84,Cash
4855,2024-05-22,Greenemouth,East,Keyboard,Accessories,3,2992,15,7629.6,5915.55,1714.05,Card
4856,2024-06-05,Dylanview,East,Phone,Accessories,2,4070,15,6919.0,4317.21,2601.79,Card
4857,2025-03-18,Gomezfort,West,Laptop,Office,4,2614,5,9933.2,5137.7,4795.5,UPI
4858,2026-05-31,Saraborough,South,Phone,Electronics,2,4086,5,7763.4,4298.45,3464.95,Card
4859,2025-12-24,South Rodneytown,South,Speaker,Electronics,3,1317,10,3555.9,2730.03,825.87,Card
4860,2026-05-10,New Kyle,East,Speaker,Accessories,5,3125,0,15625.0,8220.07,7404.93,Card
4861,2026-01-29,South Kelsey,West,Speaker,Accessories,5,2232,0,11160.0,7122.98,4037.02,Card
4862,2023-12-19,Brentshire,South,Mouse,Accessories,5,545,20,2180.0,1395.97,784.03,Net Banking
4863,2025-03-10,New Breanna,West,Printer,Electronics,4,296,0,1184.0,929.75,254.25,Cash
4864,2025-12-20,West Jason,West,Speaker,Accessories,3,3370,15,8593.5,6824.64,1768.86,Card
4865,2026-05-25,East Matthew,South,Printer,Accessories,4,139,20,444.8,306.97,137.83,Card
4866,2025-12-22,East Nathanielberg,South,Monitor,Office,3,234,20,561.6,335.89,225.71,Net Banking
4867,2025-04-26,North Brittanyborough,West,Tablet,Office,2,4776,15,8119.2,5990.57,2128.63,Card
4868,2024-02-07,West Cody,South,Camera,Electronics,2,1269,10,2284.2,1449.05,835.15,Cash
4869,2026-03-26,Pattersonfort,West,Laptop,Office,4,4526,20,14483.2,10333.49,4149.71,Cash
4870,2026-01-27,North Michaelburgh,South,Mouse,Office,4,1548,5,5882.4,4319.37,1563.03,Cash
4871,2025-12-19,Patrickview,East,Phone,Accessories,4,3509,15,11930.6,6342.39,5588.21,Net Banking
4872,2023-10-11,East Carrieview,West,Headphones,Office,1,4579,0,4579.0,3636.17,942.83,Net Banking
4873,2024-04-21,Lake Sarahside,South,Mouse,Accessories,5,4374,15,18589.5,14551.75,4037.75,Cash
4874,2024-08-10,West Brianport,West,Speaker,Office,1,2113,20,1690.4,1027.88,662.52,Cash
4875,2026-05-27,Claytonville,East,Laptop,Office,4,810,5,3078.0,2155.11,922.89,Card
4876,2024-05-24,Kellyview,North,Phone,Accessories,2,931,20,1489.6,855.44,634.16,Card
4877,2024-08-04,Reedstad,South,Keyboard,Accessories,3,3941,15,10049.55,6790.33,3259.22,Net Banking
4878,2023-12-15,Kimberg,North,Phone,Office,5,2129,20,8516.0,5665.78,2850.22,Card
4879,2023-09-07,East Cynthia,North,Printer,Accessories,2,327,0,654.0,402.65,251.35,Card
4880,2023-09-21,Hunterstad,North,Monitor,Electronics,1,148,5,140.6,80.44,60.16,Card
4881,2026-05-05,Millertown,West,Keyboard,Office,1,1696,5,1611.2,1198.9,412.3,UPI
4882,2026-02-01,Lake Andrewbury,North,Headphones,Accessories,3,139,20,333.6,222.18,111.42,UPI
4883,2024-11-25,South Anthonyport,West,Camera,Electronics,2,2102,0,4204.0,2794.73,1409.27,UPI
4884,2025-09-16,Strongbury,North,Keyboard,Electronics,1,1598,20,1278.4,772.54,505.86,Net Banking
4885,2024-01-14,West Jason,North,Laptop,Office,4,2723,15,9258.2,7140.06,2118.14,UPI
4886,2026-03-06,Hernandezshire,West,Monitor,Electronics,1,4866,0,4866.0,3821.59,1044.41,Card
4887,2025-05-07,Edwardsville,South,Printer,Accessories,3,2630,20,6312.0,3607.54,2704.46,UPI
4888,2026-01-26,Petersonchester,West,Mouse,Accessories,3,695,10,1876.5,1098.51,777.99,UPI
4889,2026-05-09,Port Carolyn,West,Laptop,Electronics,1,3910,0,3910.0,3008.25,901.75,Net Banking
4890,2025-01-09,Kingport,East,Laptop,Electronics,2,4466,5,8485.4,6549.32,1936.08,Card
4891,2023-11-07,Georgeland,South,Mouse,Office,5,179,20,716.0,558.43,157.57,UPI
4892,2026-06-04,Watkinsstad,North,Laptop,Accessories,2,1778,5,3378.2,1803.88,1574.32,Card
4893,2024-09-19,Watsonberg,South,Monitor,Electronics,2,2273,0,4546.0,3018.16,1527.84,Net Banking
4894,2024-01-04,North Juan,North,Headphones,Electronics,4,1412,10,5083.2,2766.62,2316.58,Card
4895,2023-10-25,Port Rita,East,Mouse,Electronics,1,908,15,771.8,494.1,277.7,Card
4896,2026-03-11,Smithview,North,Phone,Accessories,2,3264,15,5548.8,3905.74,1643.06,Net Banking
4897,2024-12-27,Johnchester,West,Printer,Accessories,5,1007,0,5035.0,3730.74,1304.26,Card
4898,2026-01-07,Brittanymouth,East,Keyboard,Office,5,157,5,745.75,444.44,301.31,Net Banking
4899,2025-11-24,Snydermouth,North,Headphones,Electronics,3,1486,15,3789.3,2397.59,1391.71,UPI
4900,2026-01-12,Smithport,East,Keyboard,Office,5,4797,10,21586.5,11335.09,10251.41,UPI
4901,2024-10-21,Lake Chadmouth,North,Speaker,Office,3,197,10,531.9,392.32,139.58,Cash
4902,2024-08-22,East Shawnstad,East,Monitor,Electronics,1,596,10,536.4,272.62,263.78,Cash
4903,2024-11-28,Wilkersonfurt,West,Camera,Accessories,5,2720,5,12920.0,8583.07,4336.93,UPI
4904,2026-01-24,Dannyton,West,Speaker,Accessories,2,4167,20,6667.2,3834.65,2832.55,UPI
4905,2024-11-21,North Sheila,West,Tablet,Accessories,1,4680,5,4446.0,3551.72,894.28,Cash
4906,2024-09-22,Riveraberg,East,Laptop,Electronics,1,2883,20,2306.4,1313.93,992.47,Net Banking
4907,2025-08-05,Millermouth,West,Keyboard,Office,2,3719,5,7066.1,4496.65,2569.45,Card
4908,2025-05-20,Valentinebury,South,Headphones,Electronics,5,1635,20,6540.0,3320.62,3219.38,Cash
4909,2025-11-10,Jonesview,South,Mouse,Electronics,1,837,5,795.15,412.65,382.5,Net Banking
4910,2025-10-17,West Elizabethtown,North,Monitor,Electronics,2,3240,20,5184.0,2640.26,2543.74,Card
4911,2026-07-25,New Matthew,North,Camera,Office,3,439,15,1119.45,665.45,454.0,Cash
4912,2023-11-21,Stoneburgh,West,Mouse,Office,4,736,0,2944.0,1879.06,1064.94,Cash
4913,2025-02-18,Emilyberg,West,Keyboard,Office,4,4742,15,16122.8,12474.34,3648.46,UPI
4914,2025-02-16,Reedland,North,Mouse,Office,2,2185,0,4370.0,2772.11,1597.89,Cash
4915,2026-06-11,West Sherrytown,North,Speaker,Electronics,5,757,5,3595.75,2382.98,1212.77,UPI
4916,2024-10-10,South Anthonyborough,West,Tablet,Accessories,1,2347,10,2112.3,1498.91,613.39,Net Banking
4917,2024-10-11,Cardenasberg,South,Mouse,Office,4,683,20,2185.6,1657.02,528.58,Net Banking
4918,2026-07-20,Morganstad,South,Phone,Accessories,1,889,15,755.65,386.67,368.98,Net Banking
4919,2025-01-18,West Dawn,West,Camera,Electronics,3,2812,0,8436.0,6576.67,1859.33,Card
4920,2024-06-22,Jacquelinefurt,East,Keyboard,Accessories,2,1784,20,2854.4,1430.79,1423.61,Net Banking
4921,2023-09-27,Josephport,South,Monitor,Electronics,5,1428,15,6069.0,3872.84,2196.16,Card
4922,2024-12-05,Loveshire,South,Printer,Accessories,1,2994,20,2395.2,1660.59,734.61,Net Banking
4923,2025-09-13,East Jeffreyshire,West,Headphones,Office,2,3055,20,4888.0,3175.51,1712.49,Card
4924,2025-07-21,Baileyfort,North,Headphones,Office,2,2880,15,4896.0,3757.8,1138.2,Cash
4925,2026-02-27,Ballardstad,West,Keyboard,Office,1,2088,20,1670.4,1087.28,583.12,Cash
4926,2024-03-22,Lake Amy,South,Camera,Electronics,4,2444,20,7820.8,4581.42,3239.38,Card
4927,2024-08-03,Port Adamview,South,Speaker,Electronics,3,3318,10,8958.6,4831.03,4127.57,Net Banking
4928,2023-08-18,Lake Carlos,South,Camera,Electronics,4,3419,5,12992.2,9571.49,3420.71,Cash
4929,2026-03-31,Harveyview,West,Headphones,Electronics,2,2022,10,3639.6,2796.98,842.62,UPI
4930,2025-04-10,Jamesfort,North,Phone,Accessories,4,3574,5,13581.2,7792.25,5788.95,Card
4931,2026-04-27,Sanchezport,East,Monitor,Electronics,1,3167,15,2691.95,1902.98,788.97,Net Banking
4932,2023-10-22,Lake Peter,West,Headphones,Electronics,2,3386,5,6433.4,4760.16,1673.24,Card
4933,2024-05-23,New Hollyland,East,Monitor,Accessories,3,3863,0,11589.0,6779.49,4809.51,UPI
4934,2024-07-14,Lauraville,South,Phone,Electronics,3,1766,10,4768.2,3630.41,1137.79,UPI
4935,2026-04-21,Gomezport,East,Mouse,Office,4,2881,10,10371.6,7953.18,2418.42,Cash
4936,2024-03-14,Briannastad,North,Printer,Office,4,2466,5,9370.8,6836.87,2533.93,Cash
4937,2024-04-02,Camachomouth,North,Monitor,Electronics,2,2559,15,4350.3,2485.29,1865.01,Card
4938,2023-10-23,Juliatown,West,Mouse,Accessories,5,1011,0,5055.0,4011.7,1043.3,Card
4939,2026-04-05,Port Vanessa,West,Headphones,Accessories,3,3273,10,8837.1,4890.54,3946.56,Net Banking
4940,2026-03-16,South Heathertown,West,Monitor,Office,2,2747,5,5219.3,3630.25,1589.05,UPI
4941,2026-01-27,Wattsfort,East,Phone,Accessories,3,2064,0,6192.0,3209.6,2982.4,Cash
4942,2024-05-08,South Markburgh,West,Speaker,Electronics,1,4433,5,4211.35,3187.95,1023.4,Card
4943,2023-08-05,New Richard,South,Mouse,Accessories,1,2882,15,2449.7,1822.16,627.54,Card
4944,2026-05-19,West Richardfort,East,Tablet,Accessories,1,310,20,248.0,130.83,117.17,Card
4945,2025-04-21,New Jeffreyfort,East,Keyboard,Office,4,4483,15,15242.2,11918.35,3323.85,UPI
4946,2025-03-11,Manuelville,West,Speaker,Accessories,1,2300,15,1955.0,985.27,969.73,UPI
4947,2024-11-09,West Sharonchester,South,Camera,Accessories,1,3193,20,2554.4,1757.42,796.98,UPI
4948,2026-03-10,Tammymouth,North,Tablet,Accessories,2,623,20,996.8,771.38,225.42,UPI
4949,2026-05-18,Williamsstad,East,Speaker,Electronics,4,735,10,2646.0,1670.5,975.5,UPI
4950,2026-07-07,Danielville,South,Phone,Accessories,1,1449,10,1304.1,652.92,651.18,UPI
4951,2025-07-29,Port Elizabeth,West,Headphones,Office,1,2183,0,2183.0,1214.13,968.87,Net Banking
4952,2024-07-09,Normanside,South,Laptop,Office,5,1958,5,9300.5,4965.03,4335.47,Net Banking
4953,2025-03-20,Leslieland,South,Monitor,Electronics,1,2264,20,1811.2,1203.36,607.84,Net Banking
4954,2025-09-20,Timmouth,West,Printer,Accessories,5,3336,15,14178.0,9717.12,4460.88,Card
4955,2024-04-19,Bentonview,East,Mouse,Electronics,1,605,0,605.0,354.39,250.61,Cash
4956,2023-09-02,Port Ernest,West,Headphones,Electronics,4,213,15,724.2,410.51,313.69,Net Banking
4957,2026-05-26,Griffinfort,East,Speaker,Office,1,2999,20,2399.2,1464.63,934.57,Cash
4958,2024-01-24,South Jeffrey,South,Camera,Office,4,2751,15,9353.4,6633.98,2719.42,Card
4959,2025-08-04,Hensonshire,West,Camera,Office,5,1981,0,9905.0,5962.85,3942.15,Net Banking
4960,2025-07-31,Port Davidfurt,West,Laptop,Accessories,5,4479,5,21275.25,13126.53,8148.72,Cash
4961,2024-01-16,Harrisburgh,East,Printer,Electronics,1,430,10,387.0,261.61,125.39,Cash
4962,2026-01-05,North Adam,South,Monitor,Accessories,1,2399,5,2279.05,1529.11,749.94,UPI
4963,2026-04-09,Martinezside,West,Speaker,Office,2,4447,10,8004.6,5845.36,2159.24,Net Banking
4964,2025-04-29,Davisberg,East,Mouse,Office,4,223,20,713.6,446.53,267.07,Net Banking
4965,2025-06-26,Leonmouth,North,Headphones,Electronics,4,240,15,816.0,487.96,328.04,UPI
4966,2024-10-15,New Brittneyport,South,Headphones,Accessories,1,4199,10,3779.1,2036.4,1742.7,Cash
4967,2024-02-22,Smithmouth,South,Mouse,Accessories,3,950,20,2280.0,1155.96,1124.04,Cash
4968,2026-07-02,Christinaside,South,Monitor,Accessories,1,4210,10,3789.0,3011.5,777.5,Cash
4969,2026-04-10,New Jacob,South,Camera,Accessories,2,2855,5,5424.5,4015.93,1408.57,Cash
4970,2025-12-01,North Amyshire,East,Monitor,Accessories,1,3763,15,3198.55,2483.18,715.37,Card
4971,2025-04-24,South Gail,East,Headphones,Accessories,4,2164,20,6924.8,5150.15,1774.65,UPI
4972,2026-04-29,Vickiemouth,East,Tablet,Accessories,2,1497,10,2694.6,2105.73,588.87,UPI
4973,2025-09-03,Vargasburgh,South,Camera,Office,1,4128,10,3715.2,2719.0,996.2,Card
4974,2024-04-16,Port Michaelshire,West,Monitor,Electronics,5,2342,20,9368.0,6610.96,2757.04,Card
4975,2025-05-20,South Blakeland,North,Headphones,Electronics,5,3355,15,14258.75,8219.29,6039.46,Card
4976,2025-09-11,Lake Karl,North,Laptop,Office,5,2880,10,12960.0,6627.93,6332.07,Cash
4977,2025-10-21,Shaneshire,South,Mouse,Electronics,1,2905,20,2324.0,1660.15,663.85,Net Banking
4978,2025-01-24,Dawnmouth,South,Printer,Accessories,5,2720,15,11560.0,8862.85,2697.15,UPI
4979,2023-10-04,Cassandrachester,East,Headphones,Office,2,4049,15,6883.3,4898.36,1984.94,Cash
4980,2024-07-04,Williammouth,West,Headphones,Electronics,4,676,10,2433.6,1312.32,1121.28,Cash
4981,2025-03-08,East Cindytown,West,Keyboard,Electronics,1,4287,10,3858.3,2092.05,1766.25,Cash
4982,2023-10-09,Lake Lisa,West,Printer,Accessories,4,724,0,2896.0,1906.04,989.96,Card
4983,2025-05-23,Port Keithtown,West,Monitor,Office,4,1279,20,4092.8,2266.87,1825.93,Card
4984,2023-12-18,New Robinberg,North,Camera,Electronics,2,4258,0,8516.0,4990.86,3525.14,Net Banking
4985,2025-08-01,Kathrynburgh,South,Laptop,Office,1,2108,5,2002.6,1593.32,409.28,Cash
4986,2026-07-05,New Joel,East,Keyboard,Accessories,3,2404,0,7212.0,4750.85,2461.15,Net Banking
4987,2025-05-15,Benjaminville,South,Phone,Electronics,1,1580,0,1580.0,1088.84,491.16,Net Banking
4988,2023-11-18,Turnerport,North,Laptop,Office,5,4526,0,22630.0,16278.85,6351.15,Card
4989,2024-10-09,Adamstown,West,Camera,Accessories,4,4077,15,13861.8,9004.64,4857.16,Card
4990,2024-05-20,Lake Anthonyshire,East,Monitor,Accessories,4,2902,15,9866.8,6050.74,3816.06,Cash
4991,2023-12-01,Port Juan,North,Speaker,Accessories,5,576,5,2736.0,1573.36,1162.64,Cash
4992,2026-05-05,Johnfurt,North,Headphones,Accessories,2,3034,0,6068.0,3230.38,2837.62,Card
4993,2024-08-15,New Kathleenborough,North,Printer,Office,5,2681,10,12064.5,6775.75,5288.75,Card
4994,2025-05-15,East Angelaborough,North,Keyboard,Accessories,2,2143,5,4071.7,2833.25,1238.45,UPI
4995,2026-02-23,New Charleschester,North,Camera,Electronics,3,4360,10,11772.0,7073.89,4698.11,Card
4996,2025-01-06,Morrisview,West,Laptop,Accessories,4,2151,0,8604.0,5417.5,3186.5,Net Banking
4997,2025-02-23,Brettmouth,North,Mouse,Accessories,3,969,10,2616.3,1804.39,811.91,Net Banking
4998,2026-07-20,Lake Bryanfurt,West,Mouse,Office,4,1387,0,5548.0,4326.13,1221.87,Card
4999,2025-10-08,Burtonstad,West,Keyboard,Electronics,3,1212,15,3090.6,2191.79,898.81,Card
5000,2025-10-29,North Samuelport,East,Camera,Electronics,5,2409,0,12045.0,7600.81,4444.19,Cash
5001,2025-09-21,Taylorchester,East,Printer,Office,2,375,5,712.5,405.18,307.32,Card
5002,2025-12-16,Sheppardton,South,Printer,Accessories,4,3885,0,15540.0,8519.69,7020.31,UPI
5003,2026-03-27,Lake Ryan,East,Phone,Accessories,5,4928,10,22176.0,16610.83,5565.17,Cash
5004,2024-08-12,Alexandraport,East,Monitor,Accessories,5,4870,0,24350.0,17647.47,6702.53,Cash
5005,2024-03-08,North Timothyfort,South,Keyboard,Office,3,3643,10,9836.1,7182.68,2653.42,UPI
5006,2024-10-12,East Joseph,South,Mouse,Electronics,1,2212,0,2212.0,1748.72,463.28,Net Banking
5007,2025-09-19,Jasonfort,West,Laptop,Electronics,4,4510,10,16236.0,9726.5,6509.5,Net Banking
5008,2026-01-10,East Janetmouth,East,Tablet,Accessories,4,2939,0,11756.0,6318.62,5437.38,UPI
5009,2024-05-14,Brownchester,East,Laptop,Office,5,1971,15,8376.75,5419.99,2956.76,Card
5010,2024-05-14,Alexandramouth,East,Phone,Accessories,5,328,0,1640.0,1212.35,427.65,Net Banking
5011,2025-02-28,Christinafurt,West,Laptop,Office,1,4157,5,3949.15,2294.28,1654.87,Card
5012,2024-07-12,Lake Dawn,East,Laptop,Office,1,3488,0,3488.0,1975.84,1512.16,Net Banking
5013,2023-11-12,Davidhaven,East,Monitor,Accessories,5,1144,0,5720.0,3521.25,2198.75,Cash
5014,2025-08-11,East Stevenstad,South,Printer,Office,2,4096,10,7372.8,4324.7,3048.1,Card
5015,2025-02-21,South Joseph,East,Phone,Accessories,2,4700,15,7990.0,5169.26,2820.74,UPI
5016,2025-01-13,Kathrynland,North,Monitor,Accessories,4,3305,20,10576.0,8256.27,2319.73,Net Banking
5017,2023-12-03,East Jessicahaven,West,Phone,Accessories,1,2763,10,2486.7,1866.9,619.8,Net Banking
5018,2026-05-13,Olsenmouth,South,Tablet,Office,5,4869,10,21910.5,17399.26,4511.24,Card
5019,2023-11-30,Davismouth,East,Speaker,Accessories,4,2155,15,7327.0,5068.58,2258.42,Cash
5020,2023-09-25,South Christophermouth,North,Keyboard,Electronics,1,3485,0,3485.0,2645.41,839.59,Cash
5021,2025-11-04,North Jessicaview,East,Phone,Office,4,1639,5,6228.2,3360.17,2868.03,Card
5022,2023-12-10,Martinezport,South,Phone,Electronics,3,3335,20,8004.0,4972.3,3031.7,Net Banking
5023,2025-10-02,Lake Derek,West,Speaker,Accessories,5,3794,10,17073.0,11394.74,5678.26,Cash
5024,2023-11-02,Port Garychester,West,Keyboard,Electronics,5,4046,20,16184.0,11751.19,4432.81,Net Banking
5025,2025-07-13,Grayborough,North,Mouse,Office,2,578,10,1040.4,570.77,469.63,Card
5026,2023-10-24,Rodriguezton,East,Speaker,Office,4,4775,5,18145.0,10054.68,8090.32,UPI
5027,2026-05-24,West Angelahaven,North,Headphones,Accessories,4,2151,5,8173.8,4663.3,3510.5,Cash
5028,2025-06-07,Yvettemouth,West,Keyboard,Electronics,4,4903,0,19612.0,10456.7,9155.3,UPI
5029,2025-11-14,Wardville,North,Printer,Accessories,5,4215,15,17913.75,10266.64,7647.11,Cash
5030,2023-08-22,Rebeccaberg,South,Headphones,Electronics,2,3281,0,6562.0,4107.93,2454.07,UPI
5031,2025-01-02,Evansland,South,Monitor,Accessories,4,1644,10,5918.4,3699.91,2218.49,Net Banking
5032,2024-09-08,East Christopherton,South,Speaker,Office,3,3307,20,7936.8,5709.92,2226.88,Cash
5033,2023-12-23,West Kellyview,North,Keyboard,Office,1,115,10,103.5,79.07,24.43,Card
5034,2024-08-04,Lake Kimberlyton,South,Mouse,Office,4,1764,0,7056.0,3989.47,3066.53,Card
5035,2023-10-27,North Kelsey,East,Headphones,Office,4,2595,15,8823.0,4959.46,3863.54,Card
5036,2025-07-30,South Stephenshire,South,Laptop,Electronics,3,3484,0,10452.0,5589.53,4862.47,UPI
5037,2025-06-26,Port Johnville,West,Headphones,Office,4,4873,10,17542.8,11432.16,6110.64,UPI
5038,2025-08-21,Melissaport,North,Phone,Electronics,5,2843,5,13504.25,10473.13,3031.12,Card
5039,2026-01-20,South Lauren,North,Keyboard,Office,5,743,15,3157.75,2037.78,1119.97,Net Banking
5040,2025-03-25,New Jesseborough,East,Camera,Electronics,4,3253,15,11060.2,6288.39,4771.81,UPI
5041,2025-07-24,Rhondafurt,East,Speaker,Office,2,1397,15,2374.9,1865.48,509.42,Cash
5042,2023-10-01,West Raymondport,West,Speaker,Electronics,3,183,5,521.55,292.23,229.32,Card
5043,2023-09-17,Cummingsside,West,Monitor,Electronics,5,2378,0,11890.0,8914.89,2975.11,Cash
5044,2026-07-12,East Thomas,East,Monitor,Electronics,2,981,5,1863.9,1018.79,845.11,Net Banking
5045,2024-07-08,New Amyhaven,East,Laptop,Office,3,3496,15,8914.8,6678.44,2236.36,Card
5046,2026-03-20,North Stephaniestad,North,Camera,Electronics,1,3124,15,2655.4,1727.07,928.33,Card
5047,2023-12-04,Port Shaneland,East,Printer,Office,4,2801,5,10643.8,6228.88,4414.92,UPI
5048,2024-03-29,Brownmouth,South,Printer,Office,5,3012,5,14307.0,10584.27,3722.73,Card
5049,2023-08-30,Millermouth,West,Camera,Accessories,1,704,10,633.6,339.76,293.84,Net Banking
5050,2024-08-08,Mccormickport,North,Tablet,Accessories,3,4805,0,14415.0,8271.72,6143.28,Net Banking
5051,2026-04-07,Benjaminville,South,Headphones,Office,4,2937,5,11160.6,7281.66,3878.94,Net Banking
5052,2024-07-27,Parkmouth,North,Headphones,Office,1,4748,10,4273.2,2978.27,1294.93,Cash
5053,2026-04-20,West Kristahaven,South,Mouse,Office,5,2258,20,9032.0,6625.95,2406.05,Cash
5054,2024-10-06,New Christopher,North,Keyboard,Office,4,4034,15,13715.6,10410.58,3305.02,Net Banking
5055,2024-10-03,Mcconnellbury,North,Speaker,Electronics,3,2884,0,8652.0,6342.64,2309.36,Cash
5056,2023-12-24,Alisonville,South,Headphones,Electronics,5,2939,15,12490.75,9036.36,3454.39,Cash
5057,2024-12-09,Port Jerry,North,Speaker,Accessories,5,1642,15,6978.5,5178.88,1799.62,UPI
5058,2025-05-30,Port Brian,North,Printer,Accessories,2,3865,0,7730.0,4827.54,2902.46,Card
5059,2024-12-23,Port Felicia,North,Camera,Electronics,4,381,20,1219.2,789.82,429.38,UPI
5060,2025-12-11,South Tony,South,Printer,Office,2,338,5,642.2,499.58,142.62,UPI
5061,2024-04-28,West Andreaberg,West,Tablet,Accessories,1,1393,0,1393.0,1013.42,379.58,Net Banking
5062,2026-03-14,Johnsonside,South,Camera,Electronics,2,3728,5,7083.2,5548.11,1535.09,Cash
5063,2025-06-26,Jonesview,West,Monitor,Accessories,3,4222,5,12032.7,9578.97,2453.73,Net Banking
5064,2026-03-13,Andrewsside,North,Monitor,Accessories,1,3868,0,3868.0,2606.23,1261.77,Cash
5065,2024-10-24,Ortizton,West,Camera,Electronics,4,2451,5,9313.8,6302.52,3011.28,Cash
5066,2025-12-18,Michaelbury,South,Phone,Accessories,3,3303,15,8422.65,4719.78,3702.87,Cash
5067,2025-02-27,West Ann,East,Mouse,Accessories,5,146,20,584.0,457.79,126.21,Net Banking
5068,2025-12-31,Meltonbury,West,Printer,Electronics,2,510,10,918.0,601.52,316.48,UPI
5069,2025-11-22,Davidland,South,Speaker,Electronics,2,2807,5,5333.3,4236.27,1097.03,Net Banking
5070,2024-07-15,Nicoleview,West,Printer,Electronics,4,1146,10,4125.6,2399.6,1726.0,UPI
5071,2025-09-05,Meyerport,North,Phone,Accessories,5,2785,20,11140.0,5742.94,5397.06,Net Banking
5072,2023-11-11,Ericmouth,North,Laptop,Electronics,1,2684,20,2147.2,1580.85,566.35,UPI
5073,2024-03-06,South Lauren,East,Mouse,Accessories,5,555,0,2775.0,1762.74,1012.26,Net Banking
5074,2024-09-16,North George,West,Speaker,Electronics,2,2631,15,4472.7,2616.16,1856.54,UPI
5075,2024-03-22,Beckybury,East,Speaker,Accessories,5,2363,0,11815.0,6654.21,5160.79,Net Banking
5076,2026-02-20,South Jenniferside,South,Laptop,Accessories,1,4389,5,4169.55,2264.21,1905.34,Cash
5077,2024-07-17,West Anthony,South,Monitor,Office,2,4536,10,8164.8,5686.16,2478.64,UPI
5078,2025-05-31,Avilafurt,South,Monitor,Office,1,809,20,647.2,451.01,196.19,Cash
5079,2025-10-17,Melissatown,East,Phone,Electronics,1,4833,10,4349.7,2391.53,1958.17,Cash
5080,2024-08-20,Edwinmouth,North,Keyboard,Electronics,5,3773,20,15092.0,10375.1,4716.9,Card
5081,2026-06-25,North Lucas,West,Tablet,Accessories,5,4542,15,19303.5,13586.08,5717.42,UPI
5082,2025-05-19,Hamiltonland,East,Phone,Electronics,4,1454,20,4652.8,3132.13,1520.67,Cash
5083,2026-01-18,New Chelsea,West,Printer,Electronics,1,1840,20,1472.0,1006.21,465.79,Net Banking
5084,2024-03-01,Nolanmouth,North,Printer,Electronics,3,2477,5,7059.45,3574.93,3484.52,Net Banking
5085,2024-02-28,South Ashley,West,Laptop,Electronics,2,1419,20,2270.4,1587.81,682.59,Net Banking
5086,2023-08-04,Jonesmouth,North,Camera,Electronics,4,2085,20,6672.0,3669.96,3002.04,Cash
5087,2024-05-27,Matthewhaven,North,Keyboard,Electronics,3,4681,0,14043.0,9342.52,4700.48,UPI
5088,2024-04-04,Port Amy,East,Camera,Accessories,1,3949,20,3159.2,1972.88,1186.32,Net Banking
5089,2023-12-26,Masonview,South,Laptop,Electronics,4,4141,0,16564.0,11228.32,5335.68,UPI
5090,2025-02-10,Lake Teresaton,West,Mouse,Electronics,2,4447,15,7559.9,4504.77,3055.13,Cash
5091,2025-01-30,East Claire,North,Keyboard,Accessories,5,1621,5,7699.75,5419.64,2280.11,UPI
5092,2023-08-14,Brownview,North,Speaker,Office,4,3687,15,12535.8,8260.58,4275.22,Card
5093,2023-09-06,Millerchester,South,Tablet,Accessories,3,4991,15,12727.05,8892.61,3834.44,Cash
5094,2026-02-07,Mcgeemouth,East,Speaker,Accessories,4,625,5,2375.0,1845.44,529.56,Net Banking
5095,2023-10-13,Riveramouth,East,Monitor,Electronics,3,3077,0,9231.0,6538.46,2692.54,Net Banking
5096,2024-08-23,South Holly,East,Mouse,Office,3,1555,10,4198.5,2657.74,1540.76,Card
5097,2025-11-02,New Valerie,North,Phone,Office,3,1242,15,3167.1,2205.6,961.5,Cash
5098,2023-12-07,Cristinashire,West,Camera,Electronics,1,943,0,943.0,560.52,382.48,Card
5099,2024-01-18,Kathrynport,West,Mouse,Office,5,2920,0,14600.0,8700.58,5899.42,Net Banking
5100,2025-08-25,Port Scott,West,Printer,Electronics,4,403,10,1450.8,751.64,699.16,Card
5101,2025-04-15,Kellyton,South,Mouse,Accessories,5,1816,0,9080.0,6881.23,2198.77,Cash
5102,2025-07-09,North Edwinland,West,Laptop,Electronics,1,1553,15,1320.05,786.76,533.29,Cash
5103,2024-06-26,Lake Amyberg,South,Printer,Office,3,3186,5,9080.1,6414.59,2665.51,Card
5104,2025-04-02,Copelandchester,East,Headphones,Accessories,2,2562,20,4099.2,3244.4,854.8,Cash
5105,2026-06-06,Marshallside,East,Camera,Office,4,539,10,1940.4,1015.1,925.3,Card
5106,2023-08-18,Wrighttown,South,Headphones,Accessories,4,1675,20,5360.0,3554.62,1805.38,Card
5107,2024-08-01,Ericview,West,Headphones,Office,4,826,15,2808.4,1496.96,1311.44,Net Banking
5108,2026-03-23,Moorestad,South,Keyboard,Office,5,3890,10,17505.0,11280.58,6224.42,Net Banking
5109,2023-10-25,Juarezshire,East,Camera,Office,1,1813,20,1450.4,875.12,575.28,Net Banking
5110,2025-04-11,Adamsshire,South,Phone,Office,2,3485,20,5576.0,2948.56,2627.44,Card
5111,2025-07-09,Alyssamouth,South,Keyboard,Electronics,2,4785,10,8613.0,4539.77,4073.23,UPI
5112,2025-08-19,Lake Jamesmouth,East,Phone,Office,4,1619,10,5828.4,3334.99,2493.41,Cash
5113,2026-03-14,West Donaldbury,South,Monitor,Office,3,2899,10,7827.3,4566.93,3260.37,Card
5114,2026-02-14,Watsonfort,South,Monitor,Accessories,1,2240,0,2240.0,1154.38,1085.62,Card
5115,2025-05-09,Tammyhaven,West,Camera,Electronics,1,1763,5,1674.85,1091.21,583.64,Cash
5116,2025-10-17,North Timothy,West,Monitor,Accessories,3,174,10,469.8,373.56,96.24,UPI
5117,2024-04-01,East Joseph,South,Phone,Electronics,4,4226,20,13523.2,9657.43,3865.77,Card
5118,2023-11-04,Port Williambury,West,Printer,Accessories,3,588,20,1411.2,882.49,528.71,Net Banking
5119,2024-05-11,Marybury,North,Printer,Office,3,1822,10,4919.4,3106.48,1812.92,Card
5120,2025-04-21,Moralesstad,East,Printer,Accessories,2,266,20,425.6,234.51,191.09,Card
5121,2023-10-15,Moorefurt,South,Tablet,Electronics,5,4998,10,22491.0,13911.09,8579.91,UPI
5122,2025-12-02,Carmenville,East,Tablet,Electronics,4,1757,5,6676.6,3371.24,3305.36,UPI
5123,2025-03-02,North Debrastad,South,Printer,Electronics,4,1391,15,4729.4,3737.33,992.07,Card
5124,2025-06-21,Cherylhaven,East,Camera,Accessories,2,3419,10,6154.2,4200.85,1953.35,UPI
5125,2025-03-29,Tarabury,South,Laptop,Electronics,1,3648,5,3465.6,1997.01,1468.59,UPI
5126,2025-08-08,Port David,West,Tablet,Electronics,1,902,15,766.7,478.13,288.57,Card
5127,2026-02-12,Carriefort,East,Phone,Accessories,5,2345,10,10552.5,7926.25,2626.25,UPI
5128,2024-05-07,Ryanbury,West,Headphones,Electronics,5,2813,15,11955.25,8184.52,3770.73,Cash
5129,2024-09-02,Adamhaven,West,Phone,Electronics,1,952,0,952.0,622.07,329.93,Net Banking
5130,2025-06-28,South Alyssastad,West,Laptop,Accessories,4,458,0,1832.0,1016.39,815.61,Net Banking
5131,2025-10-18,South Michele,East,Keyboard,Office,5,244,0,1220.0,771.84,448.16,UPI
5132,2025-02-14,Joshuaburgh,North,Tablet,Accessories,4,1198,10,4312.8,2515.38,1797.42,Net Banking
5133,2025-02-01,Cobbmouth,West,Keyboard,Electronics,5,4559,10,20515.5,12223.85,8291.65,UPI
5134,2025-03-21,Davisshire,East,Headphones,Electronics,4,2960,0,11840.0,9027.47,2812.53,Card
5135,2024-05-24,Lake Jaimeshire,North,Camera,Electronics,3,2279,10,6153.3,4640.46,1512.84,UPI
5136,2025-01-06,Cathyborough,East,Laptop,Electronics,1,3901,5,3705.95,2538.44,1167.51,Card
5137,2023-11-02,Smithtown,West,Camera,Electronics,1,2934,0,2934.0,2206.84,727.16,Cash
5138,2024-07-09,Jamesville,South,Phone,Accessories,5,2883,5,13694.25,10668.2,3026.05,UPI
5139,2026-05-31,North Scott,East,Mouse,Office,3,3828,20,9187.2,6689.26,2497.94,UPI
5140,2024-05-15,North Jakemouth,East,Speaker,Electronics,2,4711,20,7537.6,5340.39,2197.21,Card
5141,2025-10-08,Rodriguezport,North,Monitor,Office,1,1573,20,1258.4,990.94,267.46,Card
5142,2024-06-12,Monicafurt,East,Headphones,Electronics,1,4269,20,3415.2,2588.24,826.96,Net Banking
5143,2025-03-20,East Brittanyville,South,Tablet,Office,4,4585,0,18340.0,9831.33,8508.67,Net Banking
5144,2024-08-02,West Manuel,North,Camera,Office,2,2837,0,5674.0,4285.64,1388.36,Card
5145,2024-05-04,Beckmouth,East,Keyboard,Electronics,2,2381,20,3809.6,1977.21,1832.39,Card
5146,2023-08-02,Lisamouth,South,Camera,Accessories,2,3093,0,6186.0,4469.76,1716.24,Net Banking
5147,2023-08-28,South Cassandrafurt,East,Mouse,Electronics,2,2063,20,3300.8,1878.51,1422.29,Card
5148,2025-05-27,Andersonfort,East,Headphones,Office,4,3319,10,11948.4,6895.03,5053.37,Cash
5149,2026-03-18,North Jonathan,North,Printer,Accessories,5,256,5,1216.0,689.99,526.01,Cash
5150,2024-10-12,New Debraburgh,South,Headphones,Office,1,2455,20,1964.0,1224.43,739.57,UPI
5151,2024-02-25,West Omarmouth,North,Mouse,Office,5,2715,0,13575.0,8142.42,5432.58,Net Banking
5152,2026-07-02,New Kerryton,East,Phone,Office,1,2840,20,2272.0,1154.9,1117.1,Card
5153,2024-09-12,Ballton,North,Speaker,Electronics,2,3922,15,6667.4,3674.53,2992.87,Net Banking
5154,2023-09-26,New Roy,South,Speaker,Electronics,3,2466,10,6658.2,4268.95,2389.25,UPI
5155,2026-03-03,Port Stephenstad,North,Laptop,Electronics,4,1122,15,3814.8,2982.78,832.02,Cash
5156,2026-02-27,Port Thomas,East,Printer,Accessories,3,3331,20,7994.4,5627.1,2367.3,Cash
5157,2026-05-10,Carlyborough,East,Speaker,Accessories,4,1804,15,6133.6,3607.36,2526.24,Net Banking
5158,2024-01-21,New Douglasport,West,Tablet,Office,4,140,15,476.0,257.29,218.71,UPI
5159,2025-12-03,Kellyfurt,North,Printer,Electronics,3,3949,10,10662.3,5662.33,4999.97,UPI
5160,2023-11-08,Anthonybury,South,Monitor,Electronics,2,3674,20,5878.4,3987.1,1891.3,Cash
5161,2024-12-09,West Amberstad,East,Phone,Accessories,1,2607,5,2476.65,1669.9,806.75,UPI
5162,2025-11-29,Janettown,East,Camera,Accessories,2,3343,20,5348.8,3916.64,1432.16,Cash
5163,2026-02-26,Knoxbury,North,Keyboard,Office,2,3627,15,6165.9,4120.0,2045.9,UPI
5164,2024-12-30,Conniebury,North,Camera,Accessories,4,1708,15,5807.2,3722.21,2084.99,Card
5165,2025-01-31,Port Stephenstad,South,Camera,Accessories,3,4634,0,13902.0,7987.37,5914.63,Cash
5166,2023-08-29,West Dylanland,South,Laptop,Electronics,2,4320,5,8208.0,5965.24,2242.76,Cash
5167,2024-08-20,Lake Debra,West,Laptop,Office,2,3103,5,5895.7,4257.57,1638.13,Cash
5168,2025-09-17,Bradleyborough,West,Keyboard,Accessories,2,1581,20,2529.6,1876.3,653.3,UPI
5169,2025-02-08,Crystalburgh,West,Mouse,Accessories,1,788,10,709.2,486.38,222.82,Cash
5170,2024-11-06,Joshuaside,West,Camera,Electronics,3,4109,5,11710.65,8216.06,3494.59,Cash
5171,2023-08-12,Garyfort,West,Printer,Electronics,5,426,20,1704.0,1354.47,349.53,Cash
5172,2024-02-21,Lake Thomas,West,Keyboard,Office,3,3289,10,8880.3,5971.91,2908.39,Net Banking
5173,2026-04-20,Port Penny,East,Laptop,Accessories,1,356,5,338.2,247.56,90.64,Net Banking
5174,2024-06-19,Lake Christopherland,North,Laptop,Office,2,3388,20,5420.8,4180.42,1240.38,UPI
5175,2025-01-06,New Morgan,East,Tablet,Office,3,997,15,2542.35,2008.23,534.12,Cash
5176,2025-05-13,Solishaven,South,Phone,Office,2,359,15,610.3,461.78,148.52,Net Banking
5177,2025-03-09,Sandraberg,North,Tablet,Accessories,4,659,15,2240.6,1760.81,479.79,Net Banking
5178,2026-02-07,North Michael,North,Phone,Electronics,2,1997,15,3394.9,1949.26,1445.64,Cash
5179,2025-05-10,Oscarfort,West,Camera,Electronics,5,2818,15,11976.5,9569.45,2407.05,Card
5180,2025-12-22,East Nicholeshire,North,Printer,Electronics,4,2784,15,9465.6,6704.22,2761.38,UPI
5181,2024-01-04,Luisshire,East,Headphones,Accessories,2,4118,20,6588.8,4527.41,2061.39,UPI
5182,2026-05-13,Michaelstad,East,Phone,Office,5,3412,0,17060.0,11796.18,5263.82,Cash
5183,2025-02-13,Lake Hailey,South,Laptop,Office,5,2842,10,12789.0,7136.14,5652.86,Cash
5184,2025-04-12,New Bradley,East,Monitor,Office,2,3833,15,6516.1,3655.28,2860.82,Net Banking
5185,2026-02-11,Leeshire,West,Speaker,Accessories,4,278,15,945.2,705.57,239.63,Cash
5186,2024-03-07,Wallston,North,Laptop,Electronics,5,882,10,3969.0,2877.21,1091.79,Cash
5187,2025-04-10,Ramireztown,South,Keyboard,Electronics,1,3741,10,3366.9,2097.88,1269.02,UPI
5188,2026-02-05,Port Marcia,West,Headphones,Office,4,2658,0,10632.0,6733.88,3898.12,Net Banking
5189,2023-12-12,Karlachester,East,Mouse,Electronics,5,1421,5,6749.75,4859.1,1890.65,Net Banking
5190,2023-12-24,Dunnburgh,West,Speaker,Office,2,2290,10,4122.0,3291.28,830.72,Card
5191,2026-06-14,Cynthiashire,South,Tablet,Accessories,3,1041,20,2498.4,1609.3,889.1,Cash
5192,2025-03-21,New Lindafort,West,Printer,Office,3,3748,10,10119.6,6604.24,3515.36,Card
5193,2024-04-11,Matthewtown,East,Keyboard,Office,4,648,0,2592.0,1948.8,643.2,Card
5194,2023-12-23,Anthonyberg,West,Camera,Electronics,3,4934,0,14802.0,10936.14,3865.86,Cash
5195,2024-04-01,Deborahville,North,Camera,Accessories,2,3387,0,6774.0,4947.43,1826.57,Card
5196,2023-12-21,Carolport,South,Monitor,Accessories,1,2206,0,2206.0,1740.32,465.68,UPI
5197,2025-06-03,Rollinsmouth,North,Tablet,Office,1,2504,0,2504.0,1402.97,1101.03,Net Banking
5198,2024-04-19,Jorgeview,North,Camera,Electronics,4,3908,10,14068.8,7657.62,6411.18,Card
5199,2025-05-31,Lake Justinchester,West,Keyboard,Office,4,4815,15,16371.0,8689.33,7681.67,Cash
5200,2024-02-06,East Kevin,West,Headphones,Office,1,3462,10,3115.8,1724.7,1391.1,UPI
5201,2024-03-25,West Samanthamouth,North,Camera,Office,3,1825,20,4380.0,2909.75,1470.25,Net Banking
5202,2025-06-10,East William,South,Camera,Electronics,4,3357,5,12756.6,9948.58,2808.02,Card
5203,2026-06-13,Washingtonborough,West,Keyboard,Office,3,2655,5,7566.75,5941.61,1625.14,UPI
5204,2025-02-06,Thompsonville,East,Camera,Electronics,3,4280,10,11556.0,9229.59,2326.41,Cash
5205,2026-01-02,New Bianca,West,Printer,Electronics,4,543,10,1954.8,1202.56,752.24,UPI
5206,2024-12-04,Rileyshire,North,Monitor,Office,2,3670,20,5872.0,2973.77,2898.23,Cash
5207,2025-08-07,Youngchester,South,Mouse,Electronics,1,1613,15,1371.05,1059.94,311.11,Net Banking
5208,2024-07-29,New Michellemouth,North,Tablet,Accessories,2,866,5,1645.4,899.08,746.32,Net Banking
5209,2024-07-10,New Robertport,North,Monitor,Electronics,4,3425,10,12330.0,7224.72,5105.28,Card
5210,2024-05-29,Orozcoville,West,Speaker,Accessories,3,1384,0,4152.0,2937.46,1214.54,Card
5211,2026-03-03,Port Alexanderville,West,Phone,Accessories,3,1932,5,5506.2,4314.19,1192.01,UPI
5212,2025-09-02,Jamieburgh,North,Monitor,Accessories,3,4638,0,13914.0,7957.81,5956.19,Card
5213,2023-09-04,South April,West,Printer,Office,2,1048,5,1991.2,1221.5,769.7,Net Banking
5214,2024-03-31,Franklinfort,South,Tablet,Electronics,3,3023,10,8162.1,6118.7,2043.4,Cash
5215,2025-06-20,Cummingsfort,East,Monitor,Accessories,1,347,15,294.95,148.46,146.49,UPI
5216,2024-04-27,Port Jacqueline,North,Printer,Accessories,3,1381,20,3314.4,2598.09,716.31,Net Banking
5217,2024-07-12,Coxport,South,Monitor,Office,3,2469,0,7407.0,3985.06,3421.94,Net Banking
5218,2025-01-04,North Emily,South,Tablet,Electronics,2,2704,20,4326.4,2678.66,1647.74,Cash
5219,2024-07-08,Josephshire,South,Monitor,Office,4,304,0,1216.0,747.67,468.33,Cash
5220,2025-04-01,Tammyberg,West,Monitor,Electronics,1,3099,0,3099.0,1998.14,1100.86,Card
5221,2023-08-16,Port Traceychester,South,Phone,Electronics,4,4367,10,15721.2,10633.64,5087.56,Net Banking
5222,2025-06-09,Johnsonstad,East,Printer,Office,2,2288,10,4118.4,3056.55,1061.85,UPI
5223,2025-05-03,West Lauren,North,Keyboard,Accessories,1,4134,15,3513.9,2481.92,1031.98,Net Banking
5224,2026-05-09,Mcleanshire,North,Monitor,Electronics,1,3349,10,3014.1,2124.86,889.24,Net Banking
5225,2024-11-29,North Richardberg,South,Mouse,Accessories,3,2133,5,6079.05,4521.13,1557.92,UPI
5226,2024-05-22,East Mary,North,Headphones,Office,5,876,0,4380.0,2330.88,2049.12,Net Banking
5227,2026-01-19,Joshuamouth,East,Keyboard,Accessories,1,4674,20,3739.2,2175.25,1563.95,Cash
5228,2026-02-08,Jeremiahport,North,Camera,Office,5,1078,5,5120.5,3933.94,1186.56,Card
5229,2023-12-03,Shannonfurt,East,Printer,Office,1,216,20,172.8,130.55,42.25,UPI
5230,2025-06-06,Khanview,East,Laptop,Electronics,3,4260,0,12780.0,8485.3,4294.7,Card
5231,2024-10-09,Gardnermouth,North,Laptop,Accessories,3,306,10,826.2,659.47,166.73,Net Banking
5232,2026-03-10,New Ronald,West,Speaker,Office,2,2895,20,4632.0,3317.43,1314.57,UPI
5233,2025-08-16,Aaronfurt,North,Tablet,Office,2,965,5,1833.5,1466.61,366.89,Net Banking
5234,2025-01-13,Raymondland,South,Phone,Electronics,5,2585,15,10986.25,5565.77,5420.48,Cash
5235,2026-04-26,East Ann,South,Printer,Electronics,4,3770,15,12818.0,9392.18,3425.82,Card
5236,2023-10-27,Samuelland,West,Headphones,Electronics,3,4736,20,11366.4,8629.2,2737.2,Net Banking
5237,2025-10-22,Williamsborough,East,Speaker,Office,3,4271,20,10250.4,7534.31,2716.09,Cash
5238,2025-09-06,Lake Megan,South,Laptop,Electronics,5,713,5,3386.75,2088.4,1298.35,Card
5239,2026-07-29,Wilsonshire,East,Camera,Office,1,2227,15,1892.95,1156.28,736.67,UPI
5240,2025-08-27,North Benjamin,North,Keyboard,Electronics,4,3300,10,11880.0,7689.81,4190.19,Cash
5241,2024-09-16,Lake Abigail,West,Mouse,Office,5,2929,0,14645.0,8654.64,5990.36,UPI
5242,2024-02-18,Amberport,West,Headphones,Office,4,2317,10,8341.2,4269.35,4071.85,Cash
5243,2023-08-11,Petersonville,North,Camera,Electronics,2,1166,5,2215.4,1670.65,544.75,Cash
5244,2025-07-05,Lake Danielland,South,Tablet,Electronics,5,4107,15,17454.75,10060.95,7393.8,Card
5245,2024-04-04,Daisybury,East,Printer,Accessories,5,3082,10,13869.0,8973.27,4895.73,UPI
5246,2023-10-12,New Sheilamouth,South,Speaker,Electronics,5,209,10,940.5,711.56,228.94,Cash
5247,2024-12-24,Meganfurt,East,Headphones,Office,1,4344,5,4126.8,2520.23,1606.57,Net Banking
5248,2023-11-27,Nunezton,North,Speaker,Electronics,5,4445,10,20002.5,13389.26,6613.24,UPI
5249,2024-07-19,East Shaunstad,South,Headphones,Accessories,4,3238,10,11656.8,7160.39,4496.41,Net Banking
5250,2026-05-08,West Donna,South,Keyboard,Accessories,2,3855,15,6553.5,4630.06,1923.44,Card
5251,2026-05-23,Millsland,East,Phone,Office,1,1525,15,1296.25,780.52,515.73,Card
5252,2024-04-05,Lake Seanberg,West,Printer,Office,5,2921,10,13144.5,9075.41,4069.09,UPI
5253,2025-03-25,East Michaelshire,West,Camera,Electronics,2,1199,20,1918.4,969.41,948.99,UPI
5254,2025-09-23,Bridgesshire,North,Headphones,Office,4,1164,20,3724.8,2193.39,1531.41,Net Banking
5255,2024-01-02,Shafferland,East,Keyboard,Accessories,5,2445,10,11002.5,7002.53,3999.97,UPI
5256,2026-07-26,South Lori,South,Headphones,Electronics,3,2121,20,5090.4,2657.02,2433.38,UPI
5257,2024-07-25,New Katherine,North,Tablet,Accessories,5,3632,15,15436.0,12192.89,3243.11,Net Banking
5258,2025-03-19,Daleside,South,Laptop,Office,3,3955,15,10085.25,6996.84,3088.41,UPI
5259,2025-12-03,Rhondaport,South,Printer,Accessories,1,603,10,542.7,271.6,271.1,Card
5260,2023-09-23,Juanmouth,North,Printer,Accessories,4,4669,5,17742.2,10969.72,6772.48,Net Banking
5261,2025-10-02,South Debraton,East,Headphones,Electronics,4,2932,5,11141.6,6200.49,4941.11,Cash
5262,2024-07-01,Dawnmouth,South,Headphones,Accessories,2,4945,5,9395.5,7350.6,2044.9,Card
5263,2024-12-15,South Christopherfurt,South,Camera,Accessories,3,4134,15,10541.7,6697.18,3844.52,Cash
5264,2026-02-22,Thomasstad,North,Printer,Office,3,3752,10,10130.4,5210.78,4919.62,Cash
5265,2025-03-11,Lake Kevinland,East,Printer,Accessories,2,863,0,1726.0,1347.5,378.5,Net Banking
5266,2024-10-23,Lake Lucasshire,South,Speaker,Accessories,1,1961,15,1666.85,928.24,738.61,Net Banking
5267,2025-06-18,Jenniferland,North,Mouse,Accessories,5,4241,10,19084.5,10551.89,8532.61,Cash
5268,2026-04-13,Danielberg,East,Camera,Accessories,5,4691,5,22282.25,13604.47,8677.78,UPI
5269,2024-11-14,Lake Megan,South,Printer,Accessories,4,4820,5,18316.0,12908.03,5407.97,Card
5270,2024-11-07,East Eric,East,Mouse,Accessories,2,547,5,1039.3,828.57,210.73,UPI
5271,2023-08-09,East Sharonmouth,West,Camera,Office,4,3984,20,12748.8,10008.78,2740.02,Net Banking
5272,2025-08-02,Lake Matthewmouth,West,Keyboard,Office,5,659,20,2636.0,2103.79,532.21,Net Banking
5273,2026-03-03,South Sarahtown,East,Monitor,Office,1,1941,20,1552.8,928.06,624.74,Card
5274,2024-12-01,Butlerchester,West,Headphones,Electronics,1,1040,20,832.0,499.69,332.31,Cash
5275,2023-11-22,Joseton,South,Camera,Accessories,1,815,20,652.0,380.92,271.08,Net Banking
5276,2023-09-17,Patrickborough,West,Monitor,Accessories,2,3385,5,6431.5,4190.47,2241.03,Net Banking
5277,2024-12-01,Clarkchester,South,Headphones,Electronics,4,4771,0,19084.0,13595.44,5488.56,UPI
5278,2025-07-10,Schmidtburgh,North,Mouse,Electronics,5,1110,0,5550.0,4088.68,1461.32,Net Banking
5279,2023-11-04,Hebertburgh,East,Phone,Accessories,4,4983,0,19932.0,12328.61,7603.39,Net Banking
5280,2023-11-22,Rodriguezburgh,North,Speaker,Office,3,4901,10,13232.7,7043.82,6188.88,Net Banking
5281,2025-10-28,Lake Barry,North,Laptop,Office,4,904,0,3616.0,2528.09,1087.91,Cash
5282,2024-03-21,Kevinberg,East,Headphones,Office,3,4317,15,11008.35,8477.13,2531.22,Card
5283,2025-02-02,East Christophermouth,West,Monitor,Office,4,2500,20,8000.0,6300.65,1699.35,Card
5284,2023-11-16,Leefurt,North,Monitor,Electronics,5,2536,20,10144.0,5675.69,4468.31,Net Banking
5285,2025-10-27,Lake Carlyberg,East,Phone,Electronics,1,4903,15,4167.55,2277.93,1889.62,Card
5286,2023-12-22,Michaelmouth,West,Camera,Accessories,3,1784,5,5084.4,3041.81,2042.59,Net Banking
5287,2023-08-14,East Scott,South,Tablet,Accessories,4,4177,15,14201.8,8007.01,6194.79,Net Banking
5288,2024-01-29,Port Alexanderstad,North,Mouse,Office,3,493,5,1405.05,983.09,421.96,Net Banking
5289,2025-10-20,Hernandezbury,West,Phone,Office,5,854,10,3843.0,1922.66,1920.34,Card
5290,2024-06-09,Melissaside,North,Camera,Accessories,5,344,15,1462.0,768.43,693.57,Net Banking
5291,2026-06-12,Bryantmouth,East,Camera,Electronics,4,3477,20,11126.4,8109.85,3016.55,UPI
5292,2024-02-12,New Stephen,South,Monitor,Accessories,4,1080,5,4104.0,2408.84,1695.16,Net Banking
5293,2024-08-10,South Laura,East,Keyboard,Accessories,5,2106,0,10530.0,5953.74,4576.26,Cash
5294,2025-09-06,East Davidborough,West,Camera,Electronics,2,3068,10,5522.4,3642.61,1879.79,Cash
5295,2025-09-05,South Sarahtown,North,Camera,Electronics,1,3987,20,3189.6,2321.33,868.27,Card
5296,2024-09-03,Hoodmouth,East,Tablet,Office,5,2537,15,10782.25,8111.93,2670.32,UPI
5297,2026-05-02,Christopherchester,South,Tablet,Office,2,3203,0,6406.0,3703.26,2702.74,Card
5298,2023-08-28,Nicholsfort,West,Monitor,Accessories,1,4794,15,4074.9,2252.67,1822.23,Cash
5299,2025-04-23,Leslieton,North,Speaker,Accessories,3,1926,20,4622.4,3514.16,1108.24,UPI
5300,2025-02-13,Port Randyborough,West,Keyboard,Electronics,5,2859,15,12150.75,9314.79,2835.96,UPI
5301,2024-05-22,Johnborough,North,Laptop,Accessories,4,1745,15,5933.0,3224.75,2708.25,UPI
5302,2026-04-09,Jacksonfurt,West,Laptop,Accessories,4,2221,0,8884.0,5628.9,3255.1,UPI
5303,2024-06-13,Kleinport,South,Camera,Office,1,1775,10,1597.5,1165.45,432.05,Card
5304,2025-01-12,New Scott,West,Headphones,Office,5,3504,10,15768.0,12288.05,3479.95,Cash
5305,2025-06-08,Lindaville,West,Laptop,Accessories,5,4557,15,19367.25,12243.98,7123.27,Cash
5306,2026-06-19,North Charles,North,Camera,Electronics,3,4333,20,10399.2,7023.94,3375.26,Card
5307,2024-05-18,Randyland,North,Monitor,Accessories,5,3247,20,12988.0,9477.0,3511.0,Card
5308,2026-05-19,Thomasborough,South,Keyboard,Office,4,177,0,708.0,493.52,214.48,UPI
5309,2024-04-29,South Christopher,South,Camera,Accessories,2,1154,15,1961.8,1280.65,681.15,Net Banking
5310,2024-07-12,Darlenestad,East,Phone,Accessories,1,1382,0,1382.0,794.53,587.47,Net Banking
5311,2023-11-15,Michaelfort,North,Printer,Accessories,4,784,5,2979.2,2152.64,826.56,Card
5312,2023-08-11,Lake Prestonshire,West,Phone,Accessories,3,617,20,1480.8,897.3,583.5,Net Banking
5313,2025-02-09,Samanthamouth,South,Keyboard,Office,3,2852,20,6844.8,4654.53,2190.27,Cash
5314,2026-05-18,Josephburgh,West,Laptop,Accessories,3,1162,20,2788.8,1664.77,1124.03,Card
5315,2025-08-12,North Tony,South,Speaker,Electronics,1,1339,5,1272.05,844.74,427.31,Card
5316,2023-11-23,Lake Cheryl,West,Phone,Accessories,3,1277,20,3064.8,2317.47,747.33,Card
5317,2023-12-09,Lake Frederick,South,Tablet,Office,3,3458,10,9336.6,6025.16,3311.44,Cash
5318,2023-10-17,Jessicaville,East,Monitor,Electronics,4,2279,15,7748.6,4518.16,3230.44,Net Banking
5319,2025-11-26,East Jonathanview,North,Phone,Office,2,4359,5,8282.1,4396.24,3885.86,Cash
5320,2026-04-17,South Amberland,West,Monitor,Accessories,1,4411,20,3528.8,1816.4,1712.4,Cash
5321,2026-05-19,Brownbury,North,Monitor,Office,3,309,10,834.3,553.04,281.26,UPI
5322,2025-11-15,Jacksonland,West,Camera,Office,1,112,20,89.6,69.11,20.49,Net Banking
5323,2023-12-01,Loriberg,South,Camera,Office,3,2177,15,5551.35,3500.53,2050.82,Net Banking
5324,2025-04-24,Taylorville,East,Tablet,Accessories,4,1688,15,5739.2,4222.57,1516.63,Card
5325,2025-04-22,Wellsland,West,Mouse,Office,2,2016,10,3628.8,2704.08,924.72,Net Banking
5326,2024-01-21,North David,South,Headphones,Office,2,1727,15,2935.9,1976.29,959.61,Net Banking
5327,2025-03-11,New Nicholas,North,Monitor,Electronics,2,4212,0,8424.0,5769.09,2654.91,Card
5328,2025-04-04,Jenkinsshire,West,Keyboard,Accessories,2,4072,10,7329.6,4119.39,3210.21,Cash
5329,2024-09-20,East Thomas,East,Laptop,Accessories,1,2747,5,2609.65,1395.1,1214.55,UPI
5330,2026-07-20,New Jonathanfort,North,Speaker,Accessories,3,3976,5,11331.6,8220.68,3110.92,Net Banking
5331,2024-05-26,Diazmouth,West,Camera,Electronics,2,4975,0,9950.0,5780.0,4170.0,Net Banking
5332,2026-01-16,Kirkburgh,East,Speaker,Electronics,4,231,20,739.2,487.72,251.48,UPI
5333,2024-06-27,North Mark,South,Tablet,Accessories,4,2541,15,8639.4,6851.87,1787.53,Cash
5334,2025-04-01,Lake Davidtown,West,Mouse,Office,2,3714,20,5942.4,3910.97,2031.43,Cash
5335,2026-07-01,West Rebecca,East,Mouse,Accessories,3,3808,0,11424.0,6550.77,4873.23,Net Banking
5336,2024-01-26,Lake Michaelberg,East,Headphones,Accessories,1,3664,5,3480.8,2622.0,858.8,Net Banking
5337,2025-04-10,Lake Samanthafort,South,Camera,Office,3,4011,15,10228.05,6597.21,3630.84,Card
5338,2025-01-03,Port Kennethberg,West,Camera,Accessories,1,1260,5,1197.0,780.78,416.22,Net Banking
5339,2026-03-11,South Amandaview,West,Monitor,Accessories,1,766,20,612.8,445.37,167.43,Net Banking
5340,2025-06-28,Lake Kayla,South,Speaker,Electronics,5,4506,5,21403.5,11516.15,9887.35,UPI
5341,2024-11-22,South Nancy,East,Monitor,Office,1,2751,20,2200.8,1108.52,1092.28,UPI
5342,2025-06-17,New Allison,East,Mouse,Electronics,4,1985,15,6749.0,4026.62,2722.38,Cash
5343,2026-04-11,Benitezmouth,East,Headphones,Accessories,5,650,20,2600.0,1474.81,1125.19,Net Banking
5344,2024-01-23,East Sherriberg,South,Speaker,Electronics,2,3944,0,7888.0,6264.67,1623.33,Card
5345,2023-09-10,South Bryan,East,Keyboard,Office,1,3429,10,3086.1,1762.24,1323.86,Cash
5346,2024-04-18,North Brian,North,Speaker,Accessories,5,3969,10,17860.5,13927.81,3932.69,Card
5347,2024-06-06,South Chloeland,North,Printer,Accessories,5,1622,0,8110.0,5501.2,2608.8,Net Banking
5348,2025-06-20,Yvonneshire,South,Camera,Electronics,3,3955,20,9492.0,6601.61,2890.39,Net Banking
5349,2025-03-15,Port Ryan,West,Camera,Electronics,4,2127,0,8508.0,5754.78,2753.22,Card
5350,2024-10-01,Allisonchester,West,Speaker,Accessories,4,3252,15,11056.8,5618.71,5438.09,Cash
5351,2024-07-09,Carolinefort,East,Mouse,Accessories,3,191,0,573.0,404.44,168.56,UPI
5352,2024-04-05,Jaredside,North,Phone,Electronics,4,1250,20,4000.0,2479.68,1520.32,Net Banking
5353,2024-02-15,Mathisstad,South,Tablet,Accessories,5,1994,5,9471.5,6695.6,2775.9,Card
5354,2024-08-02,Westfort,West,Keyboard,Electronics,4,4333,5,16465.4,9939.99,6525.41,Cash
5355,2024-02-17,North Gina,West,Camera,Electronics,5,2592,0,12960.0,9348.71,3611.29,UPI
5356,2024-10-12,Richardhaven,West,Headphones,Accessories,4,3721,10,13395.6,7514.78,5880.82,Cash
5357,2024-12-27,Justinview,West,Laptop,Office,5,841,20,3364.0,2475.76,888.24,Cash
5358,2026-07-14,Kanefort,South,Printer,Electronics,1,4153,10,3737.7,2667.04,1070.66,Cash
5359,2024-09-25,North Johnland,West,Headphones,Accessories,2,3310,10,5958.0,4084.66,1873.34,Card
5360,2025-01-12,Zacharyland,North,Monitor,Electronics,5,3138,0,15690.0,11466.68,4223.32,Card
5361,2023-08-19,North William,South,Phone,Electronics,1,3448,20,2758.4,1722.96,1035.44,UPI
5362,2025-07-05,Port Tiffanyfurt,West,Laptop,Electronics,3,3279,20,7869.6,4506.92,3362.68,Net Banking
5363,2024-11-07,Robertfort,South,Phone,Accessories,5,2832,5,13452.0,8541.19,4910.81,Card
5364,2025-01-12,Christinaton,West,Keyboard,Electronics,3,791,5,2254.35,1447.16,807.19,Net Banking
5365,2026-01-12,West Christophershire,East,Printer,Electronics,2,4739,0,9478.0,7095.83,2382.17,UPI
5366,2025-10-27,New James,South,Tablet,Office,4,4681,10,16851.6,11881.06,4970.54,UPI
5367,2026-05-07,Andersonshire,West,Tablet,Accessories,4,3729,5,14170.2,7930.85,6239.35,Net Banking
5368,2024-03-01,East Michael,East,Speaker,Accessories,1,3369,15,2863.65,1844.83,1018.82,Net Banking
5369,2023-11-29,Chenstad,North,Monitor,Office,2,2779,10,5002.2,2651.89,2350.31,Net Banking
5370,2024-12-06,Patriciamouth,East,Laptop,Electronics,4,1171,10,4215.6,3343.67,871.93,Cash
5371,2023-09-10,Delgadotown,East,Monitor,Office,5,4213,20,16852.0,8753.06,8098.94,Net Banking
5372,2025-04-14,East Rebeccaburgh,East,Monitor,Accessories,2,1830,10,3294.0,2125.71,1168.29,Card
5373,2025-04-12,Lake David,North,Laptop,Accessories,1,4412,0,4412.0,2408.4,2003.6,UPI
5374,2025-11-10,Deborahmouth,East,Speaker,Electronics,3,585,15,1491.75,1074.87,416.88,UPI
5375,2025-07-21,North Emilyport,North,Tablet,Office,4,3204,0,12816.0,8418.82,4397.18,UPI
5376,2026-02-26,Cookmouth,West,Phone,Electronics,1,2912,10,2620.8,1805.48,815.32,Cash
5377,2024-02-16,Samuelport,East,Laptop,Electronics,1,2356,15,2002.6,1399.96,602.64,UPI
5378,2025-11-10,Rodriguezburgh,South,Headphones,Office,3,2850,20,6840.0,4037.38,2802.62,Net Banking
5379,2024-04-11,New Morganberg,North,Tablet,Accessories,1,3427,20,2741.6,1883.18,858.42,Cash
5380,2025-06-28,Batesfort,East,Printer,Electronics,5,2082,10,9369.0,5913.04,3455.96,Card
5381,2025-09-30,Porterfurt,East,Camera,Electronics,4,1829,20,5852.8,3308.36,2544.44,Card
5382,2024-05-29,East Alexandraland,North,Camera,Electronics,3,3072,10,8294.4,6066.23,2228.17,Card
5383,2025-11-07,Lake Ryanshire,East,Headphones,Accessories,2,2962,0,5924.0,4352.39,1571.61,Cash
5384,2025-04-11,Timothymouth,North,Laptop,Office,5,3433,15,14590.25,10369.36,4220.89,UPI
5385,2024-02-08,West Robertfort,North,Mouse,Office,3,3024,5,8618.4,5839.05,2779.35,Net Banking
5386,2025-02-02,Stevenschester,North,Speaker,Accessories,4,1457,10,5245.2,2787.02,2458.18,UPI
5387,2023-10-02,Valencialand,West,Keyboard,Electronics,4,517,20,1654.4,1114.84,539.56,Net Banking
5388,2026-01-07,Smithview,West,Tablet,Office,1,4933,20,3946.4,3119.95,826.45,UPI
5389,2024-05-20,New Bethfurt,East,Tablet,Office,2,245,5,465.5,352.56,112.94,UPI
5390,2026-07-15,Huntborough,North,Tablet,Accessories,2,4601,0,9202.0,5608.16,3593.84,Cash
5391,2023-10-08,Millershire,East,Camera,Electronics,3,3449,15,8794.95,7023.63,1771.32,UPI
5392,2023-08-26,Briantown,South,Camera,Accessories,2,2960,5,5624.0,3523.5,2100.5,Net Banking
5393,2024-03-12,Jasonview,East,Camera,Office,4,1510,5,5738.0,4223.11,1514.89,Cash
5394,2024-11-09,Port Aprilborough,North,Speaker,Office,4,2394,10,8618.4,4405.19,4213.21,Net Banking
5395,2025-09-01,West Catherine,North,Monitor,Accessories,1,3919,5,3723.05,2589.79,1133.26,UPI
5396,2025-09-07,Saundersville,North,Mouse,Accessories,4,401,10,1443.6,796.5,647.1,Net Banking
5397,2025-06-23,New Claudiabury,East,Mouse,Electronics,1,3519,10,3167.1,1618.6,1548.5,Cash
5398,2026-07-18,Tammyside,East,Printer,Office,2,3623,10,6521.4,3816.18,2705.22,Card
5399,2025-11-21,Greenmouth,East,Mouse,Electronics,5,3492,20,13968.0,8181.64,5786.36,UPI
5400,2024-04-11,North Johnport,West,Tablet,Electronics,2,3892,20,6227.2,3196.8,3030.4,UPI
5401,2025-05-30,East Erica,West,Keyboard,Office,5,1651,20,6604.0,4902.76,1701.24,Net Banking
5402,2026-02-26,Victorport,West,Tablet,Electronics,3,1449,10,3912.3,3011.24,901.06,Net Banking
5403,2026-07-26,Michaelhaven,East,Laptop,Electronics,3,1091,10,2945.7,1858.64,1087.06,Net Banking
5404,2025-07-23,Port Katherine,South,Monitor,Accessories,1,1659,10,1493.1,832.23,660.87,Cash
5405,2023-10-09,Parkermouth,West,Headphones,Electronics,4,807,20,2582.4,1444.17,1138.23,Card
5406,2023-09-09,Brandonbury,East,Monitor,Electronics,5,2195,0,10975.0,8329.22,2645.78,UPI
5407,2025-03-18,Lawsonbury,East,Headphones,Accessories,5,2980,10,13410.0,10445.32,2964.68,Cash
5408,2023-08-29,Wilsonland,North,Printer,Accessories,1,3112,15,2645.2,2038.88,606.32,Card
5409,2025-10-19,West Darrellland,South,Tablet,Electronics,1,3693,5,3508.35,2249.71,1258.64,Card
5410,2025-04-05,Port Danielport,South,Camera,Office,3,367,5,1045.95,729.0,316.95,UPI
5411,2024-07-27,Kennethmouth,West,Keyboard,Electronics,2,1340,15,2278.0,1460.1,817.9,Card
5412,2024-11-08,Port Connieville,West,Camera,Accessories,4,1127,15,3831.8,2429.92,1401.88,Net Banking
5413,2024-02-05,Port Christineport,North,Speaker,Office,5,2850,20,11400.0,8413.74,2986.26,Cash
5414,2026-03-30,South Anthony,West,Mouse,Office,4,4502,15,15306.8,10593.06,4713.74,Card
5415,2025-01-28,Seanville,South,Phone,Electronics,5,2471,10,11119.5,7584.93,3534.57,Net Banking
5416,2025-10-07,Amyhaven,West,Tablet,Office,4,2939,15,9992.6,5466.9,4525.7,Cash
5417,2026-07-01,South Eduardomouth,West,Camera,Office,5,137,10,616.5,350.77,265.73,Card
5418,2026-04-18,Josephport,North,Keyboard,Electronics,2,360,5,684.0,357.52,326.48,Net Banking
5419,2026-03-06,Chelseaview,East,Laptop,Electronics,4,4989,0,19956.0,12022.75,7933.25,Card
5420,2025-09-10,Herringburgh,North,Printer,Electronics,2,1735,0,3470.0,2416.01,1053.99,UPI
5421,2025-10-04,Kaylaton,North,Headphones,Electronics,4,3399,10,12236.4,8102.52,4133.88,Net Banking
5422,2024-11-16,Karenchester,South,Printer,Office,2,4505,0,9010.0,6853.14,2156.86,Cash
5423,2026-04-28,Port Davidview,South,Speaker,Accessories,2,689,0,1378.0,835.18,542.82,UPI
5424,2024-09-01,Shanebury,North,Monitor,Office,3,4070,5,11599.5,6704.83,4894.67,UPI
5425,2024-12-12,Sarahhaven,West,Headphones,Electronics,1,3193,15,2714.05,1367.05,1347.0,Net Banking
5426,2024-01-31,Singhville,South,Tablet,Office,3,588,10,1587.6,982.97,604.63,Card
5427,2025-10-21,Port Rogerhaven,South,Headphones,Accessories,2,2647,15,4499.9,2995.4,1504.5,UPI
5428,2025-04-09,Guerreroberg,North,Keyboard,Accessories,5,1299,15,5520.75,4353.11,1167.64,UPI
5429,2023-12-03,Peckville,East,Laptop,Electronics,4,1127,0,4508.0,2335.61,2172.39,Cash
5430,2025-01-18,West Michellemouth,North,Tablet,Electronics,4,4867,15,16547.8,12857.12,3690.68,UPI
5431,2024-03-04,Katieland,East,Headphones,Accessories,1,4723,20,3778.4,2430.58,1347.82,Net Banking
5432,2024-08-07,New Karl,South,Tablet,Office,4,3165,0,12660.0,10054.39,2605.61,UPI
5433,2024-12-29,East Angela,North,Camera,Electronics,4,4664,5,17723.2,9466.19,8257.01,Net Banking
5434,2024-11-09,Wattsside,West,Phone,Accessories,2,541,20,865.6,610.92,254.68,Card
5435,2025-01-23,Port Michael,South,Laptop,Electronics,5,246,5,1168.5,801.28,367.22,Cash
5436,2023-11-10,North Jonathanport,West,Laptop,Office,4,1550,15,5270.0,3893.62,1376.38,Card
5437,2024-05-05,West Sarahborough,East,Camera,Office,3,4134,10,11161.8,7300.93,3860.87,Card
5438,2026-03-23,South Monica,North,Monitor,Electronics,1,1992,5,1892.4,1208.4,684.0,Card
5439,2024-09-01,New Dylanton,West,Headphones,Accessories,5,1797,5,8535.75,4614.04,3921.71,Cash
5440,2023-10-03,South Ashley,South,Printer,Office,1,1018,10,916.2,621.0,295.2,Cash
5441,2026-05-29,North Peterberg,North,Printer,Office,4,3113,10,11206.8,6392.55,4814.25,Net Banking
5442,2026-05-27,Lake Heidi,North,Laptop,Accessories,3,3057,20,7336.8,4258.86,3077.94,Card
5443,2025-07-26,Port Robertton,South,Camera,Accessories,3,3610,5,10288.5,6378.2,3910.3,Cash
5444,2024-09-19,Jamesshire,East,Printer,Electronics,3,239,10,645.3,483.64,161.66,Net Banking
5445,2024-01-06,North Carol,West,Camera,Electronics,3,416,0,1248.0,951.41,296.59,UPI
5446,2026-05-18,Thomasburgh,North,Phone,Electronics,2,1046,15,1778.2,1310.29,467.91,Cash
5447,2024-03-17,Colemanchester,South,Keyboard,Electronics,5,4198,0,20990.0,12275.5,8714.5,Cash
5448,2026-01-23,Port Amyville,North,Laptop,Electronics,4,4856,15,16510.4,9566.0,6944.4,Cash
5449,2025-06-07,Oscarton,South,Keyboard,Accessories,4,353,0,1412.0,1081.59,330.41,Card
5450,2025-07-04,Lake Sharonbury,West,Laptop,Office,1,3661,5,3477.95,2767.98,709.97,Card
5451,2023-12-03,Cardenasbury,West,Tablet,Electronics,1,3276,10,2948.4,1589.59,1358.81,Card
5452,2025-02-16,Lake Danielle,South,Keyboard,Electronics,1,3205,0,3205.0,1884.06,1320.94,UPI
5453,2023-11-26,Torresland,North,Speaker,Office,1,3994,0,3994.0,2825.07,1168.93,Cash
5454,2023-10-07,Port Timothyside,North,Speaker,Office,3,3910,10,10557.0,5424.82,5132.18,Cash
5455,2023-11-13,South Deanna,North,Laptop,Accessories,1,4639,0,4639.0,3151.76,1487.24,Net Banking
5456,2025-03-15,New Rebeccastad,West,Keyboard,Accessories,4,2006,10,7221.6,3951.58,3270.02,Cash
5457,2025-06-08,Dannytown,South,Mouse,Electronics,1,3965,15,3370.25,1926.4,1443.85,Card
5458,2024-10-12,Santiagoside,West,Camera,Electronics,1,1329,5,1262.55,936.67,325.88,UPI
5459,2023-09-12,West Ashleymouth,North,Headphones,Accessories,4,3493,10,12574.8,9088.4,3486.4,Card
5460,2025-09-01,Meganville,East,Phone,Office,2,3100,15,5270.0,3331.11,1938.89,Cash
5461,2024-03-05,Lake Janet,West,Monitor,Electronics,5,459,10,2065.5,1324.49,741.01,Card
5462,2023-11-04,Port Andrea,West,Monitor,Electronics,2,4163,20,6660.8,5188.7,1472.1,Net Banking
5463,2024-02-01,Aliciaberg,North,Tablet,Office,1,2687,20,2149.6,1374.4,775.2,Card
5464,2026-03-27,Tamaramouth,North,Phone,Electronics,1,4010,0,4010.0,2386.65,1623.35,Cash
5465,2024-04-25,Contrerasville,East,Monitor,Accessories,2,2255,0,4510.0,2467.71,2042.29,Net Banking
5466,2024-08-25,Clarkville,South,Camera,Electronics,4,1876,0,7504.0,5812.54,1691.46,Net Banking
5467,2024-01-13,Lake Henryfort,North,Tablet,Accessories,3,857,20,2056.8,1578.4,478.4,Cash
5468,2023-08-15,Sandovalland,West,Laptop,Electronics,3,2700,0,8100.0,5368.88,2731.12,Cash
5469,2023-10-31,Port Brittany,West,Phone,Accessories,1,1101,0,1101.0,858.72,242.28,UPI
5470,2025-07-31,Patricialand,North,Phone,Electronics,4,954,5,3625.2,2519.79,1105.41,Card
5471,2023-10-25,Aguilarfort,North,Printer,Office,4,1846,20,5907.2,3346.41,2560.79,UPI
5472,2025-10-25,Ericamouth,East,Camera,Office,4,1429,0,5716.0,4465.67,1250.33,Net Banking
5473,2023-12-30,Christinamouth,North,Speaker,Electronics,3,3556,10,9601.2,4835.78,4765.42,Cash
5474,2025-01-16,Lake Nicolas,West,Printer,Electronics,3,1163,15,2965.65,2125.9,839.75,Cash
5475,2024-10-03,Brownbury,South,Mouse,Office,1,1107,15,940.95,716.08,224.87,Card
5476,2023-11-08,Acostaland,West,Monitor,Accessories,3,671,0,2013.0,1159.58,853.42,Net Banking
5477,2025-01-24,North Jodi,South,Headphones,Electronics,4,1283,10,4618.8,3569.74,1049.06,UPI
5478,2024-05-07,South Megan,North,Tablet,Office,4,2507,5,9526.6,6884.9,2641.7,Cash
5479,2024-12-22,North Brian,East,Phone,Office,4,549,5,2086.2,1367.62,718.58,Cash
5480,2026-02-12,Port Katherinetown,West,Tablet,Accessories,5,1319,5,6265.25,3657.17,2608.08,Card
5481,2026-06-26,West Reneemouth,East,Keyboard,Electronics,1,4157,10,3741.3,2347.32,1393.98,UPI
5482,2023-12-30,South Brittany,North,Tablet,Electronics,4,2314,20,7404.8,5462.91,1941.89,Cash
5483,2024-04-06,Lake Samantha,South,Camera,Office,3,947,0,2841.0,2009.47,831.53,UPI
5484,2025-09-27,Wrightview,South,Phone,Office,2,2480,15,4216.0,3047.53,1168.47,UPI
5485,2023-09-29,Kellyside,North,Camera,Office,4,4550,20,14560.0,10983.32,3576.68,Net Banking
5486,2025-10-13,Adamfurt,North,Phone,Office,5,2731,15,11606.75,8406.86,3199.89,Card
5487,2025-12-26,West Jane,East,Mouse,Office,1,2346,0,2346.0,1662.49,683.51,Cash
5488,2026-07-31,Port Brendaland,East,Keyboard,Accessories,4,2610,15,8874.0,5077.11,3796.89,Net Banking
5489,2025-06-18,West Thomasshire,North,Tablet,Office,2,3639,20,5822.4,3745.81,2076.59,Cash
5490,2024-04-19,Lindseyberg,West,Monitor,Electronics,2,3072,5,5836.8,3052.36,2784.44,Cash
5491,2025-01-15,Frankshire,North,Phone,Office,1,4716,5,4480.2,2876.87,1603.33,Cash
5492,2026-01-31,Melissafort,West,Mouse,Office,5,3359,20,13436.0,9024.82,4411.18,UPI
5493,2024-07-12,South Paul,East,Monitor,Electronics,5,3036,5,14421.0,9653.39,4767.61,Cash
5494,2023-10-04,East Jason,East,Camera,Office,4,4773,5,18137.4,11801.23,6336.17,Card
5495,2024-01-19,West Davidtown,South,Speaker,Office,4,3362,20,10758.4,5539.37,5219.03,Card
5496,2024-06-03,Lake Maria,North,Phone,Office,3,730,15,1861.5,1455.64,405.86,Cash
5497,2025-12-08,East Gavin,West,Printer,Office,3,388,15,989.4,547.39,442.01,UPI
5498,2023-08-17,Brittanyshire,South,Phone,Electronics,5,4464,0,22320.0,13796.57,8523.43,Card
5499,2026-01-17,North Mark,South,Printer,Electronics,1,3871,20,3096.8,1857.06,1239.74,Card
5500,2025-01-18,Port Paul,West,Camera,Accessories,2,2077,0,4154.0,2308.02,1845.98,Card
5501,2025-12-31,Lake Jefferytown,East,Tablet,Electronics,3,118,5,336.3,220.52,115.78,Net Banking
5502,2024-04-18,Andrewsfurt,East,Phone,Electronics,2,3872,0,7744.0,6097.56,1646.44,Cash
5503,2024-05-16,New Leonardside,South,Monitor,Office,2,4169,15,7087.3,3944.71,3142.59,Net Banking
5504,2024-05-20,Port Mackenzie,North,Mouse,Office,2,4114,10,7405.2,4102.25,3302.95,Card
5505,2024-03-07,Lauriechester,South,Camera,Accessories,1,2169,5,2060.55,1051.72,1008.83,UPI
5506,2025-05-31,Johnsonburgh,East,Headphones,Accessories,3,4263,15,10870.65,5648.95,5221.7,UPI
5507,2024-08-26,North Robin,East,Keyboard,Office,3,4741,5,13511.85,9443.79,4068.06,UPI
5508,2025-01-17,Gardnerhaven,West,Camera,Office,5,3083,10,13873.5,9804.77,4068.73,Card
5509,2024-11-15,Wilkersonmouth,West,Speaker,Accessories,4,2519,5,9572.2,6189.09,3383.11,Net Banking
5510,2026-04-18,Lake Deniseberg,North,Tablet,Office,2,1922,20,3075.2,2203.37,871.83,UPI
5511,2024-04-18,New Bernard,East,Phone,Electronics,2,4875,5,9262.5,4867.63,4394.87,UPI
5512,2024-11-09,Mcbrideborough,West,Monitor,Electronics,2,1799,0,3598.0,1914.39,1683.61,Cash
5513,2025-08-06,Port George,East,Printer,Accessories,1,1559,10,1403.1,872.03,531.07,UPI
5514,2024-05-21,Collinsview,South,Headphones,Electronics,2,1829,5,3475.1,2595.32,879.78,Card
5515,2025-07-30,Kirkborough,East,Camera,Electronics,1,4668,15,3967.8,2918.74,1049.06,Cash
5516,2025-07-25,North Brianshire,North,Printer,Accessories,2,4890,0,9780.0,5619.25,4160.75,Net Banking
5517,2025-09-04,Patriciafort,North,Keyboard,Electronics,5,1780,15,7565.0,5184.98,2380.02,Net Banking
5518,2025-09-27,West Adrienne,North,Printer,Electronics,5,1622,5,7704.5,4720.82,2983.68,Card
5519,2024-05-03,Lisahaven,South,Phone,Accessories,4,653,10,2350.8,1250.66,1100.14,Cash
5520,2025-01-13,Robertview,South,Printer,Electronics,3,4560,20,10944.0,8055.02,2888.98,Card
5521,2025-10-27,Williamberg,South,Printer,Electronics,4,2379,15,8088.6,6198.85,1889.75,UPI
5522,2026-03-28,Delacruzport,East,Speaker,Accessories,2,1811,15,3078.7,1595.88,1482.82,Net Banking
5523,2026-02-09,Reidton,North,Camera,Accessories,2,2608,10,4694.4,2788.23,1906.17,UPI
5524,2025-12-18,Roseburgh,East,Printer,Office,1,2728,5,2591.6,2009.7,581.9,Card
5525,2025-02-16,South Amy,North,Printer,Electronics,2,2261,20,3617.6,2594.05,1023.55,Card
5526,2024-01-11,West Rebecca,North,Headphones,Office,5,2003,20,8012.0,6391.41,1620.59,Cash
5527,2024-02-13,Lake Michelle,South,Monitor,Office,4,4042,20,12934.4,10251.62,2682.78,Net Banking
5528,2024-12-11,Monroeburgh,East,Tablet,Accessories,3,1895,15,4832.25,2517.82,2314.43,UPI
5529,2025-07-27,Jasmineborough,West,Laptop,Accessories,3,2023,5,5765.55,4168.79,1596.76,Net Banking
5530,2024-03-07,West Amy,West,Keyboard,Electronics,4,4142,0,16568.0,11488.08,5079.92,UPI
5531,2025-09-28,North Dylanmouth,North,Phone,Office,1,4794,0,4794.0,3430.54,1363.46,Cash
5532,2024-12-11,East Matthewton,West,Keyboard,Office,3,1904,0,5712.0,3875.54,1836.46,UPI
5533,2025-03-07,Louisberg,West,Speaker,Electronics,2,2194,0,4388.0,2497.25,1890.75,Net Banking
5534,2023-11-10,Lake Cindy,South,Laptop,Accessories,1,1860,15,1581.0,1061.91,519.09,UPI
5535,2026-04-25,Port Debrafurt,North,Mouse,Accessories,5,4857,5,23070.75,17619.96,5450.79,Card
5536,2026-03-27,Lopezshire,West,Headphones,Accessories,1,4006,5,3805.7,2823.58,982.12,Net Banking
5537,2025-09-17,East Jessicamouth,East,Camera,Electronics,3,1140,10,3078.0,1937.54,1140.46,Card
5538,2024-08-16,South Kevinstad,East,Headphones,Office,3,2731,0,8193.0,5983.6,2209.4,UPI
5539,2024-10-16,New Eric,West,Speaker,Office,3,1892,15,4824.6,3580.43,1244.17,UPI
5540,2025-02-04,East Codyfurt,North,Speaker,Accessories,2,298,15,506.6,403.25,103.35,Net Banking
5541,2023-12-07,Bakerport,East,Laptop,Office,5,285,5,1353.75,804.31,549.44,UPI
5542,2025-05-19,Port Michelle,East,Mouse,Accessories,5,3494,20,13976.0,10592.55,3383.45,Net Banking
5543,2026-02-15,Walshchester,West,Mouse,Accessories,3,3759,20,9021.6,6621.29,2400.31,Card
5544,2024-12-27,Wallsfort,East,Phone,Accessories,1,2677,10,2409.3,1244.79,1164.51,Cash
5545,2024-06-23,Tinaville,South,Laptop,Electronics,4,4067,10,14641.2,7362.85,7278.35,Net Banking
5546,2025-09-23,Tashahaven,South,Laptop,Electronics,4,2688,20,8601.6,6200.86,2400.74,UPI
5547,2024-01-12,Anthonytown,North,Monitor,Office,2,2209,0,4418.0,2610.89,1807.11,UPI
5548,2025-12-28,South Annmouth,East,Mouse,Accessories,4,4021,0,16084.0,10796.76,5287.24,Cash
5549,2025-06-03,West Nicoleland,North,Laptop,Electronics,3,4352,10,11750.4,5894.79,5855.61,Cash
5550,2025-08-06,Lake Susan,East,Monitor,Accessories,1,284,10,255.6,182.49,73.11,Net Banking
5551,2024-03-23,Wattsberg,West,Monitor,Electronics,4,4428,5,16826.4,9905.82,6920.58,Cash
5552,2024-01-29,Lake James,South,Mouse,Accessories,4,255,10,918.0,732.62,185.38,Net Banking
5553,2025-03-19,East Jacob,North,Keyboard,Office,2,2690,15,4573.0,2865.51,1707.49,UPI
5554,2026-04-27,Annamouth,North,Headphones,Office,4,2814,0,11256.0,5929.13,5326.87,UPI
5555,2023-09-24,Tonyamouth,East,Laptop,Office,4,2990,5,11362.0,8003.16,3358.84,UPI
5556,2025-06-10,Watersport,East,Keyboard,Electronics,3,4737,10,12789.9,8703.51,4086.39,Cash
5557,2023-12-28,Joshuafort,East,Phone,Office,1,3697,0,3697.0,2709.03,987.97,Net Banking
5558,2026-07-11,Lauriefort,West,Keyboard,Electronics,3,4040,15,10302.0,7798.89,2503.11,UPI
5559,2026-05-04,West Yvonne,West,Tablet,Accessories,2,1380,5,2622.0,1406.68,1215.32,UPI
5560,2025-08-16,East Johnfort,North,Tablet,Office,2,3067,10,5520.6,4355.88,1164.72,Cash
5561,2024-09-11,West Micheleport,East,Monitor,Office,3,2377,15,6061.35,4110.29,1951.06,Card
5562,2023-08-08,Traceyfort,South,Headphones,Office,3,2625,0,7875.0,6161.73,1713.27,UPI
5563,2024-07-14,West Baileyside,East,Mouse,Accessories,1,2083,15,1770.55,1221.35,549.2,Card
5564,2025-10-13,South Leahview,North,Mouse,Accessories,5,3848,10,17316.0,13744.4,3571.6,Cash
5565,2024-05-27,New Karenville,West,Monitor,Office,1,140,20,112.0,78.19,33.81,Cash
5566,2023-08-24,New Joann,East,Printer,Office,4,2022,20,6470.4,3535.43,2934.97,Net Banking
5567,2024-07-16,New Lucasshire,West,Tablet,Office,5,249,15,1058.25,767.85,290.4,Net Banking
5568,2024-06-23,Cameronside,South,Camera,Office,4,2186,20,6995.2,4483.97,2511.23,UPI
5569,2025-11-09,Port Sue,East,Phone,Office,3,2133,10,5759.1,4359.3,1399.8,UPI
5570,2023-12-20,South Katelyn,West,Mouse,Accessories,5,3823,0,19115.0,11985.8,7129.2,Net Banking
5571,2025-01-21,Port Thomas,West,Laptop,Office,4,3643,15,12386.2,8772.65,3613.55,UPI
5572,2026-06-28,North Tammy,East,Headphones,Accessories,5,1087,20,4348.0,2421.48,1926.52,Cash
5573,2023-09-06,Robinsonfort,South,Phone,Accessories,2,2905,20,4648.0,3241.27,1406.73,Net Banking
5574,2024-01-19,South Teresaland,East,Tablet,Accessories,5,4165,0,20825.0,13729.59,7095.41,Cash
5575,2023-12-06,East Kimberlyberg,West,Keyboard,Office,5,1056,0,5280.0,3635.31,1644.69,Net Banking
5576,2024-11-04,Robertsfurt,West,Camera,Accessories,4,480,10,1728.0,1307.61,420.39,UPI
5577,2024-02-04,Chadbury,West,Laptop,Electronics,3,378,10,1020.6,756.76,263.84,Cash
5578,2025-10-17,North Samanthashire,East,Mouse,Office,1,800,10,720.0,439.6,280.4,Cash
5579,2023-10-12,East Samantha,East,Headphones,Accessories,1,4509,10,4058.1,2586.99,1471.11,Net Banking
5580,2023-12-16,Port Phillipport,East,Printer,Accessories,2,4119,10,7414.2,5819.65,1594.55,Cash
5581,2024-01-17,Rodriguezmouth,West,Keyboard,Electronics,3,2859,15,7290.45,4499.03,2791.42,Cash
5582,2025-11-02,Jessicachester,East,Laptop,Office,3,1605,0,4815.0,3431.05,1383.95,Cash
5583,2025-09-22,South Frankhaven,West,Headphones,Office,2,180,15,306.0,167.74,138.26,Card
5584,2024-06-12,Scottburgh,West,Laptop,Office,4,3287,20,10518.4,6291.01,4227.39,Cash
5585,2023-09-08,Martinville,West,Tablet,Office,2,3592,15,6106.4,3095.06,3011.34,UPI
5586,2024-11-10,Leeburgh,East,Mouse,Office,2,3906,15,6640.2,4677.38,1962.82,Card
5587,2024-05-11,Lake Robertborough,North,Laptop,Accessories,5,2438,5,11580.5,8194.24,3386.26,Net Banking
5588,2023-08-18,Sarahchester,West,Camera,Office,1,3641,10,3276.9,1858.59,1418.31,Cash
5589,2025-04-28,North Michael,East,Speaker,Electronics,2,2378,15,4042.6,2150.06,1892.54,UPI
5590,2023-11-03,Jerometon,North,Camera,Electronics,4,1681,15,5715.4,3855.51,1859.89,Cash
5591,2025-11-26,Lake Katherineland,West,Speaker,Electronics,5,1541,10,6934.5,3542.3,3392.2,Cash
5592,2026-04-26,West Claudia,South,Keyboard,Electronics,4,4002,20,12806.4,6641.32,6165.08,Net Banking
5593,2025-02-03,Garciafurt,South,Mouse,Office,1,273,20,218.4,113.35,105.05,UPI
5594,2025-03-19,Wilkinsonfurt,South,Tablet,Office,2,1808,15,3073.6,1813.1,1260.5,Card
5595,2025-07-03,Petershire,North,Tablet,Office,3,2405,0,7215.0,4802.74,2412.26,Cash
5596,2025-04-14,Hinesport,South,Speaker,Accessories,5,1065,0,5325.0,3692.67,1632.33,Net Banking
5597,2024-11-15,Reidberg,North,Printer,Electronics,3,422,5,1202.7,625.95,576.75,Net Banking
5598,2025-02-13,West Melissa,East,Speaker,Accessories,5,873,10,3928.5,2476.5,1452.0,UPI
5599,2025-02-28,Douglasport,South,Speaker,Office,1,1288,0,1288.0,956.88,331.12,UPI
5600,2026-01-22,North Rebeccaport,East,Headphones,Electronics,3,3252,15,8292.6,5837.93,2454.67,Cash
5601,2025-12-31,Christianport,East,Mouse,Electronics,2,4668,5,8869.2,6353.04,2516.16,Cash
5602,2024-09-24,North Tammie,South,Mouse,Office,4,2085,15,7089.0,5074.67,2014.33,Cash
5603,2023-09-16,New Heather,South,Camera,Accessories,1,2095,0,2095.0,1560.54,534.46,Card
5604,2026-07-18,North Whitneystad,North,Tablet,Electronics,1,3818,20,3054.4,1714.45,1339.95,Cash
5605,2023-10-01,East Kevin,West,Camera,Office,1,2803,10,2522.7,1411.1,1111.6,Card
5606,2023-09-07,Kathrynbury,West,Headphones,Accessories,3,2600,20,6240.0,3580.66,2659.34,Net Banking
5607,2025-06-20,New Wayne,East,Speaker,Electronics,4,4926,5,18718.8,13480.17,5238.63,Card
5608,2024-09-24,Mullinston,West,Camera,Accessories,5,3673,15,15610.25,8581.31,7028.94,Net Banking
5609,2023-08-14,Millerbury,East,Laptop,Accessories,5,3242,20,12968.0,6808.71,6159.29,Net Banking
5610,2023-08-08,New Robin,West,Monitor,Electronics,2,4989,15,8481.3,6444.6,2036.7,Cash
5611,2025-09-11,West Ninamouth,North,Headphones,Electronics,1,2694,15,2289.9,1296.36,993.54,Cash
5612,2026-01-06,Port Garrettland,North,Camera,Electronics,1,2261,0,2261.0,1608.27,652.73,UPI
5613,2025-10-15,Henrytown,South,Camera,Electronics,2,4975,10,8955.0,5147.38,3807.62,Card
5614,2026-07-31,Port Samantha,North,Mouse,Office,4,3085,15,10489.0,6909.45,3579.55,Net Banking
5615,2023-11-02,North Elizabethland,South,Monitor,Electronics,2,3029,10,5452.2,2775.11,2677.09,UPI
5616,2025-03-24,North Renee,East,Monitor,Accessories,1,348,0,348.0,249.09,98.91,Net Banking
5617,2025-04-01,North Danielmouth,North,Phone,Office,2,850,5,1615.0,1038.68,576.32,Net Banking
5618,2026-04-28,West Danielle,West,Monitor,Accessories,3,4746,5,13526.1,7137.49,6388.61,UPI
5619,2024-05-13,Terryview,North,Camera,Electronics,4,2010,0,8040.0,4465.94,3574.06,Net Banking
5620,2025-09-15,Lake Lisabury,North,Phone,Electronics,2,2033,20,3252.8,2095.85,1156.95,UPI
5621,2026-01-25,New Tony,North,Printer,Office,3,4734,5,13491.9,8420.56,5071.34,Card
5622,2025-09-22,Mariafort,West,Phone,Electronics,2,2238,0,4476.0,3557.74,918.26,Net Banking
5623,2025-07-10,Alexafurt,West,Laptop,Electronics,3,2311,20,5546.4,3482.62,2063.78,Cash
5624,2024-06-05,Smithhaven,North,Mouse,Accessories,1,2318,5,2202.1,1326.58,875.52,UPI
5625,2025-10-08,Paulfort,North,Mouse,Accessories,1,4663,0,4663.0,3721.87,941.13,UPI
5626,2026-04-20,Smithmouth,North,Speaker,Accessories,1,2687,5,2552.65,1982.94,569.71,Net Banking
5627,2025-10-10,West Daniellemouth,South,Mouse,Accessories,1,1337,15,1136.45,706.72,429.73,Net Banking
5628,2026-03-02,Morganmouth,East,Mouse,Office,5,3680,15,15640.0,8053.12,7586.88,Cash
5629,2023-09-13,Lake Melinda,North,Mouse,Electronics,4,1326,10,4773.6,3063.02,1710.58,Card
5630,2024-01-09,North Joychester,West,Speaker,Accessories,3,3382,10,9131.4,6639.77,2491.63,Net Banking
5631,2025-05-07,Jeanettechester,North,Printer,Electronics,1,4130,10,3717.0,2809.38,907.62,Net Banking
5632,2026-01-23,West Timothy,North,Tablet,Electronics,4,995,0,3980.0,2348.33,1631.67,Cash
5633,2024-03-05,Jacksonstad,East,Monitor,Accessories,5,272,0,1360.0,911.55,448.45,UPI
5634,2025-09-23,New Robinview,West,Monitor,Electronics,5,1495,15,6353.75,4114.51,2239.24,Cash
5635,2025-11-06,East Benjamin,East,Headphones,Office,3,2473,0,7419.0,5717.77,1701.23,Cash
5636,2023-08-13,Michelleport,North,Printer,Office,2,3412,15,5800.4,4276.59,1523.81,UPI
5637,2025-04-01,Mosesmouth,North,Keyboard,Accessories,3,457,0,1371.0,820.57,550.43,Net Banking
5638,2025-08-14,Webbfurt,West,Laptop,Accessories,2,3464,20,5542.4,3190.32,2352.08,Card
5639,2024-02-22,Parkerland,North,Mouse,Electronics,3,614,15,1565.7,1123.68,442.02,UPI
5640,2026-07-18,Christopherton,North,Laptop,Accessories,4,3230,20,10336.0,5411.71,4924.29,UPI
5641,2024-05-17,New April,West,Headphones,Office,3,1901,15,4847.55,2947.23,1900.32,Card
5642,2024-11-04,South Chelseyport,North,Laptop,Accessories,5,3929,15,16698.25,10408.6,6289.65,Cash
5643,2024-06-01,Johnfort,North,Camera,Accessories,1,3860,0,3860.0,2303.39,1556.61,UPI
5644,2025-02-27,Stoneton,North,Printer,Electronics,1,3845,10,3460.5,2516.93,943.57,UPI
5645,2024-08-17,Lake Angelamouth,East,Monitor,Accessories,4,3976,20,12723.2,7317.45,5405.75,Net Banking
5646,2024-01-07,East Steve,West,Camera,Electronics,4,940,20,3008.0,2068.12,939.88,Net Banking
5647,2023-12-15,Cynthiamouth,South,Headphones,Office,4,4098,5,15572.4,11000.62,4571.78,Card
5648,2026-07-13,Port Bridgetburgh,North,Speaker,Electronics,3,4902,0,14706.0,8495.41,6210.59,UPI
5649,2026-07-02,East Timothymouth,East,Speaker,Accessories,3,1397,15,3562.35,2798.64,763.71,Card
5650,2023-12-29,Dominiqueburgh,East,Laptop,Office,2,3563,15,6057.1,4685.03,1372.07,UPI
5651,2025-04-02,Irwinfort,East,Mouse,Office,2,468,10,842.4,571.07,271.33,Net Banking
5652,2025-10-22,Martinezview,North,Phone,Electronics,4,4940,20,15808.0,12594.06,3213.94,Card
5653,2025-03-21,South Stephanie,South,Tablet,Electronics,3,3417,5,9738.45,5046.94,4691.51,UPI
5654,2025-02-13,Port Courtneyhaven,West,Laptop,Electronics,5,4521,0,22605.0,12311.06,10293.94,Net Banking
5655,2024-01-04,Lake Taraburgh,West,Laptop,Electronics,2,487,15,827.9,592.35,235.55,Cash
5656,2024-02-19,Rhodesberg,North,Tablet,Accessories,3,2981,20,7154.4,3803.87,3350.53,Net Banking
5657,2025-04-06,Newtonmouth,West,Monitor,Office,1,3668,15,3117.8,1700.77,1417.03,Net Banking
5658,2025-04-20,Hallshire,East,Keyboard,Accessories,2,3260,0,6520.0,3519.67,3000.33,Net Banking
5659,2026-05-02,East Garrettfurt,South,Monitor,Accessories,2,1282,0,2564.0,1758.0,806.0,Cash
5660,2024-05-08,New William,East,Laptop,Office,1,4602,0,4602.0,2835.58,1766.42,Net Banking
5661,2026-01-28,Joshuaville,West,Phone,Office,5,3893,5,18491.75,13807.92,4683.83,Card
5662,2026-03-15,Coreyborough,North,Tablet,Accessories,3,1060,0,3180.0,2527.06,652.94,Cash
5663,2024-01-05,Mayerland,South,Speaker,Electronics,5,2499,20,9996.0,5859.24,4136.76,UPI
5664,2025-01-09,Cherryborough,East,Tablet,Electronics,1,2366,15,2011.1,1042.94,968.16,Net Banking
5665,2024-02-19,New Lisa,South,Camera,Accessories,1,3244,10,2919.6,1954.88,964.72,UPI
5666,2023-11-29,Dawsonshire,North,Monitor,Office,3,2415,15,6158.25,4711.51,1446.74,Card
5667,2025-01-26,Brittanyfort,West,Printer,Office,1,2252,15,1914.2,965.57,948.63,UPI
5668,2025-09-28,Williammouth,North,Keyboard,Electronics,2,3831,15,6512.7,3769.98,2742.72,UPI
5669,2025-01-15,Timothymouth,East,Camera,Accessories,3,509,0,1527.0,1173.51,353.49,Cash
5670,2024-10-06,Mendozahaven,North,Printer,Accessories,4,1818,20,5817.6,3795.3,2022.3,Card
5671,2024-11-06,Lake Tanya,South,Printer,Accessories,4,2618,0,10472.0,6438.63,4033.37,UPI
5672,2025-12-20,Donnahaven,South,Laptop,Accessories,4,1441,10,5187.6,3083.61,2103.99,Card
5673,2025-10-04,New Benjamin,East,Laptop,Electronics,5,3055,0,15275.0,9102.08,6172.92,Card
5674,2023-12-05,Elizabethhaven,North,Camera,Office,3,1386,10,3742.2,2396.63,1345.57,Net Banking
5675,2025-10-16,Johnstonbury,North,Printer,Office,3,210,10,567.0,304.27,262.73,Cash
5676,2025-08-05,Simpsonland,North,Mouse,Electronics,1,4301,0,4301.0,2613.53,1687.47,Card
5677,2024-02-12,Johnsonborough,North,Mouse,Office,1,126,15,107.1,61.85,45.25,Cash
5678,2026-07-02,Margaretbury,South,Keyboard,Electronics,1,2813,15,2391.05,1611.91,779.14,Net Banking
5679,2026-04-23,Powellmouth,East,Camera,Electronics,4,1291,15,4389.4,2934.43,1454.97,Net Banking
5680,2024-03-21,New Nicholas,South,Monitor,Electronics,5,1763,0,8815.0,5907.86,2907.14,Card
5681,2025-11-22,South Saraside,East,Tablet,Electronics,5,496,15,2108.0,1672.97,435.03,Net Banking
5682,2024-04-02,Mathismouth,North,Keyboard,Accessories,1,3695,0,3695.0,2012.35,1682.65,Card
5683,2025-10-31,North Dennis,East,Printer,Electronics,5,2533,20,10132.0,5329.07,4802.93,Card
5684,2024-03-25,East Elizabethmouth,South,Tablet,Accessories,4,3289,20,10524.8,6169.1,4355.7,Card
5685,2025-04-24,Donnahaven,East,Monitor,Office,4,2966,5,11270.8,5919.55,5351.25,Cash
5686,2024-04-07,Schwartzview,East,Laptop,Office,3,3546,20,8510.4,6197.18,2313.22,Cash
5687,2024-01-29,Jasonborough,North,Printer,Accessories,1,2504,15,2128.4,1511.96,616.44,Net Banking
5688,2024-01-14,South David,North,Headphones,Electronics,4,1969,5,7482.2,5931.28,1550.92,UPI
5689,2025-05-22,New Catherinestad,South,Printer,Office,3,1375,5,3918.75,2242.32,1676.43,Card
5690,2024-10-13,Williamsonburgh,South,Monitor,Electronics,1,4769,15,4053.65,2031.77,2021.88,Card
5691,2024-07-07,Beckmouth,East,Keyboard,Office,4,232,10,835.2,419.05,416.15,Net Banking
5692,2024-08-18,West Cynthia,North,Camera,Office,4,3612,20,11558.4,6830.6,4727.8,Card
5693,2025-09-12,Michellebury,West,Printer,Office,4,450,5,1710.0,1093.09,616.91,Net Banking
5694,2024-03-21,South Jessica,East,Keyboard,Accessories,4,1759,15,5980.6,3893.61,2086.99,Card
5695,2026-07-17,Ramostown,South,Keyboard,Electronics,5,574,20,2296.0,1681.56,614.44,UPI
5696,2025-07-19,West Brian,South,Mouse,Accessories,5,3871,0,19355.0,10219.64,9135.36,Net Banking
5697,2026-04-18,Sawyerchester,West,Headphones,Electronics,1,3923,10,3530.7,1870.5,1660.2,UPI
5698,2023-12-04,Bairdside,West,Camera,Office,5,4253,15,18075.25,13589.85,4485.4,Card
5699,2025-06-27,Port Jasonport,West,Laptop,Electronics,5,657,15,2792.25,1852.19,940.06,Net Banking
5700,2025-10-02,Walshfort,South,Camera,Office,4,4230,20,13536.0,7025.03,6510.97,UPI
5701,2023-12-23,Lake Brianton,East,Tablet,Accessories,3,1438,10,3882.6,2141.48,1741.12,UPI
5702,2026-01-08,Larryborough,South,Headphones,Office,4,4572,0,18288.0,12861.67,5426.33,Cash
5703,2025-08-21,Greenhaven,South,Phone,Electronics,1,3838,20,3070.4,1943.13,1127.27,UPI
5704,2026-06-01,South Michael,North,Speaker,Office,5,1837,10,8266.5,5518.96,2747.54,Cash
5705,2024-09-18,Meganhaven,North,Mouse,Office,3,2208,20,5299.2,4217.23,1081.97,Card
5706,2024-07-20,East Tara,East,Printer,Accessories,2,2188,15,3719.6,2864.17,855.43,Net Banking
5707,2026-06-04,Lydiafort,South,Phone,Office,2,3269,0,6538.0,3627.54,2910.46,UPI
5708,2024-02-07,East Dylan,East,Speaker,Office,4,3561,15,12107.4,7134.81,4972.59,Net Banking
5709,2025-04-02,Ramseytown,North,Keyboard,Accessories,3,1923,0,5769.0,3803.86,1965.14,Card
5710,2026-05-25,Aprilchester,West,Printer,Office,3,2075,15,5291.25,2815.34,2475.91,Net Banking
5711,2024-03-03,South Michaelside,East,Camera,Office,1,2453,0,2453.0,1472.02,980.98,UPI
5712,2025-02-16,Rachelmouth,East,Headphones,Electronics,2,3701,5,7031.9,5023.04,2008.86,Net Banking
5713,2026-05-22,East Kimberlyberg,East,Mouse,Electronics,3,3276,5,9336.6,5424.85,3911.75,Card
5714,2026-03-08,West Randyville,South,Laptop,Accessories,1,4169,20,3335.2,1826.74,1508.46,Net Banking
5715,2025-01-30,East Brandontown,East,Laptop,Accessories,4,3661,5,13911.8,7089.56,6822.24,Cash
5716,2025-12-23,Jeffreyfort,East,Camera,Accessories,4,2173,0,8692.0,6338.14,2353.86,Cash
5717,2023-11-16,Kimview,West,Printer,Office,4,3263,5,12399.4,6634.34,5765.06,Cash
5718,2024-08-08,New April,East,Mouse,Electronics,4,2909,5,11054.2,6575.36,4478.84,Cash
5719,2025-07-18,Staffordshire,South,Speaker,Electronics,3,4705,15,11997.75,7445.45,4552.3,UPI
5720,2026-06-29,Weaverburgh,West,Camera,Office,4,1427,5,5422.6,4309.9,1112.7,Cash
5721,2024-02-05,Manningview,East,Phone,Electronics,1,3650,0,3650.0,1933.29,1716.71,Card
5722,2025-03-08,West Connorton,South,Keyboard,Office,4,2011,20,6435.2,4003.64,2431.56,Card
5723,2023-11-20,North Maria,South,Headphones,Accessories,2,4494,20,7190.4,4727.12,2463.28,Cash
5724,2024-01-11,East Jason,West,Tablet,Electronics,4,4204,15,14293.6,7947.45,6346.15,UPI
5725,2026-05-14,East Natalie,East,Printer,Electronics,2,3052,15,5188.4,3174.67,2013.73,Cash
5726,2026-05-30,North Josephside,South,Tablet,Electronics,2,4119,0,8238.0,5863.89,2374.11,Net Banking
5727,2025-11-13,North Timothy,North,Laptop,Office,2,3095,0,6190.0,4297.46,1892.54,UPI
5728,2026-04-22,Carlaburgh,West,Laptop,Office,2,3605,15,6128.5,4648.67,1479.83,Net Banking
5729,2024-04-08,Nicholasberg,North,Laptop,Electronics,1,2432,20,1945.6,1429.93,515.67,UPI
5730,2025-07-23,Port Petertown,East,Mouse,Accessories,4,3313,10,11926.8,8949.39,2977.41,Cash
5731,2024-01-01,Lake Debbie,East,Tablet,Electronics,2,417,0,834.0,441.04,392.96,Net Banking
5732,2023-10-01,Johnsonborough,East,Headphones,Office,3,1380,0,4140.0,3201.88,938.12,Card
5733,2024-08-18,Randallville,West,Keyboard,Electronics,3,4604,20,11049.6,7203.61,3845.99,Net Banking
5734,2023-12-08,West David,West,Monitor,Accessories,2,1393,0,2786.0,1737.07,1048.93,UPI
5735,2026-04-11,East Eddie,West,Phone,Electronics,1,3765,0,3765.0,2590.92,1174.08,Net Banking
5736,2026-02-10,East Tammyfurt,South,Monitor,Electronics,1,1848,10,1663.2,832.06,831.14,UPI
5737,2023-11-20,New Dean,West,Tablet,Accessories,4,2309,5,8774.2,4775.87,3998.33,Card
5738,2023-09-29,East Stevenland,West,Monitor,Electronics,3,4812,10,12992.4,9469.33,3523.07,Net Banking
5739,2026-06-07,New Shelia,East,Camera,Accessories,3,598,10,1614.6,1278.68,335.92,Cash
5740,2025-04-11,South Megan,East,Speaker,Accessories,1,769,15,653.65,329.74,323.91,Card
5741,2024-07-17,Davidville,West,Monitor,Office,5,4503,15,19137.75,11540.23,7597.52,Card
5742,2024-07-26,Port Melissa,East,Headphones,Office,1,2232,0,2232.0,1566.71,665.29,Card
5743,2026-03-20,Millerport,East,Keyboard,Electronics,2,507,0,1014.0,628.49,385.51,Card
5744,2023-10-13,West Jeromefurt,East,Mouse,Electronics,2,4155,15,7063.5,5025.48,2038.02,Card
5745,2024-12-21,Peterberg,West,Printer,Accessories,2,4959,10,8926.2,5387.1,3539.1,Net Banking
5746,2026-02-15,Port Jennafurt,West,Camera,Electronics,3,540,10,1458.0,1165.14,292.86,Cash
5747,2023-12-21,Lake Tiffany,South,Mouse,Electronics,4,2344,20,7500.8,4832.38,2668.42,UPI
5748,2026-02-06,Danielsville,West,Printer,Accessories,4,3791,0,15164.0,7681.1,7482.9,Cash
5749,2025-09-27,Hendersonborough,South,Phone,Accessories,2,4260,5,8094.0,5452.78,2641.22,Cash
5750,2025-02-23,West Joshua,West,Monitor,Office,2,1092,5,2074.8,1350.34,724.46,Cash
5751,2024-01-18,Lake Anthonytown,South,Mouse,Office,5,3948,0,19740.0,15599.6,4140.4,UPI
5752,2026-07-25,Amyland,North,Monitor,Office,1,2904,10,2613.6,1674.98,938.62,Cash
5753,2024-04-08,Ryanville,East,Phone,Office,2,2266,10,4078.8,3131.18,947.62,Card
5754,2026-07-30,Jaredborough,East,Laptop,Office,2,2449,5,4653.1,3609.58,1043.52,Net Banking
5755,2025-04-08,Garciaview,South,Phone,Office,1,4311,0,4311.0,2691.45,1619.55,Card
5756,2026-02-27,New Taraton,South,Monitor,Accessories,5,2793,20,11172.0,7759.4,3412.6,Cash
5757,2025-11-10,Mendeztown,North,Headphones,Office,3,268,15,683.4,384.6,298.8,Card
5758,2025-12-06,Port Jose,East,Headphones,Electronics,1,925,0,925.0,513.14,411.86,UPI
5759,2026-05-25,Floreschester,South,Camera,Office,3,2197,10,5931.9,4332.96,1598.94,Net Banking
5760,2024-05-02,South Annetteton,North,Camera,Electronics,1,4094,0,4094.0,2501.34,1592.66,Cash
5761,2025-10-08,Kylemouth,South,Headphones,Accessories,1,3394,5,3224.3,1984.39,1239.91,Net Banking
5762,2026-06-25,Nicholasside,East,Camera,Electronics,2,2191,5,4162.9,2243.81,1919.09,UPI
5763,2024-01-19,Johnland,West,Laptop,Accessories,4,4403,0,17612.0,10155.08,7456.92,Card
5764,2025-02-21,South Kara,East,Headphones,Office,4,4336,15,14742.4,9558.82,5183.58,Card
5765,2025-05-21,Hamiltonborough,South,Tablet,Office,5,4924,20,19696.0,12416.31,7279.69,UPI
5766,2024-06-27,Peckbury,North,Speaker,Office,5,2562,10,11529.0,6722.94,4806.06,Card
5767,2026-05-12,Swansonfort,South,Printer,Electronics,5,3068,15,13039.0,10325.95,2713.05,Net Banking
5768,2025-01-26,Heathermouth,East,Phone,Accessories,2,246,0,492.0,307.9,184.1,Cash
5769,2025-04-21,New Drew,West,Phone,Accessories,2,4045,10,7281.0,4615.43,2665.57,Cash
5770,2025-06-17,South Shelley,West,Speaker,Electronics,2,1681,5,3193.9,1664.67,1529.23,UPI
5771,2026-02-05,Lindaborough,West,Phone,Office,2,2547,15,4329.9,2592.92,1736.98,Net Banking
5772,2024-05-24,South Johnburgh,North,Headphones,Electronics,1,3907,15,3320.95,2019.91,1301.04,UPI
5773,2024-03-04,North Markville,West,Mouse,Office,1,455,5,432.25,280.8,151.45,Cash
5774,2023-08-24,Port Jefferyborough,East,Phone,Office,5,3901,0,19505.0,14249.08,5255.92,Card
5775,2023-11-28,East Ryan,North,Tablet,Electronics,3,1962,20,4708.8,3622.21,1086.59,UPI
5776,2023-10-24,North Jacqueline,West,Tablet,Office,5,122,10,549.0,422.79,126.21,Card
5777,2024-05-19,Katherineberg,South,Camera,Accessories,2,4657,15,7916.9,5463.52,2453.38,Net Banking
5778,2023-10-02,Stevenmouth,West,Monitor,Electronics,2,1566,15,2662.2,2058.54,603.66,UPI
5779,2024-12-21,Michaelville,South,Printer,Accessories,1,2950,5,2802.5,1963.15,839.35,Card
5780,2024-04-03,Hallton,South,Phone,Accessories,1,3741,10,3366.9,2134.01,1232.89,Cash
5781,2024-02-09,North Sara,West,Mouse,Accessories,3,2292,0,6876.0,4662.72,2213.28,Net Banking
5782,2026-02-07,Justinborough,North,Speaker,Office,2,2252,5,4278.8,2849.08,1429.72,Card
5783,2023-12-11,Rodriguezmouth,West,Keyboard,Office,4,3759,0,15036.0,11324.2,3711.8,Net Banking
5784,2024-10-08,Taylorstad,North,Monitor,Office,5,2814,0,14070.0,9766.23,4303.77,UPI
5785,2026-03-28,South Richard,North,Laptop,Electronics,5,1378,10,6201.0,3265.46,2935.54,UPI
5786,2023-11-03,Garciaport,North,Camera,Accessories,5,3659,15,15550.75,8384.56,7166.19,UPI
5787,2024-04-09,West Rebekah,North,Speaker,Accessories,3,2375,10,6412.5,4003.16,2409.34,Net Banking
5788,2026-02-25,Millerbury,East,Laptop,Office,4,3183,0,12732.0,10065.78,2666.22,Cash
5789,2024-05-30,Cherryborough,North,Headphones,Accessories,2,2329,0,4658.0,3403.18,1254.82,Cash
5790,2023-11-25,Stephaniemouth,West,Monitor,Accessories,3,3815,15,9728.25,6890.67,2837.58,Net Banking
5791,2024-01-18,Hardingchester,West,Camera,Accessories,3,3851,5,10975.35,7875.2,3100.15,UPI
5792,2025-07-31,Traceymouth,East,Speaker,Electronics,1,2865,0,2865.0,1804.85,1060.15,Card
5793,2025-07-30,South Christinachester,East,Tablet,Office,2,2096,0,4192.0,2865.6,1326.4,Card
5794,2024-06-09,Grahammouth,West,Phone,Accessories,1,2644,15,2247.4,1552.82,694.58,Cash
5795,2025-04-10,Cordovaborough,North,Monitor,Electronics,2,3891,5,7392.9,5551.39,1841.51,Cash
5796,2025-07-12,Port Michaelside,West,Printer,Electronics,2,4549,20,7278.4,3639.35,3639.05,Net Banking
5797,2024-06-23,Katherineberg,West,Phone,Accessories,2,4841,5,9197.9,4771.16,4426.74,UPI
5798,2023-12-19,Lake Bryanview,North,Tablet,Office,4,1013,0,4052.0,2550.93,1501.07,UPI
5799,2023-10-13,Marcusberg,North,Mouse,Electronics,2,3650,15,6205.0,3209.87,2995.13,UPI
5800,2025-10-13,Melissaport,West,Keyboard,Electronics,4,4803,15,16330.2,10335.7,5994.5,Cash
5801,2024-12-04,Lake Kevinburgh,West,Laptop,Office,4,3730,0,14920.0,10001.09,4918.91,Net Banking
5802,2024-06-09,Colinmouth,South,Speaker,Office,3,3542,0,10626.0,8064.06,2561.94,Card
5803,2025-12-28,East Zacharyfort,East,Camera,Accessories,1,4303,15,3657.55,2422.46,1235.09,Card
5804,2025-01-28,Jamieshire,West,Printer,Office,3,1875,15,4781.25,2890.1,1891.15,Net Banking
5805,2024-03-11,Rodneyberg,East,Printer,Electronics,5,3629,5,17237.75,10930.41,6307.34,Card
5806,2025-09-15,Barrettmouth,North,Monitor,Accessories,1,392,20,313.6,223.88,89.72,Net Banking
5807,2026-04-11,Wellsville,South,Keyboard,Accessories,3,4936,10,13327.2,6727.39,6599.81,Net Banking
5808,2024-04-06,North Cynthiaborough,West,Camera,Office,2,819,0,1638.0,1229.46,408.54,UPI
5809,2024-05-20,East Craigmouth,South,Mouse,Accessories,3,245,20,588.0,322.11,265.89,Cash
5810,2025-04-29,North Tonyton,West,Monitor,Electronics,5,1075,5,5106.25,3241.52,1864.73,Cash
5811,2023-12-15,Campbellshire,West,Keyboard,Accessories,2,1874,0,3748.0,2294.19,1453.81,UPI
5812,2023-08-28,New Connie,North,Printer,Office,2,1067,20,1707.2,885.73,821.47,UPI
5813,2024-03-16,Richardview,North,Mouse,Accessories,2,3222,20,5155.2,3820.0,1335.2,UPI
5814,2026-06-20,North Kevinshire,East,Laptop,Accessories,3,3640,10,9828.0,5743.75,4084.25,UPI
5815,2025-11-01,Port Tyler,East,Headphones,Accessories,3,904,20,2169.6,1579.85,589.75,UPI
5816,2025-06-14,West Georgeport,North,Laptop,Office,1,1415,15,1202.75,886.28,316.47,Net Banking
5817,2026-05-13,Angelamouth,East,Mouse,Electronics,1,3563,20,2850.4,1487.29,1363.11,Net Banking
5818,2026-04-17,South Markfurt,West,Headphones,Office,4,3284,0,13136.0,6973.22,6162.78,Cash
5819,2025-06-02,Ramirezburgh,West,Laptop,Office,2,116,15,197.2,151.17,46.03,UPI
5820,2024-09-05,New Valerie,East,Laptop,Accessories,3,4350,10,11745.0,7825.83,3919.17,Net Banking
5821,2023-08-27,Garciaville,South,Mouse,Electronics,4,4928,10,17740.8,12604.83,5135.97,UPI
5822,2024-05-12,Malonebury,North,Printer,Accessories,2,581,5,1103.9,579.61,524.29,UPI
5823,2026-01-15,Anthonyburgh,West,Headphones,Electronics,4,2947,20,9430.4,6294.94,3135.46,Cash
5824,2025-11-14,West Kyleberg,North,Speaker,Accessories,5,2588,15,10999.0,6883.21,4115.79,Cash
5825,2024-05-10,Ashleeview,North,Speaker,Office,5,1835,5,8716.25,6960.98,1755.27,UPI
5826,2025-08-14,South Mariamouth,West,Keyboard,Electronics,1,182,5,172.9,131.1,41.8,Cash
5827,2026-05-07,North Colton,West,Camera,Electronics,5,1196,5,5681.0,3595.62,2085.38,Cash
5828,2025-06-06,Johnsonburgh,South,Keyboard,Office,5,2606,5,12378.5,7758.76,4619.74,Cash
5829,2024-08-27,Hinesbury,East,Printer,Electronics,3,2262,5,6446.7,4565.79,1880.91,UPI
5830,2026-04-27,Johnville,East,Monitor,Accessories,2,4381,0,8762.0,4689.04,4072.96,Net Banking
5831,2024-08-13,Hughesview,East,Phone,Electronics,5,2364,0,11820.0,8293.62,3526.38,Cash
5832,2024-05-08,Kingland,South,Camera,Accessories,3,2135,5,6084.75,4695.59,1389.16,UPI
5833,2023-11-17,East Ambermouth,North,Camera,Accessories,5,1867,20,7468.0,4842.93,2625.07,Card
5834,2025-05-02,Markmouth,South,Mouse,Office,3,1325,5,3776.25,2054.89,1721.36,Card
5835,2025-01-04,Port Andrew,West,Speaker,Accessories,1,1775,20,1420.0,858.86,561.14,Cash
5836,2026-06-06,Nicoleton,South,Keyboard,Accessories,4,1458,20,4665.6,2341.88,2323.72,UPI
5837,2024-09-09,Port Luke,East,Monitor,Office,1,3543,10,3188.7,2413.86,774.84,UPI
5838,2025-12-10,Port Gregoryhaven,East,Laptop,Accessories,3,4347,5,12388.95,8473.18,3915.77,Card
5839,2025-12-26,Krystalland,East,Printer,Accessories,5,3205,5,15223.75,9280.31,5943.44,Card
5840,2023-12-13,New Laura,West,Headphones,Office,5,1650,15,7012.5,3555.26,3457.24,Cash
5841,2025-09-16,Francismouth,North,Monitor,Accessories,5,3893,5,18491.75,11356.87,7134.88,Card
5842,2026-01-22,Elliottburgh,North,Tablet,Accessories,2,3524,5,6695.6,4865.82,1829.78,Cash
5843,2025-07-23,Mooreburgh,South,Camera,Office,1,620,0,620.0,378.84,241.16,UPI
5844,2025-04-07,New Kimberly,East,Camera,Accessories,2,2563,0,5126.0,3838.5,1287.5,Cash
5845,2026-06-14,Perryside,West,Keyboard,Office,4,4563,20,14601.6,10352.22,4249.38,Net Banking
5846,2024-01-14,New Joshuamouth,West,Laptop,Office,1,2036,15,1730.6,1378.04,352.56,UPI
5847,2024-04-18,East Donna,North,Headphones,Office,3,2133,20,5119.2,2842.66,2276.54,Card
5848,2024-07-20,South Reneeside,East,Keyboard,Office,2,3297,10,5934.6,3773.64,2160.96,Net Banking
5849,2024-01-23,Harrisville,South,Monitor,Accessories,4,2310,10,8316.0,4986.71,3329.29,Card
5850,2025-01-26,West Christopher,South,Mouse,Accessories,2,1354,0,2708.0,1794.04,913.96,Cash
5851,2025-05-01,Vargasshire,West,Phone,Electronics,3,1177,20,2824.8,1891.86,932.94,UPI
5852,2024-09-11,Richmondborough,West,Laptop,Office,4,715,20,2288.0,1609.23,678.77,Net Banking
5853,2024-11-07,North Kathryn,East,Monitor,Electronics,5,4954,5,23531.5,16038.22,7493.28,UPI
5854,2026-07-23,Joyton,South,Speaker,Electronics,4,4435,5,16853.0,11048.99,5804.01,UPI
5855,2024-01-03,Sonyaborough,West,Laptop,Accessories,4,1293,20,4137.6,2709.67,1427.93,Card
5856,2025-11-02,Herringhaven,North,Laptop,Electronics,4,4252,10,15307.2,10873.16,4434.04,Net Banking
5857,2025-02-19,Palmerfort,East,Tablet,Electronics,2,202,10,363.6,222.88,140.72,Cash
5858,2025-11-10,North Kimberlybury,North,Headphones,Electronics,1,4861,15,4131.85,2826.39,1305.46,Cash
5859,2025-10-20,West Jamesborough,North,Printer,Office,2,4581,20,7329.6,4866.04,2463.56,Net Banking
5860,2024-04-13,Mcconnellshire,North,Camera,Electronics,1,4403,0,4403.0,2322.71,2080.29,Cash
5861,2025-11-02,East Patricia,North,Keyboard,Accessories,5,1528,5,7258.0,5161.87,2096.13,UPI
5862,2025-03-09,Port Colleen,East,Mouse,Accessories,5,2833,20,11332.0,7917.71,3414.29,Card
5863,2024-01-17,Heatherstad,South,Tablet,Office,4,1200,0,4800.0,3610.19,1189.81,Net Banking
5864,2024-07-08,East Elizabeth,South,Phone,Office,4,3513,5,13349.4,10134.83,3214.57,UPI
5865,2023-09-15,North David,East,Keyboard,Electronics,5,549,10,2470.5,1407.89,1062.61,Net Banking
5866,2024-03-24,New Tinafort,West,Printer,Office,5,4099,10,18445.5,14527.05,3918.45,Cash
5867,2025-10-23,South Susanton,North,Phone,Office,2,1060,20,1696.0,909.83,786.17,Net Banking
5868,2024-04-22,Ryanview,South,Phone,Electronics,3,3890,5,11086.5,7533.45,3553.05,Card
5869,2025-08-14,Franciscoshire,East,Tablet,Electronics,4,3022,20,9670.4,6842.06,2828.34,Card
5870,2024-04-30,Meyerport,North,Camera,Office,1,1174,5,1115.3,593.41,521.89,UPI
5871,2025-05-23,South Markport,South,Headphones,Accessories,4,238,10,856.8,474.08,382.72,Cash
5872,2025-12-13,East Karenchester,North,Printer,Accessories,5,4560,20,18240.0,9622.84,8617.16,Card
5873,2024-12-14,Higginsbury,East,Phone,Accessories,1,3495,5,3320.25,1684.34,1635.91,Cash
5874,2024-12-07,Miguelborough,North,Printer,Office,2,3815,5,7248.5,5530.93,1717.57,UPI
5875,2024-10-01,South Laura,North,Laptop,Electronics,1,4808,10,4327.2,2456.01,1871.19,Net Banking
5876,2025-11-09,Brockshire,West,Headphones,Electronics,5,1581,10,7114.5,3694.78,3419.72,Card
5877,2023-12-13,South Karenburgh,West,Laptop,Electronics,5,247,0,1235.0,697.28,537.72,UPI
5878,2024-11-23,East Jeffrey,East,Laptop,Electronics,5,4687,0,23435.0,17570.54,5864.46,Cash
5879,2025-09-10,Christopherhaven,South,Tablet,Electronics,4,3274,0,13096.0,9947.61,3148.39,Net Banking
5880,2024-07-31,Port Marioville,East,Monitor,Electronics,4,1270,15,4318.0,2362.01,1955.99,UPI
5881,2024-09-11,Michelleside,South,Monitor,Electronics,4,1776,10,6393.6,3635.45,2758.15,UPI
5882,2025-07-09,New Jamesstad,North,Laptop,Accessories,4,1635,15,5559.0,2999.71,2559.29,Cash
5883,2024-03-09,North James,East,Phone,Office,4,1079,15,3668.6,2103.12,1565.48,Cash
5884,2024-01-19,Lawrenceborough,North,Speaker,Accessories,1,1795,5,1705.25,1189.0,516.25,Net Banking
5885,2025-11-12,Christopherfurt,South,Mouse,Electronics,2,551,20,881.6,661.62,219.98,Net Banking
5886,2025-06-06,Perryview,West,Tablet,Accessories,3,864,5,2462.4,1480.86,981.54,Card
5887,2024-03-25,New Shannonmouth,West,Keyboard,Office,2,4715,0,9430.0,5343.88,4086.12,Cash
5888,2026-05-04,Ryanfurt,North,Speaker,Accessories,4,2376,5,9028.8,5113.78,3915.02,UPI
5889,2024-10-27,Curtistown,West,Headphones,Office,1,326,20,260.8,153.75,107.05,Net Banking
5890,2023-08-31,North Edward,East,Tablet,Office,4,3053,0,12212.0,6444.97,5767.03,Card
5891,2025-07-04,Williamsside,North,Keyboard,Office,1,2295,15,1950.75,1187.65,763.1,Cash
5892,2025-10-08,Erikshire,East,Tablet,Office,3,3055,20,7332.0,5242.26,2089.74,Cash
5893,2024-07-02,West Daniel,North,Headphones,Electronics,2,580,0,1160.0,754.7,405.3,Card
5894,2025-03-18,Melissahaven,North,Speaker,Office,1,877,15,745.45,591.34,154.11,UPI
5895,2023-08-18,South Denniston,West,Monitor,Electronics,4,229,20,732.8,391.04,341.76,Net Banking
5896,2025-03-13,Maryton,West,Camera,Accessories,3,1082,20,2596.8,2019.0,577.8,Cash
5897,2026-02-07,Robinmouth,West,Headphones,Office,1,2398,15,2038.3,1076.72,961.58,Card
5898,2024-10-31,Lake Justinborough,West,Monitor,Accessories,5,2424,5,11514.0,8290.2,3223.8,Net Banking
5899,2024-05-21,East Shawnchester,East,Printer,Accessories,2,183,5,347.7,266.5,81.2,UPI
5900,2025-03-19,Daviesbury,East,Keyboard,Accessories,1,1962,15,1667.7,1225.59,442.11,Net Banking
5901,2025-09-25,Annamouth,South,Camera,Electronics,4,2519,0,10076.0,5801.32,4274.68,Net Banking
5902,2023-08-09,Port Mark,East,Monitor,Office,3,2861,5,8153.85,4234.52,3919.33,Cash
5903,2024-12-30,New Kayla,North,Headphones,Office,3,225,20,540.0,425.67,114.33,UPI
5904,2024-11-06,West John,South,Monitor,Accessories,4,4873,10,17542.8,10376.62,7166.18,Cash
5905,2025-03-16,Garzafort,South,Tablet,Office,2,3778,5,7178.2,4867.19,2311.01,UPI
5906,2025-08-01,Lake Amanda,South,Mouse,Accessories,1,303,20,242.4,159.07,83.33,UPI
5907,2024-06-19,Justintown,East,Camera,Electronics,5,1053,10,4738.5,3378.22,1360.28,Card
5908,2025-08-26,South Marc,North,Camera,Electronics,2,3527,0,7054.0,4457.47,2596.53,Net Banking
5909,2025-02-27,Port Jacobberg,East,Monitor,Electronics,1,1471,5,1397.45,850.91,546.54,UPI
5910,2023-11-17,South Andrew,South,Headphones,Office,2,2185,0,4370.0,2775.09,1594.91,UPI
5911,2025-09-25,Port James,West,Monitor,Accessories,5,2937,10,13216.5,10280.21,2936.29,UPI
5912,2026-04-19,Lake Bradley,West,Speaker,Electronics,1,3281,5,3116.95,2472.49,644.46,Cash
5913,2024-11-03,East Michaelport,North,Camera,Electronics,5,2296,20,9184.0,5045.85,4138.15,Card
5914,2025-10-05,Lake Katelyn,North,Laptop,Office,2,3426,20,5481.6,3777.78,1703.82,Card
5915,2026-04-04,Heatherfort,North,Headphones,Electronics,5,3567,10,16051.5,10115.98,5935.52,Net Banking
5916,2026-03-12,North Alan,West,Tablet,Accessories,3,3265,10,8815.5,6314.15,2501.35,Net Banking
5917,2025-09-23,Aaronmouth,North,Printer,Accessories,5,3013,15,12805.25,7054.05,5751.2,Cash
5918,2026-04-22,Michealburgh,South,Monitor,Accessories,1,736,10,662.4,380.45,281.95,UPI
5919,2026-05-25,Williamsbury,North,Laptop,Electronics,5,4842,5,22999.5,15050.7,7948.8,Cash
5920,2025-11-15,Williamsmouth,South,Monitor,Office,3,977,10,2637.9,1507.63,1130.27,Cash
5921,2024-07-06,Colemouth,West,Monitor,Office,2,191,5,362.9,201.66,161.24,UPI
5922,2025-03-01,Richardberg,North,Monitor,Electronics,5,1100,20,4400.0,3244.99,1155.01,Card
5923,2024-08-13,Jacquelineville,West,Camera,Electronics,5,449,10,2020.5,1128.3,892.2,UPI
5924,2023-08-25,Justinmouth,East,Laptop,Electronics,5,1943,0,9715.0,5519.08,4195.92,Net Banking
5925,2023-10-16,West Amyside,North,Speaker,Office,4,3900,15,13260.0,8986.85,4273.15,UPI
5926,2025-09-18,Samanthatown,North,Speaker,Accessories,1,2790,0,2790.0,2101.93,688.07,UPI
5927,2025-11-17,Lake Timothy,East,Monitor,Office,5,2999,15,12745.75,7494.13,5251.62,Cash
5928,2023-11-07,Jessicachester,North,Mouse,Electronics,1,3675,20,2940.0,2302.34,637.66,Net Banking
5929,2026-05-18,Michaelberg,East,Keyboard,Electronics,4,3956,5,15032.8,10007.2,5025.6,Cash
5930,2024-06-22,North Heidi,East,Speaker,Accessories,3,3484,15,8884.2,5573.8,3310.4,Card
5931,2024-08-22,East Christinashire,South,Headphones,Office,5,3189,5,15147.75,10922.42,4225.33,Net Banking
5932,2025-06-02,South Kellyberg,West,Laptop,Electronics,2,1471,10,2647.8,2076.75,571.05,UPI
5933,2026-07-15,West Timothy,East,Phone,Accessories,5,430,10,1935.0,1204.97,730.03,UPI
5934,2026-01-24,Salazarfurt,West,Tablet,Office,2,2624,5,4985.6,2524.29,2461.31,Card
5935,2025-12-17,Blacktown,North,Tablet,Electronics,2,4829,20,7726.4,4892.26,2834.14,Cash
5936,2025-11-13,Camerontown,North,Headphones,Office,1,4876,0,4876.0,3126.67,1749.33,Cash
5937,2025-06-03,Lindaport,West,Mouse,Office,2,2047,15,3479.9,2522.25,957.65,Card
5938,2024-11-12,East Karenport,South,Phone,Office,4,2142,20,6854.4,3520.27,3334.13,Cash
5939,2026-03-17,Andrewstad,West,Phone,Accessories,2,2453,0,4906.0,2730.35,2175.65,Card
5940,2024-07-28,Stephaniefort,East,Camera,Accessories,4,1118,0,4472.0,2381.77,2090.23,Card
5941,2023-11-15,Mariehaven,West,Keyboard,Office,1,3747,5,3559.65,2052.5,1507.15,Cash
5942,2024-08-31,North Paulberg,East,Monitor,Accessories,3,1091,10,2945.7,2201.75,743.95,Cash
5943,2025-08-30,South Brittany,West,Printer,Office,4,1689,0,6756.0,4699.29,2056.71,Cash
5944,2025-11-12,West Andrew,West,Laptop,Electronics,5,1542,15,6553.5,4067.93,2485.57,Cash
5945,2023-09-08,North Spencer,East,Printer,Office,2,4595,5,8730.5,4484.02,4246.48,Cash
5946,2026-03-09,West Cindy,West,Laptop,Office,4,4254,0,17016.0,10573.41,6442.59,UPI
5947,2026-01-14,West Christineland,North,Headphones,Accessories,3,661,20,1586.4,1118.63,467.77,Cash
5948,2023-10-08,West Mark,South,Tablet,Electronics,4,1612,20,5158.4,3394.52,1763.88,Net Banking
5949,2024-01-09,North Meghanport,West,Keyboard,Accessories,2,2248,15,3821.6,1949.76,1871.84,Card
5950,2026-07-10,West Kristinatown,North,Printer,Electronics,1,2245,20,1796.0,1003.15,792.85,Card
5951,2023-12-22,North Roberttown,South,Printer,Office,4,1195,5,4541.0,3073.54,1467.46,UPI
5952,2025-12-28,Port Jamesborough,North,Printer,Office,3,2880,0,8640.0,6004.63,2635.37,Card
5953,2026-07-04,South Tracymouth,West,Mouse,Accessories,3,4750,0,14250.0,9923.12,4326.88,Net Banking
5954,2026-06-16,East Charlesmouth,South,Printer,Office,3,4856,5,13839.6,9931.39,3908.21,Net Banking
5955,2024-10-08,Port Matthewstad,West,Headphones,Office,5,884,5,4199.0,3205.25,993.75,Card
5956,2026-06-09,Paulstad,East,Monitor,Electronics,4,4674,0,18696.0,12479.2,6216.8,Card
5957,2026-07-29,South Dianeland,South,Phone,Electronics,3,4227,20,10144.8,5830.43,4314.37,Net Banking
5958,2025-09-30,Stephanietown,South,Keyboard,Office,4,619,15,2104.6,1084.72,1019.88,Cash
5959,2026-03-16,Lake Arthur,North,Headphones,Office,1,3979,20,3183.2,2026.18,1157.02,Net Banking
5960,2024-01-04,South Trevormouth,West,Mouse,Office,3,4997,0,14991.0,9618.57,5372.43,UPI
5961,2024-01-25,Smithton,North,Tablet,Accessories,1,2873,0,2873.0,1650.41,1222.59,UPI
5962,2024-05-18,South Michael,West,Speaker,Office,2,4450,20,7120.0,4989.41,2130.59,Card
5963,2025-06-02,Nicolefort,South,Laptop,Office,5,4524,10,20358.0,15710.52,4647.48,Card
5964,2024-09-25,Bishopburgh,West,Speaker,Accessories,2,3770,20,6032.0,3190.46,2841.54,Card
5965,2026-03-02,Edwardton,West,Speaker,Office,5,2694,5,12796.5,9575.12,3221.38,Card
5966,2024-04-08,New Jamie,East,Printer,Accessories,2,1528,0,3056.0,1930.17,1125.83,UPI
5967,2025-06-19,Port Alexanderville,South,Keyboard,Electronics,1,2890,15,2456.5,1817.64,638.86,Net Banking
5968,2026-07-01,Luisland,East,Tablet,Accessories,4,4626,0,18504.0,9610.15,8893.85,UPI
5969,2025-11-12,Lake Kathryn,North,Mouse,Accessories,1,2368,0,2368.0,1786.96,581.04,Net Banking
5970,2025-12-15,New Caitlinside,South,Tablet,Electronics,1,1398,0,1398.0,1113.04,284.96,Cash
5971,2025-01-09,Port Grant,West,Headphones,Electronics,5,3757,10,16906.5,11008.45,5898.05,Net Banking
5972,2025-02-01,Port Cathyton,West,Keyboard,Electronics,5,4656,15,19788.0,14065.13,5722.87,Net Banking
5973,2023-08-15,Jeffreychester,South,Speaker,Office,4,3436,0,13744.0,9772.66,3971.34,Cash
5974,2024-04-21,Liuville,North,Tablet,Accessories,1,2067,15,1756.95,1172.24,584.71,Net Banking
5975,2024-05-06,Whitemouth,East,Keyboard,Accessories,3,709,15,1807.95,1225.97,581.98,Net Banking
5976,2024-08-25,Barrymouth,East,Tablet,Electronics,2,2120,15,3604.0,2603.53,1000.47,Cash
5977,2025-03-10,South Adam,West,Camera,Office,3,1913,10,5165.1,3329.19,1835.91,Cash
5978,2024-01-14,Aprilville,East,Printer,Electronics,5,1231,20,4924.0,2870.56,2053.44,Net Banking
5979,2025-01-19,North Theresachester,South,Camera,Accessories,1,4488,20,3590.4,2777.52,812.88,Cash
5980,2024-06-02,Williamhaven,West,Laptop,Accessories,5,4733,5,22481.75,12523.07,9958.68,Card
5981,2023-12-11,New Raymond,East,Tablet,Accessories,3,2287,10,6174.9,3095.5,3079.4,UPI
5982,2023-09-16,Port Amanda,South,Speaker,Accessories,2,1087,15,1847.9,1374.11,473.79,UPI
5983,2024-02-17,South Jonathanhaven,West,Tablet,Electronics,4,988,0,3952.0,3117.18,834.82,Card
5984,2025-08-23,Terrellstad,North,Mouse,Electronics,5,2490,0,12450.0,7057.13,5392.87,Net Banking
5985,2025-09-04,New Stevenstad,North,Printer,Office,3,837,5,2385.45,1505.49,879.96,Net Banking
5986,2026-03-25,Angelabury,West,Phone,Office,3,2713,0,8139.0,4106.56,4032.44,Net Banking
5987,2024-11-06,Molinaborough,South,Phone,Electronics,1,4163,20,3330.4,1872.0,1458.4,Card
5988,2024-08-29,East Rodneybury,West,Monitor,Office,5,2590,0,12950.0,7121.73,5828.27,Cash
5989,2025-06-28,Yeseniachester,West,Monitor,Accessories,2,3040,0,6080.0,3160.31,2919.69,Cash
5990,2025-09-26,Kristiport,West,Keyboard,Office,3,2716,15,6925.8,4088.88,2836.92,Card
5991,2025-12-17,West Jameston,West,Laptop,Accessories,5,683,0,3415.0,2409.78,1005.22,Net Banking
5992,2026-05-05,Gillshire,East,Phone,Electronics,1,2863,10,2576.7,1658.5,918.2,Net Banking
5993,2026-04-02,West Yvonne,North,Tablet,Office,1,334,15,283.9,221.0,62.9,UPI
5994,2026-03-02,Lake Melissa,West,Laptop,Office,3,1686,0,5058.0,3197.42,1860.58,Card
5995,2025-11-09,West Christinaland,West,Speaker,Electronics,3,2491,10,6725.7,4122.73,2602.97,UPI
5996,2024-07-28,Lewischester,West,Speaker,Accessories,3,1844,5,5255.4,3824.59,1430.81,Cash
5997,2025-06-05,Reyesborough,North,Tablet,Office,4,2823,10,10162.8,5882.81,4279.99,Card
5998,2026-05-12,Lake Jerrymouth,South,Keyboard,Office,3,1579,15,4026.45,2039.07,1987.38,Card
5999,2025-04-20,North Tammyberg,West,Laptop,Office,3,4923,15,12553.65,8492.74,4060.91,UPI
6000,2024-04-09,Kennethshire,North,Mouse,Electronics,5,3919,10,17635.5,11555.81,6079.69,Cash
6001,2025-07-11,Matthewberg,East,Printer,Accessories,1,1680,15,1428.0,1134.32,293.68,Cash
6002,2023-09-29,New Justin,West,Phone,Office,3,962,5,2741.7,2030.5,711.2,Card
6003,2025-09-23,New Jameshaven,South,Laptop,Office,4,563,5,2139.4,1171.21,968.19,Cash
6004,2025-11-25,East Laurachester,North,Keyboard,Accessories,3,1864,0,5592.0,3947.68,1644.32,Cash
6005,2024-01-07,New Alice,North,Laptop,Accessories,3,3700,20,8880.0,6067.25,2812.75,Card
6006,2024-10-31,East Richard,West,Headphones,Electronics,3,3385,15,8631.75,6339.96,2291.79,UPI
6007,2026-05-03,East Sherry,South,Camera,Office,4,1818,15,6181.2,3736.77,2444.43,UPI
6008,2024-08-20,Port Anthonyton,South,Tablet,Accessories,3,994,0,2982.0,1745.8,1236.2,Net Banking
6009,2025-08-01,Leahside,South,Headphones,Office,4,3210,15,10914.0,7441.84,3472.16,Card
6010,2025-12-31,Williamsview,North,Speaker,Accessories,3,3237,15,8254.35,4667.31,3587.04,Net Banking
6011,2025-10-09,East Margaretburgh,North,Headphones,Electronics,3,2790,15,7114.5,4800.77,2313.73,Cash
6012,2023-12-10,Richardburgh,East,Mouse,Electronics,3,2262,0,6786.0,5271.19,1514.81,Card
6013,2023-12-19,Hawkinsmouth,East,Phone,Electronics,4,4916,15,16714.4,10381.39,6333.01,Net Banking
6014,2024-04-30,Johnview,West,Printer,Office,4,4088,10,14716.8,10742.67,3974.13,Net Banking
6015,2025-02-06,Jennytown,West,Keyboard,Office,5,166,20,664.0,484.59,179.41,UPI
6016,2025-02-01,Lauraview,East,Speaker,Electronics,3,1101,20,2642.4,1870.32,772.08,Cash
6017,2023-10-11,Port Brittanymouth,East,Camera,Accessories,5,533,10,2398.5,1767.66,630.84,Card
6018,2023-10-26,North Shelia,East,Mouse,Accessories,4,536,15,1822.4,986.49,835.91,Card
6019,2025-03-06,Abigailhaven,East,Mouse,Accessories,4,4693,15,15956.2,8283.23,7672.97,Card
6020,2026-07-23,Riverston,West,Monitor,Electronics,5,3993,10,17968.5,13861.79,4106.71,Card
6021,2025-10-22,Lake Katiefort,North,Keyboard,Accessories,5,1115,10,5017.5,3083.5,1934.0,Card
6022,2023-09-27,Murphyshire,North,Laptop,Office,5,353,5,1676.75,996.4,680.35,Cash
6023,2024-12-10,West Melissamouth,West,Monitor,Electronics,5,4153,15,17650.25,11255.83,6394.42,UPI
6024,2024-03-15,East Robinstad,South,Monitor,Accessories,2,4816,20,7705.6,4350.95,3354.65,Net Banking
6025,2025-04-21,North Jasonshire,West,Keyboard,Electronics,5,4016,10,18072.0,13227.97,4844.03,Net Banking
6026,2025-06-14,North Garytown,West,Tablet,Office,4,649,20,2076.8,1289.64,787.16,Net Banking
6027,2023-12-08,East Thomas,South,Keyboard,Office,5,3468,0,17340.0,10770.33,6569.67,Net Banking
6028,2026-04-07,Zacharystad,South,Headphones,Office,2,4475,0,8950.0,5124.21,3825.79,Net Banking
6029,2024-10-27,North Dawnchester,East,Laptop,Office,2,2582,20,4131.2,2704.75,1426.45,Cash
6030,2024-05-29,Carlosshire,East,Speaker,Accessories,4,3348,10,12052.8,8952.19,3100.61,Net Banking
6031,2026-05-07,East Susanshire,East,Keyboard,Accessories,1,2662,5,2528.9,1563.48,965.42,Cash
6032,2024-07-26,Jonesmouth,West,Tablet,Electronics,3,945,5,2693.25,1434.64,1258.61,UPI
6033,2026-04-27,Masseyview,South,Mouse,Office,5,357,0,1785.0,1267.69,517.31,Card
6034,2024-04-30,South Adrian,South,Laptop,Accessories,5,174,0,870.0,641.15,228.85,Card
6035,2026-01-31,East Brittneyberg,East,Tablet,Office,4,2732,0,10928.0,6410.92,4517.08,Net Banking
6036,2025-09-16,Kristiland,North,Speaker,Electronics,5,3530,20,14120.0,7227.02,6892.98,Card
6037,2024-03-01,West Jasonshire,East,Laptop,Accessories,2,832,10,1497.6,808.57,689.03,UPI
6038,2024-10-19,Stevenland,East,Headphones,Accessories,3,3836,10,10357.2,6775.77,3581.43,Net Banking
6039,2024-05-09,Glasstown,South,Camera,Accessories,5,3518,0,17590.0,12233.78,5356.22,Card
6040,2026-07-23,Englishtown,West,Speaker,Accessories,2,1953,5,3710.7,2778.16,932.54,Card
6041,2025-11-22,South Annfort,East,Camera,Accessories,1,867,20,693.6,402.51,291.09,Net Banking
6042,2024-05-12,Collinsmouth,East,Laptop,Office,1,3492,5,3317.4,2538.71,778.69,Net Banking
6043,2025-08-27,Rogersborough,East,Phone,Office,3,635,0,1905.0,1074.69,830.31,Net Banking
6044,2024-01-05,Contrerasberg,South,Keyboard,Accessories,2,1579,15,2684.3,1638.98,1045.32,Net Banking
6045,2025-07-13,Port Zacharyfort,North,Headphones,Office,3,3065,10,8275.5,5204.02,3071.48,UPI
6046,2026-07-03,Hopkinsside,West,Camera,Office,2,4537,10,8166.6,5889.98,2276.62,Card
6047,2024-10-09,Christinamouth,North,Speaker,Office,4,2232,10,8035.2,5644.41,2390.79,Card
6048,2025-02-08,South Brian,East,Keyboard,Accessories,5,1038,10,4671.0,3287.89,1383.11,Cash
6049,2026-06-11,Lake Adamchester,West,Laptop,Accessories,2,2908,15,4943.6,2657.74,2285.86,UPI
6050,2026-07-07,Kruegermouth,West,Monitor,Electronics,2,4251,10,7651.8,6049.9,1601.9,Card
6051,2026-07-31,Port Danielle,North,Printer,Office,3,455,15,1160.25,814.26,345.99,Cash
6052,2025-11-30,Port Elizabethland,South,Mouse,Electronics,1,3166,20,2532.8,1938.63,594.17,Cash
6053,2026-04-18,Port Jamesmouth,North,Headphones,Electronics,3,2307,15,5882.85,4198.74,1684.11,Net Banking
6054,2025-11-02,South Chadmouth,East,Speaker,Accessories,5,289,15,1228.25,654.16,574.09,Card
6055,2024-05-03,Robertview,North,Keyboard,Electronics,4,1374,10,4946.4,2826.97,2119.43,Cash
6056,2024-10-30,Navarroside,East,Mouse,Electronics,5,2335,15,9923.75,5882.93,4040.82,UPI
6057,2025-07-24,East David,South,Keyboard,Electronics,3,2182,0,6546.0,3393.15,3152.85,Cash
6058,2025-06-21,Dianafurt,North,Monitor,Office,1,3968,20,3174.4,2060.04,1114.36,Card
6059,2024-03-25,Clarkfurt,East,Keyboard,Electronics,5,320,0,1600.0,915.15,684.85,Card
6060,2024-12-03,Jeffreyview,East,Monitor,Office,4,1264,0,5056.0,3883.42,1172.58,Cash
6061,2026-07-09,Owensstad,West,Monitor,Accessories,4,1309,20,4188.8,2473.32,1715.48,Cash
6062,2023-10-20,Port Ericfurt,South,Speaker,Electronics,4,4575,5,17385.0,13043.8,4341.2,Cash
6063,2025-11-15,East Mary,East,Phone,Office,2,686,0,1372.0,924.05,447.95,Cash
6064,2023-10-21,Mauriceport,South,Printer,Electronics,4,4580,15,15572.0,10265.47,5306.53,Cash
6065,2024-03-09,West Ashleyland,West,Printer,Electronics,4,1575,20,5040.0,2886.28,2153.72,UPI
6066,2023-11-18,Whitemouth,East,Speaker,Office,1,4694,20,3755.2,2511.24,1243.96,Cash
6067,2025-02-22,North Jameston,East,Tablet,Electronics,4,245,15,833.0,604.85,228.15,Cash
6068,2024-01-27,North Katherinetown,South,Camera,Electronics,4,3931,0,15724.0,12088.41,3635.59,Net Banking
6069,2024-10-29,Danielstown,North,Speaker,Office,3,4363,15,11125.65,8308.2,2817.45,UPI
6070,2025-07-20,South Roy,South,Laptop,Accessories,2,383,15,651.1,392.24,258.86,Net Banking
6071,2025-08-28,East Jeanne,South,Speaker,Electronics,5,484,15,2057.0,1633.8,423.2,Net Banking
6072,2024-10-19,Lake Tracyton,West,Keyboard,Office,3,4466,10,12058.2,7765.52,4292.68,Card
6073,2024-12-07,Robertland,East,Mouse,Electronics,1,1320,10,1188.0,818.22,369.78,Net Banking
6074,2025-04-22,West Caleb,North,Phone,Electronics,2,929,20,1486.4,958.93,527.47,Card
6075,2024-10-19,South Markberg,South,Speaker,Office,1,1704,15,1448.4,936.37,512.03,UPI
6076,2024-02-03,Lake George,North,Tablet,Accessories,4,2169,5,8242.2,6329.7,1912.5,Net Banking
6077,2025-07-21,Changside,West,Speaker,Electronics,3,4060,0,12180.0,9711.15,2468.85,Cash
6078,2026-03-22,Port Andrewchester,South,Laptop,Office,2,3728,10,6710.4,4201.31,2509.09,Card
6079,2024-01-17,Debbieberg,North,Tablet,Electronics,1,1679,0,1679.0,1167.62,511.38,Card
6080,2025-01-12,Jasonland,North,Laptop,Accessories,2,842,10,1515.6,829.79,685.81,Cash
6081,2025-10-21,West Kayla,East,Keyboard,Electronics,1,3239,15,2753.15,1964.1,789.05,Net Banking
6082,2024-06-27,Zhangtown,South,Phone,Accessories,1,2531,5,2404.45,1603.45,801.0,Net Banking
6083,2026-07-19,Port Danielle,East,Tablet,Office,2,1838,5,3492.2,2637.98,854.22,Cash
6084,2025-09-05,Robbinshaven,North,Tablet,Electronics,3,3984,0,11952.0,6112.74,5839.26,Net Banking
6085,2025-09-28,East Garymouth,South,Phone,Accessories,4,2040,15,6936.0,5357.13,1578.87,UPI
6086,2023-12-09,Mitchellfort,South,Speaker,Electronics,5,1065,0,5325.0,2758.29,2566.71,Cash
6087,2025-03-27,Port Melanie,North,Camera,Electronics,4,4466,0,17864.0,12825.0,5039.0,Cash
6088,2025-09-18,Lesliestad,West,Monitor,Office,4,2323,15,7898.2,5460.15,2438.05,Cash
6089,2024-09-28,Moorestad,South,Keyboard,Accessories,4,3087,15,10495.8,7113.74,3382.06,Net Banking
6090,2024-02-21,Mirandaport,North,Laptop,Office,3,4925,10,13297.5,9713.34,3584.16,Card
6091,2024-06-01,North David,West,Monitor,Electronics,4,4435,10,15966.0,10569.18,5396.82,Card
6092,2025-03-13,New Alanview,South,Keyboard,Accessories,1,4507,0,4507.0,2644.27,1862.73,Card
6093,2026-02-04,Sarastad,South,Laptop,Accessories,1,2260,20,1808.0,1347.59,460.41,UPI
6094,2024-08-16,Crosbyview,West,Monitor,Accessories,1,292,5,277.4,171.38,106.02,Cash
6095,2024-05-15,Lake William,West,Mouse,Office,4,2944,5,11187.2,8320.28,2866.92,UPI
6096,2024-04-21,South Scottmouth,North,Phone,Accessories,4,1827,20,5846.4,3167.87,2678.53,Card
6097,2023-09-14,Lake Yvonne,East,Printer,Electronics,2,531,5,1008.9,759.51,249.39,UPI
6098,2023-10-19,Evansburgh,South,Laptop,Office,4,1535,15,5219.0,4107.34,1111.66,UPI
6099,2024-07-04,Jeremymouth,West,Phone,Electronics,3,4633,0,13899.0,9181.4,4717.6,Card
6100,2023-09-15,Carolynport,South,Laptop,Accessories,3,4213,0,12639.0,7466.81,5172.19,Cash
6101,2025-06-16,Port Kimberly,South,Camera,Electronics,4,4062,5,15435.6,8147.32,7288.28,Net Banking
6102,2023-09-20,Kimton,North,Camera,Accessories,5,965,0,4825.0,3229.86,1595.14,Net Banking
6103,2026-01-27,East Juliaton,South,Tablet,Accessories,2,3110,5,5909.0,3105.62,2803.38,Card
6104,2023-09-20,Smithside,North,Tablet,Office,4,1038,0,4152.0,2091.56,2060.44,Net Banking
6105,2025-05-09,East Shane,East,Phone,Accessories,5,3648,10,16416.0,10272.4,6143.6,Net Banking
6106,2025-09-30,East Ann,West,Printer,Office,2,2966,20,4745.6,3568.56,1177.04,Cash
6107,2024-01-12,Guzmanfort,East,Headphones,Accessories,2,3922,10,7059.6,5598.98,1460.62,Net Banking
6108,2025-01-08,Phillipsfurt,West,Camera,Electronics,4,3211,20,10275.2,6934.55,3340.65,Cash
6109,2024-05-25,West Cassandra,South,Keyboard,Office,1,3278,15,2786.3,1421.58,1364.72,Net Banking
6110,2023-12-16,Colemanville,North,Speaker,Accessories,1,917,10,825.3,580.11,245.19,UPI
6111,2023-09-09,West Jamesfurt,North,Speaker,Office,4,728,10,2620.8,1816.84,803.96,Net Banking
6112,2024-11-16,North Brittanystad,East,Camera,Accessories,2,1253,5,2380.7,1231.74,1148.96,Card
6113,2026-06-09,Lake Kristinefort,North,Monitor,Office,3,4941,15,12599.55,6584.41,6015.14,Cash
6114,2023-12-06,West Ambershire,North,Tablet,Electronics,2,1985,20,3176.0,2325.05,850.95,UPI
6115,2025-08-30,East Reneeland,North,Monitor,Office,4,1617,20,5174.4,3728.33,1446.07,Net Banking
6116,2025-01-17,Parkerborough,North,Monitor,Electronics,4,538,5,2044.4,1038.58,1005.82,Card
6117,2025-11-05,East Connor,South,Tablet,Electronics,3,1738,10,4692.6,3494.59,1198.01,Cash
6118,2025-04-20,Adamtown,West,Camera,Office,4,4420,0,17680.0,12512.4,5167.6,Card
6119,2024-03-10,East Andres,East,Phone,Office,3,4091,5,11659.35,6860.8,4798.55,Net Banking
6120,2024-04-27,Leonardburgh,West,Mouse,Electronics,4,3275,5,12445.0,6574.71,5870.29,UPI
6121,2023-08-31,Leslietown,South,Speaker,Office,5,3434,10,15453.0,10043.41,5409.59,Card
6122,2026-02-19,Boltonville,East,Printer,Accessories,2,3301,20,5281.6,3015.14,2266.46,UPI
6123,2023-10-22,Madelineberg,North,Tablet,Office,5,1511,20,6044.0,4560.56,1483.44,Card
6124,2024-02-07,Tracychester,East,Mouse,Office,5,4926,0,24630.0,16426.89,8203.11,Card
6125,2026-02-10,West Kristinatown,South,Keyboard,Electronics,4,1245,15,4233.0,2721.96,1511.04,Card
6126,2025-11-28,Lake Joanmouth,West,Tablet,Accessories,3,4369,0,13107.0,7067.17,6039.83,Card
6127,2026-05-01,North Robert,West,Mouse,Accessories,3,157,10,423.9,313.36,110.54,Net Banking
6128,2025-03-25,East Eric,South,Mouse,Accessories,4,2894,5,10997.2,8302.16,2695.04,Net Banking
6129,2025-04-01,Clarkeport,South,Phone,Accessories,5,2812,0,14060.0,8768.76,5291.24,Cash
6130,2023-09-01,Marcushaven,South,Printer,Accessories,1,3879,0,3879.0,2227.56,1651.44,Cash
6131,2025-01-11,Clinefurt,East,Laptop,Office,3,3821,0,11463.0,8178.94,3284.06,UPI
6132,2026-07-20,Roachborough,North,Camera,Accessories,3,3701,10,9992.7,7043.71,2948.99,Net Banking
6133,2025-06-08,Jamesberg,North,Keyboard,Office,3,4480,15,11424.0,7486.11,3937.89,Card
6134,2026-07-17,West Tara,West,Printer,Electronics,1,1564,15,1329.4,838.47,490.93,Card
6135,2023-09-03,Debbieton,South,Mouse,Accessories,3,2444,20,5865.6,3243.31,2622.29,Card
6136,2024-04-04,Lake Aaron,North,Keyboard,Accessories,3,4532,20,10876.8,5825.71,5051.09,Card
6137,2025-12-28,East Tiffanyview,East,Mouse,Accessories,3,983,15,2506.65,1572.11,934.54,UPI
6138,2026-01-05,West Davidbury,North,Laptop,Office,3,908,0,2724.0,1888.87,835.13,UPI
6139,2025-07-19,Port Cynthia,North,Headphones,Office,3,3888,5,11080.8,7429.14,3651.66,Card
6140,2026-01-24,Bethfort,North,Phone,Electronics,3,4358,10,11766.6,6877.8,4888.8,Net Banking
6141,2026-05-03,Nicolehaven,West,Phone,Accessories,4,701,5,2663.8,2040.45,623.35,Net Banking
6142,2025-09-01,North Michael,North,Speaker,Electronics,5,2869,5,13627.75,10197.3,3430.45,Net Banking
6143,2026-07-31,Lisaborough,East,Laptop,Office,3,2323,15,5923.65,3974.63,1949.02,UPI
6144,2025-03-16,Lake Debrabury,South,Headphones,Office,2,335,20,536.0,363.69,172.31,UPI
6145,2024-12-01,West Megan,West,Monitor,Office,4,2241,0,8964.0,6109.02,2854.98,Cash
6146,2025-08-03,Contrerasview,West,Mouse,Accessories,1,1366,20,1092.8,626.76,466.04,Card
6147,2025-06-06,East Dylanfort,South,Printer,Electronics,4,2713,20,8681.6,5519.76,3161.84,Card
6148,2025-05-26,Yorkstad,South,Tablet,Electronics,2,4606,15,7830.2,4667.38,3162.82,UPI
6149,2024-01-11,South Robertchester,North,Phone,Office,5,166,10,747.0,503.39,243.61,UPI
6150,2023-08-07,North Meganstad,South,Camera,Office,1,2126,0,2126.0,1063.29,1062.71,Card
6151,2025-05-08,Lake Debraborough,South,Headphones,Electronics,5,3354,20,13416.0,9670.91,3745.09,Card
6152,2023-10-08,Alyssamouth,North,Tablet,Office,1,3821,0,3821.0,1980.9,1840.1,Card
6153,2026-03-13,Rodriguezstad,West,Headphones,Electronics,2,1779,20,2846.4,1822.3,1024.1,Cash
6154,2024-08-14,Port Seantown,North,Speaker,Office,3,666,10,1798.2,1358.3,439.9,UPI
6155,2026-03-09,Brianview,South,Speaker,Office,4,121,5,459.8,292.57,167.23,Card
6156,2023-09-01,New Jeanstad,West,Keyboard,Accessories,5,2625,5,12468.75,8711.43,3757.32,Card
6157,2023-11-27,South Crystal,West,Keyboard,Office,3,4882,5,13913.7,9893.29,4020.41,Net Banking
6158,2024-12-20,Zacharyside,North,Speaker,Electronics,3,2752,10,7430.4,5072.75,2357.65,Card
6159,2023-11-21,Port Anna,East,Camera,Electronics,2,3044,10,5479.2,4135.45,1343.75,Card
6160,2026-02-13,New Willie,North,Tablet,Electronics,3,3376,5,9621.6,6680.2,2941.4,UPI
6161,2026-06-18,Tuckerhaven,South,Laptop,Office,3,2731,20,6554.4,4237.26,2317.14,Card
6162,2026-04-30,Cohenbury,North,Speaker,Accessories,5,3453,0,17265.0,10040.67,7224.33,UPI
6163,2024-06-23,Laurenhaven,South,Laptop,Electronics,4,3933,20,12585.6,7530.26,5055.34,Net Banking
6164,2025-09-24,South Jamesmouth,North,Mouse,Accessories,5,4261,20,17044.0,12010.37,5033.63,Cash
6165,2026-07-15,Doylechester,North,Camera,Office,5,762,0,3810.0,2547.85,1262.15,Card
6166,2024-08-19,South Duane,East,Printer,Office,5,2390,10,10755.0,7904.5,2850.5,Net Banking
6167,2023-10-29,New Ryan,North,Speaker,Electronics,3,4907,10,13248.9,6795.07,6453.83,Net Banking
6168,2024-05-08,New Ernestfurt,East,Printer,Electronics,2,4627,20,7403.2,5856.28,1546.92,Net Banking
6169,2023-09-10,Cordovahaven,North,Monitor,Accessories,2,275,0,550.0,366.98,183.02,UPI
6170,2024-12-17,West Christopher,South,Monitor,Accessories,1,4768,15,4052.8,2373.19,1679.61,Cash
6171,2025-01-23,Kaitlynbury,East,Tablet,Office,2,1155,10,2079.0,1253.96,825.04,UPI
6172,2025-02-13,Thomasmouth,North,Laptop,Electronics,5,2299,15,9770.75,7282.97,2487.78,Cash
6173,2025-08-28,North Sabrinashire,West,Headphones,Accessories,5,1011,5,4802.25,3525.42,1276.83,Card
6174,2026-02-01,Christopherport,North,Headphones,Accessories,3,2438,15,6216.9,4373.68,1843.22,UPI
6175,2024-04-29,Port Richardton,West,Headphones,Accessories,5,425,15,1806.25,1388.79,417.46,Cash
6176,2025-05-29,Lake Henrytown,West,Camera,Electronics,4,514,20,1644.8,1285.62,359.18,Cash
6177,2024-04-16,Hallland,West,Keyboard,Electronics,5,4025,15,17106.25,10035.44,7070.81,Card
6178,2024-07-29,Port Norman,North,Speaker,Electronics,3,3700,5,10545.0,7390.03,3154.97,UPI
6179,2026-04-10,Avilatown,West,Mouse,Office,1,3520,5,3344.0,1939.89,1404.11,UPI
6180,2025-01-03,Lake Rachel,South,Laptop,Office,5,217,10,976.5,748.79,227.71,Card
6181,2026-04-25,Garciashire,West,Monitor,Accessories,2,1695,0,3390.0,2016.4,1373.6,Card
6182,2024-11-25,Salazarland,South,Printer,Accessories,2,3644,20,5830.4,4270.13,1560.27,Net Banking
6183,2026-04-30,Jenniferchester,East,Headphones,Accessories,3,3780,10,10206.0,7330.97,2875.03,Net Banking
6184,2023-09-16,Walkerfurt,East,Laptop,Office,5,2752,15,11696.0,8924.52,2771.48,Net Banking
6185,2024-11-30,Port Johnathanchester,South,Tablet,Accessories,4,2290,20,7328.0,4712.53,2615.47,Net Banking
6186,2025-02-13,West James,South,Monitor,Accessories,1,1936,0,1936.0,997.78,938.22,Cash
6187,2026-07-26,West Shawn,South,Mouse,Accessories,4,2271,10,8175.6,6168.92,2006.68,Cash
6188,2026-07-05,South Michelle,East,Mouse,Accessories,2,4892,10,8805.6,6081.42,2724.18,UPI
6189,2024-03-24,Alicechester,East,Tablet,Electronics,3,1068,10,2883.6,1763.5,1120.1,Card
6190,2026-06-05,Smithtown,East,Phone,Electronics,4,430,15,1462.0,995.63,466.37,UPI
6191,2025-06-17,West Krista,West,Monitor,Office,5,3326,0,16630.0,9301.94,7328.06,Cash
6192,2024-10-07,New Theresastad,North,Keyboard,Electronics,3,4719,10,12741.3,6995.73,5745.57,Card
6193,2026-01-02,Port Alexandra,West,Camera,Office,3,727,20,1744.8,1221.92,522.88,UPI
6194,2024-10-13,New Rodney,West,Camera,Office,1,4358,0,4358.0,3304.35,1053.65,Net Banking
6195,2025-06-14,Gomezburgh,East,Printer,Office,3,1686,15,4299.3,2216.21,2083.09,UPI
6196,2025-09-02,New Joshua,West,Phone,Accessories,5,4357,10,19606.5,13353.68,6252.82,Card
6197,2023-08-13,West Reneeburgh,South,Mouse,Accessories,4,4797,10,17269.2,11071.26,6197.94,Net Banking
6198,2025-10-23,East Williamfurt,West,Phone,Accessories,5,4468,20,17872.0,10073.92,7798.08,UPI
6199,2025-07-04,Charlesport,East,Printer,Office,5,4036,15,17153.0,10547.89,6605.11,UPI
6200,2026-03-06,Port Larry,West,Monitor,Electronics,5,2499,5,11870.25,6224.62,5645.63,UPI
6201,2024-08-26,Elizabethton,North,Monitor,Electronics,4,4723,0,18892.0,13074.36,5817.64,UPI
6202,2026-01-11,Pachecoton,West,Mouse,Electronics,2,3539,0,7078.0,4325.74,2752.26,Card
6203,2026-06-27,Annaburgh,West,Tablet,Office,5,2573,10,11578.5,7946.92,3631.58,Cash
6204,2026-06-08,West Audrey,West,Printer,Electronics,3,4730,0,14190.0,9821.11,4368.89,Card
6205,2024-01-05,South Angela,South,Phone,Office,1,4163,20,3330.4,1906.76,1423.64,Card
6206,2024-07-22,Samuelborough,South,Mouse,Accessories,3,4863,10,13130.1,6994.85,6135.25,Card
6207,2026-03-05,Lake Williamhaven,North,Headphones,Accessories,2,1545,10,2781.0,1968.7,812.3,Cash
6208,2023-09-24,New Haroldport,West,Headphones,Office,3,4195,0,12585.0,9754.87,2830.13,Net Banking
6209,2026-03-21,North Joseph,East,Speaker,Electronics,3,1801,10,4862.7,2581.15,2281.55,Net Banking
6210,2025-04-04,Lake Virginiabury,South,Keyboard,Electronics,2,1196,15,2033.2,1444.08,589.12,Net Banking
6211,2026-02-08,Lake Theresa,North,Laptop,Accessories,3,372,5,1060.2,696.97,363.23,UPI
6212,2024-04-19,Michaelfort,East,Keyboard,Electronics,4,3277,5,12452.6,9328.55,3124.05,Cash
6213,2025-08-27,Coryfurt,West,Keyboard,Electronics,4,116,5,440.8,306.3,134.5,Cash
6214,2025-07-04,South James,South,Speaker,Office,4,2375,0,9500.0,6774.5,2725.5,Net Banking
6215,2025-04-03,Rodriguezbury,East,Phone,Accessories,1,1501,10,1350.9,736.54,614.36,Card
6216,2024-07-22,Thompsonfurt,South,Tablet,Office,3,880,15,2244.0,1209.99,1034.01,Cash
6217,2023-08-29,Katherinehaven,South,Tablet,Electronics,1,2256,10,2030.4,1341.68,688.72,Card
6218,2026-01-09,Robertsonberg,South,Headphones,Accessories,2,2834,10,5101.2,3553.2,1548.0,UPI
6219,2025-02-07,Christopherside,West,Phone,Electronics,3,3050,5,8692.5,4464.79,4227.71,Card
6220,2024-08-10,Lewisport,South,Camera,Accessories,5,239,0,1195.0,692.98,502.02,Card
6221,2024-10-29,Moralestown,North,Monitor,Accessories,2,2295,0,4590.0,2992.56,1597.44,Card
6222,2025-08-11,North Aaronborough,West,Keyboard,Office,2,2839,10,5110.2,4011.54,1098.66,Cash
6223,2026-05-12,North Amanda,South,Printer,Accessories,5,4645,0,23225.0,15276.12,7948.88,Card
6224,2024-11-17,Annaside,West,Speaker,Office,5,4718,15,20051.5,11812.87,8238.63,UPI
6225,2025-10-06,Tannerside,South,Keyboard,Office,1,2928,10,2635.2,1703.66,931.54,UPI
6226,2025-09-10,West Craigmouth,North,Speaker,Office,4,1130,15,3842.0,2646.75,1195.25,Cash
6227,2024-05-25,New Lauraville,East,Laptop,Electronics,1,2590,10,2331.0,1484.35,846.65,Net Banking
6228,2025-06-21,East Richardchester,West,Monitor,Accessories,3,227,10,612.9,382.27,230.63,UPI
6229,2025-02-08,Port Karenton,West,Headphones,Electronics,4,2746,20,8787.2,6853.96,1933.24,Card
6230,2025-10-30,North Glenn,South,Laptop,Electronics,2,2471,5,4694.9,2406.79,2288.11,Net Banking
6231,2024-09-18,North Vickichester,North,Tablet,Office,2,624,20,998.4,530.66,467.74,Net Banking
6232,2025-05-24,Jamesville,East,Speaker,Electronics,1,2117,15,1799.45,1309.35,490.1,UPI
6233,2025-02-14,Lake Kyle,South,Printer,Accessories,3,1304,0,3912.0,3101.33,810.67,UPI
6234,2026-07-02,East Janiceton,West,Phone,Accessories,2,1283,5,2437.7,1334.19,1103.51,UPI
6235,2026-07-01,Martinezshire,South,Mouse,Office,2,2455,10,4419.0,2604.49,1814.51,Card
6236,2025-02-28,Annetteburgh,South,Headphones,Office,2,2453,5,4660.7,2361.61,2299.09,UPI
6237,2025-09-08,North Jenniferside,West,Printer,Office,1,323,0,323.0,179.98,143.02,Card
6238,2026-06-25,New Jenniferberg,East,Laptop,Office,5,1419,10,6385.5,4461.47,1924.03,Net Banking
6239,2024-01-31,Jenningsview,South,Speaker,Accessories,5,885,5,4203.75,2525.17,1678.58,Net Banking
6240,2024-11-03,Vincentbury,East,Printer,Accessories,1,4070,15,3459.5,1920.5,1539.0,Net Banking
6241,2025-05-16,Shannonview,West,Camera,Office,4,3178,10,11440.8,5912.62,5528.18,Cash
6242,2024-03-29,Bethborough,North,Printer,Electronics,2,3179,0,6358.0,4905.4,1452.6,UPI
6243,2024-08-29,Tomton,South,Keyboard,Accessories,4,425,20,1360.0,701.93,658.07,UPI
6244,2026-07-02,West Deborah,East,Tablet,Accessories,2,4074,5,7740.6,5983.24,1757.36,Card
6245,2024-12-15,New Stephenbury,South,Tablet,Electronics,4,664,15,2257.6,1633.97,623.63,Card
6246,2025-01-02,Yoderborough,West,Camera,Accessories,3,2731,20,6554.4,4591.71,1962.69,Card
6247,2023-08-01,Lake Brent,South,Phone,Accessories,5,1593,10,7168.5,4001.98,3166.52,Net Banking
6248,2025-02-02,Singletonville,South,Printer,Electronics,2,4966,5,9435.4,5186.89,4248.51,Card
6249,2024-04-17,Youngshire,East,Headphones,Office,5,777,5,3690.75,2399.1,1291.65,Card
6250,2024-08-04,Gomezborough,West,Headphones,Accessories,2,2867,20,4587.2,3662.04,925.16,UPI
6251,2023-10-31,New Zacharyside,North,Mouse,Accessories,5,2486,0,12430.0,9487.0,2943.0,UPI
6252,2023-12-29,Murrayside,South,Speaker,Electronics,2,2651,10,4771.8,3709.28,1062.52,Cash
6253,2023-11-24,Jackberg,South,Speaker,Office,3,3277,15,8356.35,5871.22,2485.13,Card
6254,2024-06-13,Matthewport,South,Speaker,Office,3,383,10,1034.1,645.79,388.31,Card
6255,2024-09-29,Melaniefort,South,Monitor,Office,2,3860,10,6948.0,3709.41,3238.59,Card
6256,2025-12-04,New Wendyview,East,Speaker,Electronics,2,4378,15,7442.6,4856.59,2586.01,UPI
6257,2023-10-07,North Beverly,East,Monitor,Office,3,2084,0,6252.0,4212.55,2039.45,Net Banking
6258,2025-07-23,Justinmouth,South,Monitor,Accessories,3,4772,10,12884.4,6671.01,6213.39,Card
6259,2025-12-10,Mooreton,West,Laptop,Office,2,1590,5,3021.0,1523.2,1497.8,Net Banking
6260,2025-06-10,Port Erinfurt,East,Printer,Accessories,1,4667,15,3966.95,2701.1,1265.85,Net Banking
6261,2024-07-03,Hintonchester,East,Headphones,Office,4,2435,15,8279.0,5925.52,2353.48,UPI
6262,2023-09-12,Brandyfurt,West,Monitor,Electronics,3,4586,5,13070.1,9436.4,3633.7,Net Banking
6263,2025-12-04,Port Cynthiaburgh,North,Headphones,Accessories,5,1217,5,5780.75,3684.78,2095.97,Card
6264,2025-05-06,North Danview,North,Monitor,Accessories,3,2264,0,6792.0,5017.89,1774.11,Net Banking
6265,2024-07-20,South Tylerton,West,Camera,Accessories,2,2584,0,5168.0,2805.45,2362.55,UPI
6266,2024-08-16,North Loristad,West,Mouse,Accessories,5,2273,0,11365.0,8202.01,3162.99,UPI
6267,2024-11-06,Port Allison,South,Mouse,Accessories,2,1741,15,2959.7,2209.26,750.44,Card
6268,2026-03-18,Justinburgh,South,Headphones,Accessories,2,292,15,496.4,295.88,200.52,UPI
6269,2025-04-07,Josephhaven,South,Camera,Electronics,3,1907,10,5148.9,3915.96,1232.94,Cash
6270,2024-04-15,Port Victoria,North,Speaker,Electronics,2,2283,5,4337.7,3203.24,1134.46,Cash
6271,2026-01-03,East Jeffreyville,North,Speaker,Office,4,4470,5,16986.0,11808.05,5177.95,Cash
6272,2024-04-12,Owensburgh,East,Headphones,Office,2,739,5,1404.1,770.93,633.17,Net Banking
6273,2024-06-22,Andersonshire,West,Laptop,Accessories,3,4904,15,12505.2,7309.51,5195.69,Net Banking
6274,2024-01-01,Parkerchester,West,Keyboard,Electronics,4,2479,10,8924.4,4899.48,4024.92,Net Banking
6275,2026-07-14,Rebeccamouth,North,Phone,Office,1,3869,20,3095.2,1621.26,1473.94,UPI
6276,2024-02-17,Woodville,East,Printer,Electronics,1,1207,10,1086.3,868.89,217.41,Cash
6277,2024-07-10,North Donna,West,Mouse,Office,4,2535,5,9633.0,5119.32,4513.68,UPI
6278,2023-10-12,New Ashley,North,Laptop,Accessories,1,2389,10,2150.1,1451.86,698.24,Card
6279,2024-01-06,Jenniferburgh,South,Laptop,Accessories,2,684,10,1231.2,954.49,276.71,Card
6280,2026-03-11,South Roger,East,Phone,Electronics,1,3493,10,3143.7,1625.23,1518.47,UPI
6281,2026-01-01,Mcdowellhaven,East,Keyboard,Electronics,1,3855,0,3855.0,2703.79,1151.21,UPI
6282,2025-10-03,West Michaelville,East,Printer,Office,3,3134,0,9402.0,5313.15,4088.85,Net Banking
6283,2024-05-14,West Jeffrey,North,Tablet,Accessories,5,2692,0,13460.0,8292.86,5167.14,Cash
6284,2025-10-05,Warrenland,South,Monitor,Electronics,1,2289,0,2289.0,1326.39,962.61,Cash
6285,2023-12-24,Port Paigemouth,East,Headphones,Accessories,4,272,20,870.4,526.9,343.5,Net Banking
6286,2026-03-15,Ronaldhaven,South,Printer,Accessories,1,1378,0,1378.0,830.7,547.3,UPI
6287,2024-05-02,Cummingsfort,West,Headphones,Office,1,2843,0,2843.0,1521.7,1321.3,Net Banking
6288,2026-02-28,Jessicaton,South,Mouse,Electronics,1,2197,5,2087.15,1514.06,573.09,UPI
6289,2026-07-28,Doylefort,North,Mouse,Office,4,960,15,3264.0,2575.44,688.56,Net Banking
6290,2024-11-05,North Mary,North,Camera,Electronics,2,2701,10,4861.8,2745.14,2116.66,Net Banking
6291,2026-01-28,Jennaville,South,Monitor,Office,1,1631,5,1549.45,777.93,771.52,UPI
6292,2024-06-20,North Jennifer,South,Mouse,Electronics,5,2608,10,11736.0,8732.82,3003.18,Net Banking
6293,2025-03-29,Cherylburgh,South,Keyboard,Accessories,1,3610,20,2888.0,1555.18,1332.82,UPI
6294,2025-06-08,North Michael,South,Phone,Office,1,222,20,177.6,127.98,49.62,UPI
6295,2024-05-03,East Krystal,North,Headphones,Office,3,582,0,1746.0,1297.98,448.02,Net Banking
6296,2023-10-08,North Adam,South,Printer,Office,1,4910,5,4664.5,3258.29,1406.21,Net Banking
6297,2026-04-04,Melissaton,East,Speaker,Electronics,3,729,10,1968.3,1403.39,564.91,Cash
6298,2026-04-28,Brownberg,North,Headphones,Accessories,3,1670,10,4509.0,3211.8,1297.2,Net Banking
6299,2024-07-19,Millerview,West,Speaker,Accessories,3,1523,15,3883.65,2224.77,1658.88,Net Banking
6300,2024-12-31,Lake Jay,North,Monitor,Electronics,3,4594,0,13782.0,10524.18,3257.82,Card
6301,2025-11-08,New Timothy,East,Keyboard,Electronics,5,1211,15,5146.75,2802.53,2344.22,Net Banking
6302,2025-12-02,Carolineton,South,Tablet,Accessories,4,3956,15,13450.4,9217.01,4233.39,Net Banking
6303,2026-02-07,Lisabury,South,Mouse,Electronics,5,645,0,3225.0,2089.64,1135.36,Card
6304,2024-07-09,Johnsonland,North,Monitor,Accessories,3,781,5,2225.85,1240.46,985.39,Card
6305,2025-08-17,South Kentton,West,Tablet,Electronics,1,4703,5,4467.85,3134.42,1333.43,Net Banking
6306,2026-05-25,Geraldview,South,Speaker,Accessories,2,232,0,464.0,294.11,169.89,UPI
6307,2024-06-25,Ashleyberg,West,Speaker,Accessories,2,3224,15,5480.8,2835.68,2645.12,UPI
6308,2026-06-11,South Christianport,South,Speaker,Electronics,1,263,20,210.4,122.3,88.1,Card
6309,2024-01-08,South Donshire,West,Laptop,Office,4,3303,15,11230.2,6344.01,4886.19,Net Banking
6310,2024-04-26,Jamesport,East,Laptop,Accessories,2,1793,5,3406.7,2537.54,869.16,Net Banking
6311,2024-06-27,Parkerbury,East,Monitor,Electronics,4,4140,15,14076.0,7074.26,7001.74,UPI
6312,2024-03-15,Huertaborough,North,Printer,Electronics,1,2883,0,2883.0,2028.57,854.43,UPI
6313,2025-12-19,Castromouth,North,Monitor,Accessories,4,1630,10,5868.0,3018.42,2849.58,Net Banking
6314,2026-02-28,West Courtney,East,Phone,Electronics,3,2652,0,7956.0,5374.37,2581.63,Cash
6315,2026-04-11,Rushstad,East,Laptop,Office,2,3522,0,7044.0,4351.3,2692.7,Card
6316,2024-01-19,Navarroberg,West,Tablet,Electronics,5,4887,20,19548.0,15454.69,4093.31,UPI
6317,2025-01-04,Brittanytown,South,Tablet,Accessories,5,997,10,4486.5,3066.03,1420.47,Cash
6318,2023-10-16,West Carolynfort,North,Camera,Accessories,5,217,5,1030.75,556.79,473.96,Cash
6319,2024-02-28,Amberfort,West,Camera,Accessories,5,866,0,4330.0,3161.11,1168.89,Cash
6320,2025-05-19,Morrisonmouth,West,Monitor,Office,1,432,10,388.8,216.36,172.44,Card
6321,2025-08-08,New Mariaview,South,Headphones,Office,1,2823,15,2399.55,1454.91,944.64,Cash
6322,2024-06-29,Lake Cassandraside,West,Laptop,Electronics,1,4510,5,4284.5,3200.4,1084.1,UPI
6323,2025-02-14,New Jessica,West,Camera,Accessories,2,3577,15,6080.9,3571.56,2509.34,Net Banking
6324,2024-09-15,Kristinefurt,East,Phone,Accessories,4,3108,5,11810.4,8640.57,3169.83,Card
6325,2025-01-26,Davidborough,South,Camera,Electronics,3,4145,10,11191.5,6273.75,4917.75,UPI
6326,2024-11-19,West Frankmouth,North,Keyboard,Accessories,2,564,15,958.8,636.36,322.44,UPI
6327,2023-11-18,Amberville,South,Laptop,Office,1,1047,0,1047.0,601.74,445.26,Card
6328,2025-11-10,Josephberg,West,Laptop,Office,2,2206,0,4412.0,3281.75,1130.25,UPI
6329,2024-10-02,Carlosfort,East,Phone,Accessories,5,3901,10,17554.5,11352.84,6201.66,Net Banking
6330,2023-10-19,West Beckymouth,West,Mouse,Accessories,1,4708,0,4708.0,3058.34,1649.66,Cash
6331,2024-10-29,Rickychester,East,Tablet,Office,5,493,10,2218.5,1257.92,960.58,UPI
6332,2025-06-24,Harrellfurt,West,Camera,Electronics,4,1257,5,4776.6,3376.29,1400.31,Net Banking
6333,2025-04-02,New Jonathanchester,North,Headphones,Office,1,252,10,226.8,131.67,95.13,Net Banking
6334,2024-02-15,Wilsonburgh,West,Monitor,Office,1,1575,20,1260.0,875.58,384.42,Cash
6335,2025-08-21,Lake Amber,East,Tablet,Office,5,1264,0,6320.0,4501.02,1818.98,Net Banking
6336,2025-08-24,North Margaret,West,Mouse,Accessories,3,4819,5,13734.15,10368.5,3365.65,Card
6337,2024-05-19,Blairmouth,South,Printer,Accessories,5,619,20,2476.0,1269.68,1206.32,Net Banking
6338,2025-02-07,West Gabrielchester,South,Keyboard,Office,4,790,10,2844.0,1681.08,1162.92,Net Banking
6339,2024-07-19,Kennethview,North,Printer,Accessories,2,3194,0,6388.0,4383.09,2004.91,Net Banking
6340,2026-06-17,East Noahport,West,Tablet,Electronics,3,1924,15,4906.2,3340.41,1565.79,UPI
6341,2024-07-20,New Mariemouth,North,Laptop,Electronics,5,1884,10,8478.0,4696.1,3781.9,Cash
6342,2024-03-28,South John,East,Headphones,Electronics,5,1459,15,6200.75,4099.72,2101.03,Cash
6343,2024-09-23,Douglasstad,South,Phone,Accessories,4,742,10,2671.2,1391.21,1279.99,Net Banking
6344,2024-09-24,West Barbara,West,Laptop,Electronics,4,137,20,438.4,341.7,96.7,UPI
6345,2024-09-05,Jacobfort,West,Printer,Office,4,3599,10,12956.4,8443.72,4512.68,Card
6346,2024-03-26,New Jamiestad,East,Printer,Electronics,3,1160,10,3132.0,2362.34,769.66,Card
6347,2025-09-18,North Lisaton,North,Mouse,Office,5,2800,10,12600.0,8955.25,3644.75,Cash
6348,2024-09-20,Wolfton,West,Keyboard,Office,3,245,5,698.25,533.73,164.52,Card
6349,2025-01-06,Krausestad,North,Printer,Electronics,3,3188,15,8129.4,5534.51,2594.89,Cash
6350,2026-01-29,Sharonton,South,Speaker,Office,3,4450,15,11347.5,9065.85,2281.65,Net Banking
6351,2025-02-19,Williamfort,South,Phone,Accessories,3,1944,5,5540.4,3912.63,1627.77,Card
6352,2025-03-26,Jessemouth,North,Speaker,Electronics,1,4027,0,4027.0,2576.83,1450.17,Cash
6353,2023-10-23,Sandraport,North,Phone,Accessories,5,4164,20,16656.0,10450.79,6205.21,UPI
6354,2026-05-10,Port Jasonstad,East,Monitor,Electronics,5,1950,5,9262.5,7215.22,2047.28,Card
6355,2025-05-01,Hendersonton,East,Monitor,Accessories,5,4423,5,21009.25,14304.55,6704.7,UPI
6356,2024-03-12,South Sheri,North,Mouse,Office,5,1809,5,8592.75,6303.83,2288.92,Net Banking
6357,2024-11-02,Clarkburgh,East,Keyboard,Office,3,1285,10,3469.5,1759.35,1710.15,Card
6358,2024-10-31,East Cassandrachester,North,Laptop,Accessories,1,1738,20,1390.4,843.51,546.89,Net Banking
6359,2023-11-22,East Ashley,North,Monitor,Electronics,4,3757,10,13525.2,8118.02,5407.18,Cash
6360,2025-11-01,South Ryan,West,Camera,Electronics,4,3243,0,12972.0,9024.53,3947.47,Card
6361,2025-03-16,West Michaelfort,East,Camera,Accessories,4,656,10,2361.6,1308.87,1052.73,UPI
6362,2024-09-11,Chelsealand,South,Speaker,Accessories,3,863,15,2200.65,1585.29,615.36,Net Banking
6363,2024-11-06,Williamsport,South,Mouse,Office,4,627,10,2257.2,1472.8,784.4,Card
6364,2024-06-27,North Hannahmouth,West,Printer,Electronics,4,2571,20,8227.2,4957.77,3269.43,Net Banking
6365,2024-04-14,Mortonton,West,Phone,Accessories,3,4158,15,10602.9,5947.06,4655.84,Net Banking
6366,2024-02-03,South Jessehaven,North,Speaker,Accessories,1,755,15,641.75,449.81,191.94,Cash
6367,2026-07-01,Michellemouth,South,Monitor,Accessories,1,593,0,593.0,443.3,149.7,Card
6368,2023-09-15,South Shannonfurt,South,Printer,Accessories,3,3594,5,10242.9,6492.29,3750.61,Net Banking
6369,2024-05-11,Fordtown,South,Keyboard,Accessories,4,3232,10,11635.2,6727.62,4907.58,Net Banking
6370,2025-12-16,Shawberg,South,Camera,Accessories,1,2419,10,2177.1,1163.32,1013.78,UPI
6371,2026-01-20,Port Thomasberg,East,Tablet,Accessories,2,4455,5,8464.5,5294.08,3170.42,Card
6372,2024-05-01,Meyersview,West,Headphones,Accessories,5,1924,15,8177.0,5262.75,2914.25,Cash
6373,2024-09-11,Port Jamesland,East,Speaker,Office,3,2893,10,7811.1,3938.07,3873.03,Card
6374,2025-10-10,New Jessica,East,Keyboard,Accessories,5,3777,10,16996.5,11660.49,5336.01,Cash
6375,2025-04-03,Fletchertown,East,Camera,Electronics,2,1584,0,3168.0,2397.58,770.42,Cash
6376,2024-08-21,Brendabury,East,Printer,Office,3,2229,15,5683.95,4317.99,1365.96,Card
6377,2025-11-09,Lake Dustin,West,Tablet,Office,5,191,0,955.0,748.2,206.8,Card
6378,2024-12-26,Baileyland,East,Headphones,Office,4,611,10,2199.6,1665.73,533.87,Net Banking
6379,2024-04-17,Lake Cheryl,East,Keyboard,Electronics,1,2993,20,2394.4,1364.82,1029.58,Card
6380,2024-06-07,South Jason,East,Mouse,Electronics,5,3918,5,18610.5,12371.04,6239.46,Cash
6381,2026-04-25,Snyderburgh,East,Printer,Electronics,1,1376,20,1100.8,846.62,254.18,Cash
6382,2026-05-05,East Danielleside,North,Printer,Office,4,4323,20,13833.6,8515.56,5318.04,Net Banking
6383,2025-12-01,Tammyburgh,South,Camera,Electronics,4,1733,10,6238.8,4875.18,1363.62,Cash
6384,2024-06-29,East Meganbury,West,Printer,Accessories,4,3912,0,15648.0,8347.11,7300.89,Card
6385,2026-05-30,Chambersberg,West,Phone,Accessories,4,4499,0,17996.0,10841.03,7154.97,Card
6386,2025-12-01,Lake Monicamouth,West,Phone,Electronics,1,4104,5,3898.8,2391.62,1507.18,Net Banking
6387,2024-02-03,West Charles,South,Phone,Office,2,616,10,1108.8,561.07,547.73,UPI
6388,2025-09-10,North Kelly,North,Tablet,Electronics,4,3582,15,12178.8,9257.59,2921.21,Cash
6389,2026-04-06,Higginston,West,Camera,Accessories,4,4569,20,14620.8,10481.56,4139.24,Card
6390,2026-07-24,East Rebeccashire,West,Speaker,Office,1,4214,5,4003.3,2218.02,1785.28,Card
6391,2024-02-16,Lake Michael,West,Camera,Electronics,2,2210,15,3757.0,2334.77,1422.23,Net Banking
6392,2023-10-05,Port Edwardview,East,Printer,Office,1,3314,15,2816.9,1486.2,1330.7,Cash
6393,2025-04-14,Stephanieside,East,Headphones,Electronics,4,1254,10,4514.4,2874.91,1639.49,Cash
6394,2023-11-26,New Bradley,North,Speaker,Electronics,2,4995,20,7992.0,4128.25,3863.75,Cash
6395,2025-10-01,New Jenniferborough,East,Mouse,Electronics,1,1924,15,1635.4,935.04,700.36,Cash
6396,2025-11-12,Hunterville,East,Printer,Electronics,4,885,0,3540.0,2137.31,1402.69,Card
6397,2026-04-16,Amyport,East,Phone,Accessories,1,4665,0,4665.0,3489.4,1175.6,UPI
6398,2025-10-08,Martinezview,West,Camera,Accessories,5,115,15,488.75,365.02,123.73,Net Banking
6399,2026-05-31,South Benjamin,West,Mouse,Accessories,5,1717,0,8585.0,4832.15,3752.85,Card
6400,2024-01-04,Stuartbury,East,Headphones,Accessories,5,1709,5,8117.75,5033.61,3084.14,Cash
6401,2024-11-01,North Paulabury,South,Phone,Electronics,1,1926,10,1733.4,994.02,739.38,UPI
6402,2025-03-25,Ramseyton,West,Monitor,Office,2,2863,10,5153.4,3655.99,1497.41,UPI
6403,2025-05-15,Laurafurt,East,Speaker,Accessories,3,4845,20,11628.0,8146.08,3481.92,Net Banking
6404,2025-07-02,East Mary,West,Laptop,Accessories,1,2004,0,2004.0,1424.57,579.43,Net Banking
6405,2023-09-23,Alvinbury,South,Laptop,Electronics,5,1131,10,5089.5,3387.36,1702.14,Cash
6406,2026-06-08,East Jayborough,South,Tablet,Accessories,2,2801,10,5041.8,3081.89,1959.91,Card
6407,2025-08-11,East Mackenzie,East,Mouse,Office,4,4200,15,14280.0,8147.91,6132.09,Cash
6408,2024-09-13,North Michael,West,Keyboard,Electronics,5,4259,0,21295.0,10841.44,10453.56,Net Banking
6409,2024-06-04,East Derrick,North,Tablet,Office,4,1680,20,5376.0,2913.17,2462.83,UPI
6410,2024-01-01,West Samuel,South,Phone,Electronics,3,1251,20,3002.4,1766.49,1235.91,Card
6411,2025-07-29,Port Charlesfurt,East,Laptop,Accessories,3,3760,10,10152.0,7990.66,2161.34,Net Banking
6412,2023-09-06,Leonardborough,South,Printer,Accessories,5,1488,0,7440.0,5005.3,2434.7,Card
6413,2024-08-05,Sarahhaven,South,Printer,Electronics,1,873,5,829.35,646.33,183.02,Card
6414,2024-06-01,Port Aliciaburgh,North,Monitor,Office,5,4980,0,24900.0,13233.26,11666.74,Cash
6415,2025-04-27,West Kathrynhaven,North,Tablet,Office,3,4114,15,10490.7,5492.8,4997.9,UPI
6416,2025-06-16,Hendersontown,North,Laptop,Accessories,2,412,10,741.6,532.63,208.97,Cash
6417,2024-12-11,South Richard,South,Phone,Accessories,4,4366,0,17464.0,9147.18,8316.82,Card
6418,2025-11-15,Robertstad,West,Mouse,Electronics,2,3510,0,7020.0,5438.5,1581.5,Card
6419,2024-07-25,Port Jenniferberg,East,Mouse,Office,1,982,0,982.0,759.09,222.91,Cash
6420,2024-05-04,South Brianberg,West,Speaker,Office,5,1165,20,4660.0,2444.64,2215.36,UPI
6421,2025-01-09,East Danielstad,North,Speaker,Electronics,5,3204,20,12816.0,9481.25,3334.75,Card
6422,2026-03-29,Ruthchester,West,Monitor,Office,4,2498,0,9992.0,6465.14,3526.86,Card
6423,2025-01-22,Port Nancy,South,Tablet,Electronics,1,3119,20,2495.2,1474.14,1021.06,UPI
6424,2025-02-25,Lake Ronnie,North,Monitor,Office,1,3545,20,2836.0,1429.56,1406.44,Card
6425,2025-10-09,Carsonfort,South,Speaker,Accessories,4,247,20,790.4,486.49,303.91,Cash
6426,2026-04-24,Petersonton,South,Laptop,Electronics,2,2285,20,3656.0,2368.61,1287.39,Net Banking
6427,2024-07-11,Coleberg,South,Laptop,Accessories,1,1054,10,948.6,530.2,418.4,Card
6428,2024-10-06,North Marilynbury,East,Printer,Office,2,2917,15,4958.9,3587.79,1371.11,UPI
6429,2025-03-13,Haleystad,West,Mouse,Office,3,4981,15,12701.55,6515.43,6186.12,Cash
6430,2025-10-15,Morenomouth,South,Headphones,Office,3,3018,0,9054.0,6382.58,2671.42,Cash
6431,2025-10-10,Olsonburgh,East,Phone,Electronics,1,2827,15,2402.95,1746.98,655.97,Card
6432,2025-07-19,Carrieshire,North,Keyboard,Office,3,1730,20,4152.0,2198.25,1953.75,UPI
6433,2023-12-24,Moorechester,North,Speaker,Office,4,3379,15,11488.6,7262.89,4225.71,Cash
6434,2026-05-03,West Katherinemouth,East,Printer,Accessories,2,693,20,1108.8,858.39,250.41,UPI
6435,2025-01-30,North Martintown,North,Laptop,Office,3,1649,20,3957.6,2288.0,1669.6,Card
6436,2025-02-03,West Paulaborough,South,Speaker,Office,3,4522,10,12209.4,7877.76,4331.64,UPI
6437,2026-07-19,West Tracy,West,Keyboard,Electronics,2,4017,0,8034.0,4533.64,3500.36,Card
6438,2025-08-03,Smithfurt,West,Speaker,Office,1,3116,20,2492.8,1837.28,655.52,Cash
6439,2023-08-20,East Heather,West,Mouse,Office,5,3006,5,14278.5,10103.06,4175.44,Net Banking
6440,2025-01-23,West Kevin,North,Speaker,Accessories,5,736,5,3496.0,2016.85,1479.15,UPI
6441,2023-10-15,Jacksonhaven,North,Printer,Electronics,3,216,10,583.2,301.62,281.58,Card
6442,2024-11-26,Pamelaville,North,Laptop,Accessories,4,714,15,2427.6,1853.7,573.9,Cash
6443,2024-09-19,Michelleside,East,Printer,Electronics,3,994,5,2832.9,1996.08,836.82,UPI
6444,2025-01-16,Martinezfurt,East,Keyboard,Office,5,2429,10,10930.5,6007.67,4922.83,Net Banking
6445,2024-10-05,Kiddhaven,East,Mouse,Electronics,2,2747,10,4944.6,3112.18,1832.42,Card
6446,2025-03-21,North Nancytown,North,Speaker,Electronics,5,4540,15,19295.0,10002.02,9292.98,Card
6447,2025-11-29,Elizabethchester,North,Camera,Accessories,1,2830,5,2688.5,1819.16,869.34,UPI
6448,2023-08-27,West Kim,South,Headphones,Accessories,1,888,10,799.2,523.1,276.1,UPI
6449,2024-09-09,Paulabury,South,Tablet,Electronics,5,3427,10,15421.5,12004.46,3417.04,Card
6450,2026-06-17,Lake Roberttown,East,Printer,Electronics,1,3278,15,2786.3,2225.89,560.41,UPI
6451,2025-03-26,Tylerborough,South,Keyboard,Office,1,730,0,730.0,401.07,328.93,UPI
6452,2025-04-26,Webbfort,West,Monitor,Accessories,1,3538,15,3007.3,2026.65,980.65,Net Banking
6453,2026-05-17,Josephview,South,Tablet,Office,4,2113,5,8029.4,4548.01,3481.39,Cash
6454,2025-10-04,Port Johnny,West,Headphones,Electronics,1,2503,5,2377.85,1408.13,969.72,UPI
6455,2025-06-13,East Laurenland,East,Keyboard,Office,4,2261,20,7235.2,5013.6,2221.6,UPI
6456,2025-02-14,Lake Roger,East,Headphones,Office,3,3108,0,9324.0,6381.61,2942.39,UPI
6457,2026-06-13,Jeannehaven,East,Camera,Accessories,4,4551,5,17293.8,10707.9,6585.9,Card
6458,2026-02-08,New David,West,Mouse,Electronics,1,315,20,252.0,163.08,88.92,UPI
6459,2026-03-23,Hallshire,East,Camera,Office,3,4875,0,14625.0,11333.02,3291.98,UPI
6460,2024-11-22,Kristenport,East,Speaker,Accessories,3,2881,10,7778.7,4101.89,3676.81,Cash
6461,2025-01-08,North Jacob,East,Headphones,Electronics,2,3574,10,6433.2,3692.95,2740.25,UPI
6462,2026-02-01,Michaelville,South,Mouse,Office,4,1724,5,6551.2,4359.87,2191.33,Net Banking
6463,2026-06-01,Lake Danielle,South,Laptop,Electronics,2,4740,20,7584.0,3927.88,3656.12,UPI
6464,2024-05-17,Craigbury,North,Keyboard,Office,4,1511,15,5137.4,3053.2,2084.2,Cash
6465,2025-08-22,Williamfort,West,Printer,Electronics,2,368,10,662.4,455.42,206.98,Card
6466,2026-02-17,Wilsonbury,West,Headphones,Office,1,2483,10,2234.7,1760.14,474.56,Cash
6467,2025-05-11,New Jessica,South,Mouse,Electronics,2,596,5,1132.4,586.74,545.66,Card
6468,2024-04-06,Estradaville,North,Mouse,Accessories,1,224,0,224.0,119.6,104.4,Cash
6469,2023-11-30,Leehaven,West,Camera,Office,3,1614,0,4842.0,2830.63,2011.37,UPI
6470,2026-04-08,South Jeffreyberg,South,Camera,Accessories,3,2851,20,6842.4,3704.67,3137.73,UPI
6471,2023-11-23,Rogersside,West,Tablet,Office,2,3601,0,7202.0,5200.9,2001.1,Net Banking
6472,2024-07-25,Christianburgh,South,Monitor,Accessories,5,4881,20,19524.0,15247.48,4276.52,Net Banking
6473,2026-01-25,Lake Meganside,North,Camera,Office,3,737,0,2211.0,1245.91,965.09,Net Banking
6474,2024-01-22,Andersonbury,West,Tablet,Electronics,3,3215,15,8198.25,4512.05,3686.2,Card
6475,2025-03-22,Pearsonchester,North,Camera,Electronics,5,3465,20,13860.0,7039.31,6820.69,UPI
6476,2023-11-19,Lake Luke,East,Headphones,Electronics,5,2415,15,10263.75,6099.27,4164.48,UPI
6477,2024-04-12,Josephchester,West,Laptop,Office,1,641,5,608.95,466.03,142.92,Cash
6478,2024-11-28,East David,South,Keyboard,Office,2,1153,10,2075.4,1617.94,457.46,Card
6479,2025-03-13,East Tonya,South,Keyboard,Electronics,2,4621,0,9242.0,6861.81,2380.19,Net Banking
6480,2025-07-02,North Gina,West,Mouse,Office,1,3633,15,3088.05,2228.32,859.73,Cash
6481,2026-02-14,Riveraside,North,Phone,Office,4,4869,15,16554.6,8474.31,8080.29,Cash
6482,2024-04-20,Port Eric,West,Headphones,Electronics,1,1000,0,1000.0,611.02,388.98,UPI
6483,2026-07-22,Erikberg,East,Printer,Accessories,2,4152,0,8304.0,4954.08,3349.92,UPI
6484,2024-12-28,Esparzachester,West,Headphones,Office,2,3395,10,6111.0,3294.25,2816.75,Cash
6485,2025-05-16,Sharichester,East,Tablet,Office,3,4273,20,10255.2,7346.76,2908.44,Card
6486,2023-11-27,Staceystad,West,Monitor,Electronics,4,666,10,2397.6,1530.88,866.72,UPI
6487,2023-12-26,Randyton,West,Printer,Accessories,3,3864,0,11592.0,6030.73,5561.27,Cash
6488,2026-03-31,Lake Lindaside,West,Mouse,Office,3,502,0,1506.0,823.55,682.45,Cash
6489,2024-12-05,South Mark,West,Speaker,Electronics,2,2362,10,4251.6,3321.16,930.44,Net Banking
6490,2024-09-30,Williston,West,Camera,Electronics,4,3604,0,14416.0,8447.45,5968.55,UPI
6491,2023-12-19,South Patrick,South,Camera,Office,5,4392,0,21960.0,13662.09,8297.91,Net Banking
6492,2026-04-22,Michaelburgh,West,Camera,Office,2,2523,15,4289.1,2741.14,1547.96,Cash
6493,2025-05-14,Aliciamouth,South,Phone,Office,3,1127,15,2873.85,2209.4,664.45,UPI
6494,2024-04-21,Port Andrewchester,East,Phone,Electronics,3,3502,15,8930.1,5341.34,3588.76,Cash
6495,2025-03-11,Rickyview,West,Laptop,Office,3,2982,10,8051.4,5624.41,2426.99,Net Banking
6496,2025-02-13,Josemouth,North,Mouse,Office,5,599,15,2545.75,1955.21,590.54,Cash
6497,2026-01-27,North Jessica,North,Camera,Electronics,3,1824,0,5472.0,4362.85,1109.15,UPI
6498,2024-12-20,Joyberg,East,Speaker,Electronics,3,954,5,2718.9,1743.43,975.47,UPI
6499,2025-11-08,Deborahville,West,Headphones,Accessories,2,4807,20,7691.2,4670.2,3021.0,UPI
6500,2026-05-12,West Heather,South,Monitor,Electronics,3,3098,10,8364.6,6159.99,2204.61,Net Banking
6501,2025-01-19,Andrewview,East,Headphones,Office,4,2465,20,7888.0,4784.59,3103.41,Net Banking
6502,2024-05-16,North Kelseyport,East,Headphones,Office,3,1375,10,3712.5,2096.85,1615.65,Card
6503,2024-07-02,South Joseph,East,Phone,Electronics,2,293,5,556.7,299.59,257.11,Net Banking
6504,2024-12-05,Jacquelineborough,South,Tablet,Accessories,3,4776,15,12178.8,6242.72,5936.08,Card
6505,2025-10-23,Lake Linda,West,Laptop,Office,1,975,10,877.5,573.94,303.56,Net Banking
6506,2025-09-20,North Robertmouth,North,Laptop,Office,4,1999,15,6796.6,3745.42,3051.18,Card
6507,2024-08-07,Port Amandastad,South,Headphones,Electronics,2,1060,20,1696.0,1022.25,673.75,Cash
6508,2025-10-09,North Cassidy,West,Phone,Office,1,3560,10,3204.0,1642.06,1561.94,Cash
6509,2024-09-20,East Robert,East,Headphones,Electronics,5,4358,10,19611.0,11408.88,8202.12,Net Banking
6510,2025-03-11,West Glennbury,North,Laptop,Office,3,4854,10,13105.8,6836.73,6269.07,Card
6511,2024-02-01,Christopherport,West,Laptop,Accessories,1,4505,20,3604.0,2207.77,1396.23,UPI
6512,2024-08-06,East Christopherborough,North,Monitor,Electronics,4,1277,5,4852.6,3802.86,1049.74,Net Banking
6513,2025-01-29,Port Jennifer,South,Speaker,Accessories,3,1120,20,2688.0,1647.45,1040.55,UPI
6514,2024-06-07,West Ann,North,Mouse,Office,3,4384,15,11179.2,6775.64,4403.56,Card
6515,2024-10-06,Heatherton,North,Mouse,Electronics,3,1559,5,4443.15,2265.3,2177.85,UPI
6516,2025-09-29,Sabrinashire,South,Printer,Accessories,1,3830,15,3255.5,1792.19,1463.31,Cash
6517,2024-08-15,Lake Stevenside,South,Tablet,Accessories,5,4994,10,22473.0,17388.72,5084.28,Cash
6518,2025-03-26,Morenochester,West,Tablet,Office,2,4529,15,7699.3,3925.82,3773.48,Net Banking
6519,2025-03-15,West Annahaven,North,Phone,Electronics,5,3788,5,17993.0,13884.62,4108.38,UPI
6520,2024-12-10,Mindyshire,South,Keyboard,Office,2,371,10,667.8,368.38,299.42,Card
6521,2025-09-19,Johnfurt,West,Monitor,Electronics,3,1446,5,4121.1,2320.64,1800.46,Cash
6522,2024-03-22,Port Linda,South,Headphones,Accessories,3,4394,0,13182.0,8163.08,5018.92,Cash
6523,2024-10-20,Coxchester,North,Mouse,Electronics,5,3369,20,13476.0,7750.1,5725.9,Card
6524,2026-02-04,Wilsonmouth,East,Monitor,Office,4,958,15,3257.2,2336.03,921.17,Cash
6525,2025-07-30,North Shirleymouth,West,Laptop,Electronics,2,3926,20,6281.6,3607.46,2674.14,UPI
6526,2025-05-20,New Shelby,North,Mouse,Accessories,3,3220,0,9660.0,6978.18,2681.82,Net Banking
6527,2025-05-17,East Laura,West,Monitor,Accessories,1,513,5,487.35,384.79,102.56,Cash
6528,2024-12-26,New Scott,East,Keyboard,Accessories,1,4908,0,4908.0,3569.46,1338.54,Net Banking
6529,2024-02-12,Port Garychester,West,Laptop,Accessories,1,1467,20,1173.6,819.26,354.34,UPI
6530,2023-08-13,Claytonside,South,Keyboard,Accessories,2,2732,15,4644.4,3406.92,1237.48,Card
6531,2024-03-04,South Matthew,West,Laptop,Accessories,3,3352,10,9050.4,6620.25,2430.15,Cash
6532,2025-03-31,East Richardberg,West,Monitor,Accessories,1,796,20,636.8,431.72,205.08,Card
6533,2025-06-09,Simsborough,North,Phone,Electronics,2,1624,15,2760.8,1782.28,978.52,Net Banking
6534,2024-08-26,Brownport,South,Camera,Electronics,5,2858,0,14290.0,7915.4,6374.6,UPI
6535,2024-06-04,South Kevinchester,South,Headphones,Office,4,4989,10,17960.4,14067.3,3893.1,Card
6536,2024-09-22,East Sarahstad,West,Monitor,Accessories,3,2121,20,5090.4,2938.05,2152.35,Net Banking
6537,2026-01-18,Carrtown,West,Headphones,Electronics,1,4113,15,3496.05,2140.67,1355.38,Cash
6538,2025-09-14,Floresbury,South,Tablet,Accessories,3,4366,20,10478.4,8309.98,2168.42,UPI
6539,2026-06-26,Byrdfurt,East,Laptop,Office,4,4894,20,15660.8,8846.57,6814.23,Card
6540,2023-08-08,Kellyshire,North,Monitor,Office,2,3965,20,6344.0,3587.17,2756.83,Card
6541,2024-12-03,Arielburgh,North,Printer,Electronics,4,3496,20,11187.2,6955.57,4231.63,Net Banking
6542,2025-05-08,Danielsborough,North,Laptop,Electronics,5,3124,15,13277.0,7976.43,5300.57,Card
6543,2024-07-30,South Vanessa,South,Tablet,Office,2,4069,10,7324.2,3691.81,3632.39,UPI
6544,2025-08-24,East Devin,North,Keyboard,Electronics,3,3953,0,11859.0,8130.98,3728.02,Net Banking
6545,2025-02-03,Griffinland,South,Camera,Accessories,1,2269,5,2155.55,1518.94,636.61,Net Banking
6546,2023-12-14,Lake Heidifort,South,Headphones,Office,2,4186,20,6697.6,3806.25,2891.35,Net Banking
6547,2026-04-03,Amybury,South,Camera,Accessories,5,2380,20,9520.0,5695.99,3824.01,Card
6548,2024-04-04,Pruittview,South,Headphones,Accessories,5,2118,5,10060.5,7866.97,2193.53,UPI
6549,2023-10-20,Lake Joshua,East,Speaker,Office,4,1524,20,4876.8,2563.45,2313.35,UPI
6550,2026-04-30,Lake Tammy,North,Speaker,Office,4,716,20,2291.2,1163.1,1128.1,UPI
6551,2025-02-22,Jameschester,West,Headphones,Accessories,3,259,20,621.6,349.56,272.04,Card
6552,2026-03-15,South Kevintown,South,Camera,Accessories,3,2575,10,6952.5,5205.47,1747.03,Cash
6553,2023-09-13,Williamsborough,South,Camera,Electronics,2,3292,15,5596.4,3188.67,2407.73,Card
6554,2026-01-16,West Rachel,South,Headphones,Accessories,2,934,10,1681.2,1343.28,337.92,UPI
6555,2023-12-29,West Maria,South,Headphones,Office,1,3314,20,2651.2,2013.66,637.54,Net Banking
6556,2025-06-12,Loriland,West,Monitor,Office,3,3061,0,9183.0,4826.62,4356.38,UPI
6557,2024-11-21,North Cassandra,East,Speaker,Accessories,4,134,20,428.8,265.72,163.08,UPI
6558,2025-01-21,Josephborough,North,Monitor,Accessories,2,1732,20,2771.2,1739.12,1032.08,Cash
6559,2024-11-18,New Derek,East,Camera,Electronics,2,4810,15,8177.0,5057.76,3119.24,UPI
6560,2026-02-01,Port Michael,South,Laptop,Accessories,5,802,5,3809.5,2947.68,861.82,Card
6561,2024-01-03,Lake Andrea,North,Printer,Accessories,2,4796,0,9592.0,6473.5,3118.5,Net Banking
6562,2026-06-08,East Joseph,South,Tablet,Office,3,3089,0,9267.0,6788.86,2478.14,Cash
6563,2024-10-05,Jesusfort,West,Monitor,Accessories,1,3198,15,2718.3,2078.61,639.69,UPI
6564,2025-08-20,New Sharonborough,West,Laptop,Office,5,3205,15,13621.25,9202.39,4418.86,Card
6565,2024-08-20,Masonfurt,East,Speaker,Office,2,1716,15,2917.2,1699.04,1218.16,Cash
6566,2024-07-19,Lake Davidtown,North,Mouse,Electronics,1,2470,5,2346.5,1490.25,856.25,Cash
6567,2024-08-08,Lopezton,West,Headphones,Accessories,2,2531,20,4049.6,2150.65,1898.95,Card
6568,2026-07-09,Gomezfort,East,Mouse,Electronics,1,4175,15,3548.75,2274.08,1274.67,Card
6569,2025-04-24,Gonzalesport,South,Phone,Office,2,909,5,1727.1,1215.74,511.36,Net Banking
6570,2024-02-04,Jonesmouth,North,Keyboard,Accessories,2,4304,0,8608.0,6029.44,2578.56,Net Banking
6571,2024-05-02,Robertsonport,North,Headphones,Office,2,951,15,1616.7,966.78,649.92,Cash
6572,2024-02-03,Pierceville,South,Keyboard,Electronics,5,2036,20,8144.0,4870.75,3273.25,Net Banking
6573,2025-06-04,South Natashabury,East,Phone,Electronics,1,299,10,269.1,159.91,109.19,Cash
6574,2024-04-14,North Paulashire,North,Camera,Electronics,4,1752,10,6307.2,5038.62,1268.58,UPI
6575,2024-07-07,Port Heather,East,Camera,Office,4,1986,5,7546.8,5493.39,2053.41,UPI
6576,2024-05-14,North Alexandra,South,Monitor,Accessories,3,2233,5,6364.05,3646.17,2717.88,UPI
6577,2025-12-02,West Grace,South,Headphones,Electronics,4,3460,20,11072.0,7434.11,3637.89,Net Banking
6578,2024-10-14,New Lauraborough,East,Monitor,Office,5,1189,20,4756.0,3728.6,1027.4,UPI
6579,2026-04-07,Chelseahaven,North,Printer,Accessories,2,4296,10,7732.8,4670.39,3062.41,UPI
6580,2025-08-03,Deniseberg,South,Monitor,Accessories,5,4312,0,21560.0,13543.26,8016.74,Card
6581,2025-12-17,East Haydenview,West,Monitor,Electronics,1,2577,10,2319.3,1332.77,986.53,Card
6582,2023-12-27,Craigfort,South,Tablet,Accessories,2,4337,15,7372.9,3931.92,3440.98,Cash
6583,2024-09-23,Gonzalezfort,North,Monitor,Accessories,4,769,15,2614.6,1386.1,1228.5,Card
6584,2024-02-04,Port Daniel,South,Tablet,Accessories,2,3808,0,7616.0,4914.07,2701.93,UPI
6585,2025-07-14,East John,West,Speaker,Accessories,2,4180,10,7524.0,4854.22,2669.78,Card
6586,2024-05-14,New Lauraton,East,Laptop,Office,1,1526,0,1526.0,970.58,555.42,Net Banking
6587,2025-04-22,New Scott,West,Camera,Electronics,5,3795,5,18026.25,14352.19,3674.06,UPI
6588,2025-04-24,Schwartzview,South,Phone,Office,3,829,20,1989.6,1251.48,738.12,UPI
6589,2024-07-15,Port Theresafurt,West,Monitor,Office,4,3735,20,11952.0,9294.87,2657.13,Net Banking
6590,2025-10-03,Beanmouth,North,Speaker,Electronics,3,4125,10,11137.5,5616.44,5521.06,Cash
6591,2026-03-18,Juanbury,East,Monitor,Electronics,3,2121,0,6363.0,4046.33,2316.67,Cash
6592,2024-08-31,Michellechester,South,Printer,Office,4,942,15,3202.8,1709.2,1493.6,Cash
6593,2025-03-28,Tracymouth,South,Tablet,Accessories,1,1957,20,1565.6,1192.85,372.75,Cash
6594,2024-08-08,West Stacy,North,Speaker,Accessories,3,2931,15,7474.05,4674.64,2799.41,UPI
6595,2024-05-26,Davidville,North,Speaker,Accessories,3,1161,10,3134.7,2445.46,689.24,Net Banking
6596,2024-11-10,Laceyberg,East,Monitor,Electronics,2,3447,0,6894.0,3898.01,2995.99,Card
6597,2025-04-09,Lake Kimberlytown,West,Camera,Office,2,1049,5,1993.1,1085.38,907.72,Card
6598,2026-01-27,East Jessica,East,Speaker,Office,3,1760,10,4752.0,3139.81,1612.19,UPI
6599,2024-01-27,Lake Stephanieside,East,Printer,Accessories,5,3894,15,16549.5,10306.83,6242.67,Card
6600,2024-08-16,Meganview,West,Keyboard,Accessories,2,2836,10,5104.8,2899.4,2205.4,Net Banking
6601,2024-10-30,Williamstown,West,Phone,Accessories,2,4217,15,7168.9,3792.96,3375.94,Cash
6602,2023-12-14,North Michaelfurt,East,Keyboard,Office,2,2905,20,4648.0,3380.1,1267.9,Cash
6603,2023-10-30,Matthewfort,East,Printer,Office,3,490,15,1249.5,874.2,375.3,Card
6604,2026-01-28,Port Sharon,North,Speaker,Office,5,2259,20,9036.0,5637.58,3398.42,Net Banking
6605,2026-07-30,Cruzview,East,Phone,Accessories,2,4364,10,7855.2,4694.12,3161.08,Card
6606,2024-03-27,North Sherry,North,Mouse,Electronics,5,2551,5,12117.25,6368.16,5749.09,UPI
6607,2025-10-23,Davisland,North,Speaker,Accessories,3,2167,10,5850.9,4193.12,1657.78,Net Banking
6608,2025-05-12,Coreyport,East,Camera,Accessories,4,1304,10,4694.4,3628.46,1065.94,UPI
6609,2026-01-15,New Paul,West,Camera,Electronics,3,285,10,769.5,421.43,348.07,Card
6610,2024-05-23,Brownfort,South,Laptop,Accessories,3,2160,15,5508.0,3466.19,2041.81,Net Banking
6611,2024-09-15,New Rebecca,North,Speaker,Electronics,5,4101,10,18454.5,9653.1,8801.4,Net Banking
6612,2024-07-20,Matthewsport,North,Camera,Electronics,3,906,20,2174.4,1642.21,532.19,Card
6613,2025-12-23,Emilyport,North,Mouse,Electronics,3,3443,0,10329.0,6287.94,4041.06,UPI
6614,2024-12-20,Joeshire,South,Headphones,Electronics,4,508,20,1625.6,887.39,738.21,Card
6615,2025-04-09,Jimenezmouth,North,Headphones,Office,3,821,5,2339.85,1603.86,735.99,Cash
6616,2026-04-09,Stokeschester,East,Camera,Electronics,1,624,0,624.0,368.88,255.12,UPI
6617,2023-12-31,Haileyborough,West,Printer,Electronics,3,3132,10,8456.4,4549.24,3907.16,UPI
6618,2023-12-25,Smallfort,East,Monitor,Accessories,3,4151,10,11207.7,7218.06,3989.64,Cash
6619,2023-11-19,South Jamesstad,South,Keyboard,Office,3,1217,15,3103.35,1767.57,1335.78,Cash
6620,2025-10-19,Davisbury,North,Keyboard,Office,4,2906,0,11624.0,7802.26,3821.74,Cash
6621,2024-10-09,Lake Kellyberg,East,Phone,Electronics,5,1737,0,8685.0,5799.37,2885.63,UPI
6622,2024-09-11,Amychester,East,Mouse,Office,1,3558,0,3558.0,2211.92,1346.08,UPI
6623,2023-08-30,Ginafurt,East,Phone,Accessories,2,3099,20,4958.4,2840.8,2117.6,Net Banking
6624,2024-07-01,Harveybury,South,Laptop,Office,2,1770,10,3186.0,2279.54,906.46,Net Banking
6625,2023-09-18,Zunigaborough,North,Printer,Electronics,1,4581,5,4351.95,3262.18,1089.77,UPI
6626,2026-07-07,Vazquezport,South,Keyboard,Electronics,4,238,15,809.2,566.07,243.13,Net Banking
6627,2024-07-31,Brettchester,North,Printer,Electronics,4,4368,0,17472.0,12274.93,5197.07,Card
6628,2024-05-20,Daniellefurt,West,Speaker,Office,2,4537,20,7259.2,4154.43,3104.77,Net Banking
6629,2025-06-04,East David,East,Keyboard,Accessories,1,1250,10,1125.0,714.28,410.72,Net Banking
6630,2024-08-26,Powersfort,South,Monitor,Accessories,3,2315,0,6945.0,5354.98,1590.02,Net Banking
6631,2024-09-03,Lake Katherinehaven,West,Headphones,Accessories,2,4387,15,7457.9,4286.09,3171.81,UPI
6632,2025-04-01,Lisaland,South,Laptop,Electronics,2,1996,20,3193.6,2269.75,923.85,UPI
6633,2024-02-01,Lake Jacqueline,East,Laptop,Office,4,2926,20,9363.2,4893.12,4470.08,UPI
6634,2026-01-06,Lake Rhonda,East,Camera,Electronics,5,293,5,1391.75,955.62,436.13,Net Banking
6635,2023-10-29,New Michelle,North,Laptop,Accessories,5,2078,20,8312.0,5003.8,3308.2,Net Banking
6636,2024-02-04,Port Jamiemouth,South,Camera,Accessories,2,1903,5,3615.7,2805.43,810.27,Cash
6637,2023-10-10,Timothybury,South,Mouse,Office,2,2520,20,4032.0,2826.24,1205.76,Net Banking
6638,2025-05-20,West Teresaburgh,South,Keyboard,Office,4,4369,20,13980.8,9401.37,4579.43,Cash
6639,2025-06-09,Port Andrea,North,Phone,Electronics,5,2926,10,13167.0,9502.93,3664.07,UPI
6640,2025-05-18,East Joshua,East,Camera,Office,3,2640,10,7128.0,5218.68,1909.32,Card
6641,2025-03-24,Port James,North,Printer,Accessories,1,3758,10,3382.2,1748.88,1633.32,UPI
6642,2026-05-31,North Wesley,West,Camera,Accessories,2,1203,5,2285.7,1213.26,1072.44,UPI
6643,2026-03-08,South Tinaview,South,Speaker,Electronics,2,2921,10,5257.8,3809.09,1448.71,UPI
6644,2023-09-05,New Ariel,North,Laptop,Electronics,2,1541,0,3082.0,2180.02,901.98,Net Banking
6645,2024-08-21,North Jamie,South,Speaker,Accessories,2,4263,0,8526.0,4403.14,4122.86,Card
6646,2023-10-18,East Linda,East,Phone,Electronics,5,2898,15,12316.5,7365.51,4950.99,Net Banking
6647,2024-01-30,Dawnview,West,Speaker,Accessories,2,3895,0,7790.0,5399.08,2390.92,Card
6648,2025-12-26,West Williamland,North,Camera,Accessories,2,289,5,549.1,300.64,248.46,Net Banking
6649,2024-02-20,Johnmouth,North,Headphones,Accessories,4,4462,20,14278.4,9757.1,4521.3,Cash
6650,2024-05-14,Lisachester,South,Mouse,Accessories,4,1413,0,5652.0,4272.82,1379.18,Cash
6651,2026-02-18,Randallberg,West,Monitor,Accessories,5,1550,20,6200.0,4861.35,1338.65,Card
6652,2023-11-21,North Jennifermouth,East,Speaker,Electronics,1,4851,5,4608.45,3130.88,1477.57,Cash
6653,2023-12-20,Port Monica,South,Camera,Accessories,3,715,10,1930.5,1253.93,676.57,Card
6654,2026-05-19,South Maryview,West,Mouse,Office,4,4651,5,17673.8,10686.55,6987.25,Cash
6655,2023-11-08,Simmonsfort,West,Tablet,Office,5,3609,10,16240.5,12968.74,3271.76,Cash
6656,2024-07-24,Port Susanstad,East,Phone,Office,3,4168,15,10628.4,7619.22,3009.18,Net Banking
6657,2024-11-13,West Suzanneton,West,Mouse,Accessories,3,528,15,1346.4,860.6,485.8,UPI
6658,2023-11-04,East Chad,East,Speaker,Electronics,1,3164,20,2531.2,1752.47,778.73,Cash
6659,2025-03-06,Lake Joshua,South,Tablet,Accessories,4,4221,15,14351.4,7187.66,7163.74,Net Banking
6660,2024-10-31,Lake James,North,Mouse,Office,5,4192,20,16768.0,10180.41,6587.59,Net Banking
6661,2023-12-14,West Jessicatown,South,Printer,Accessories,4,155,15,527.0,298.34,228.66,UPI
6662,2023-10-29,West Tanya,West,Monitor,Electronics,3,937,15,2389.35,1296.62,1092.73,Card
6663,2025-06-02,Butlerton,North,Headphones,Electronics,1,1393,5,1323.35,794.52,528.83,UPI
6664,2023-10-01,West Debbiemouth,West,Headphones,Accessories,2,4858,10,8744.4,5068.57,3675.83,Net Banking
6665,2023-12-19,East Darlene,East,Printer,Accessories,2,2755,0,5510.0,4220.98,1289.02,Cash
6666,2025-01-04,Port Kenneth,North,Headphones,Office,5,3960,0,19800.0,11771.78,8028.22,Cash
6667,2025-08-07,Port Brianstad,East,Keyboard,Office,3,3128,20,7507.2,5101.05,2406.15,Card
6668,2025-04-09,Port Kerryville,North,Tablet,Office,3,4197,10,11331.9,7605.34,3726.56,Cash
6669,2026-01-02,Lake Sarahborough,South,Headphones,Office,2,2952,20,4723.2,3370.91,1352.29,Net Banking
6670,2025-01-25,Lindseymouth,North,Phone,Office,3,748,5,2131.8,1699.96,431.84,UPI
6671,2025-01-10,Kevinmouth,North,Phone,Electronics,4,2573,20,8233.6,5246.89,2986.71,Cash
6672,2025-05-18,Prestonmouth,North,Speaker,Office,5,3567,5,16943.25,9538.8,7404.45,UPI
6673,2026-03-05,Stevenview,East,Speaker,Accessories,1,2676,0,2676.0,1564.26,1111.74,UPI
6674,2026-04-06,South Johnnystad,East,Speaker,Accessories,5,3805,10,17122.5,8877.65,8244.85,Cash
6675,2023-09-29,Lake Roberto,East,Monitor,Office,5,1803,10,8113.5,6274.36,1839.14,Cash
6676,2025-04-20,Patrickside,South,Laptop,Office,2,829,0,1658.0,1185.18,472.82,Cash
6677,2024-07-22,Batesside,West,Monitor,Accessories,1,4308,5,4092.6,2715.86,1376.74,UPI
6678,2023-11-05,Morrowburgh,East,Laptop,Office,4,4582,15,15578.8,8602.93,6975.87,Cash
6679,2024-12-25,Hillview,North,Speaker,Electronics,3,1078,10,2910.6,2322.06,588.54,Card
6680,2025-10-11,Dwayneland,North,Camera,Office,4,3128,15,10635.2,7739.65,2895.55,Net Banking
6681,2024-12-11,Sharonstad,West,Speaker,Accessories,1,3392,0,3392.0,2620.17,771.83,UPI
6682,2025-06-14,Alexanderhaven,East,Printer,Electronics,2,3090,0,6180.0,3408.58,2771.42,Net Banking
6683,2025-12-26,Williambury,East,Printer,Electronics,5,2665,10,11992.5,8111.61,3880.89,Net Banking
6684,2026-04-21,Charlesview,South,Headphones,Accessories,4,604,15,2053.6,1385.99,667.61,UPI
6685,2024-03-22,Phillipfurt,East,Speaker,Electronics,3,3283,20,7879.2,5529.99,2349.21,Net Banking
6686,2023-09-04,East Julian,North,Laptop,Electronics,1,4390,5,4170.5,2707.49,1463.01,Card
6687,2024-07-09,Heidistad,North,Speaker,Accessories,2,3000,0,6000.0,4184.44,1815.56,Cash
6688,2024-07-02,Wilsonmouth,West,Keyboard,Office,5,3243,20,12972.0,6912.82,6059.18,Cash
6689,2026-03-16,Teresaland,West,Keyboard,Electronics,5,2241,5,10644.75,7118.58,3526.17,Net Banking
6690,2026-04-23,Whitestad,East,Speaker,Office,3,4745,20,11388.0,8068.36,3319.64,UPI
6691,2025-11-03,East Ashley,West,Laptop,Electronics,2,4528,15,7697.6,5905.44,1792.16,UPI
6692,2024-04-30,East Julieshire,West,Speaker,Accessories,1,1082,5,1027.9,586.0,441.9,Card
6693,2025-11-04,Haleburgh,South,Mouse,Electronics,2,1755,0,3510.0,2035.04,1474.96,Net Banking
6694,2024-07-10,New Devin,West,Speaker,Accessories,1,3911,0,3911.0,2125.1,1785.9,Card
6695,2025-02-16,Alvaradoport,North,Printer,Office,2,4277,15,7270.9,5292.04,1978.86,UPI
6696,2024-11-12,South Nathan,South,Headphones,Electronics,2,1510,5,2869.0,2068.29,800.71,Cash
6697,2023-11-06,Piercefurt,South,Monitor,Electronics,3,4352,10,11750.4,8197.58,3552.82,Net Banking
6698,2025-07-14,Lake Stuart,East,Speaker,Accessories,5,4702,0,23510.0,14684.7,8825.3,Net Banking
6699,2023-09-25,East Caitlinstad,East,Speaker,Office,1,381,10,342.9,271.48,71.42,UPI
6700,2025-03-03,Port Aaronburgh,South,Mouse,Electronics,1,1626,20,1300.8,765.39,535.41,Net Banking
6701,2024-08-20,Lake Amberport,South,Phone,Electronics,1,1119,20,895.2,662.64,232.56,Net Banking
6702,2026-06-04,North Kristin,South,Laptop,Accessories,4,2359,5,8964.2,5174.44,3789.76,Net Banking
6703,2025-03-22,North Paulborough,North,Camera,Electronics,5,1497,10,6736.5,4797.49,1939.01,Card
6704,2025-12-18,Heidiside,West,Printer,Electronics,2,2946,20,4713.6,2519.73,2193.87,Card
6705,2024-01-04,Lake Jason,West,Speaker,Accessories,1,769,10,692.1,523.92,168.18,Cash
6706,2024-09-08,Ronaldport,West,Camera,Electronics,3,3409,5,9715.65,5094.89,4620.76,UPI
6707,2023-10-15,North Jenniferburgh,North,Headphones,Accessories,4,1444,0,5776.0,3778.93,1997.07,UPI
6708,2025-05-12,Goldenmouth,East,Keyboard,Accessories,4,3192,15,10852.8,6352.62,4500.18,Card
6709,2023-11-01,East Patrick,South,Monitor,Electronics,5,1147,0,5735.0,4168.81,1566.19,UPI
6710,2023-10-01,West Carol,West,Printer,Office,1,2064,10,1857.6,1071.62,785.98,Cash
6711,2025-04-23,Nicolasfort,North,Printer,Accessories,1,4932,5,4685.4,3495.1,1190.3,Cash
6712,2025-12-24,Lake Miguelside,West,Headphones,Accessories,3,2324,20,5577.6,3253.98,2323.62,Cash
6713,2023-10-07,West Rachel,East,Mouse,Electronics,4,1301,0,5204.0,3052.94,2151.06,UPI
6714,2023-12-25,North Katieshire,East,Speaker,Electronics,4,3055,15,10387.0,5913.11,4473.89,Cash
6715,2025-11-26,North John,East,Mouse,Accessories,4,2767,0,11068.0,8432.69,2635.31,Net Banking
6716,2026-07-19,New Nicoletown,East,Monitor,Electronics,3,4073,10,10997.1,7203.58,3793.52,Cash
6717,2025-01-30,Dustinside,West,Mouse,Accessories,2,4291,20,6865.6,4532.96,2332.64,Cash
6718,2024-04-20,North Nicoleland,North,Mouse,Electronics,1,4689,20,3751.2,2133.69,1617.51,UPI
6719,2023-09-10,East Christina,South,Speaker,Electronics,4,4671,10,16815.6,9191.01,7624.59,Card
6720,2025-06-11,Kathyberg,South,Speaker,Electronics,4,4189,10,15080.4,8719.33,6361.07,Net Banking
6721,2025-04-08,Lake Larryfurt,West,Phone,Accessories,4,4062,5,15435.6,11183.42,4252.18,Cash
6722,2024-10-26,Hortonport,East,Laptop,Office,2,1437,10,2586.6,1382.99,1203.61,Card
6723,2024-01-27,Justintown,South,Mouse,Accessories,5,1824,10,8208.0,5968.7,2239.3,Card
6724,2025-09-11,New Joseph,North,Camera,Accessories,2,1980,15,3366.0,2605.71,760.29,UPI
6725,2023-08-07,East Stephen,West,Laptop,Office,5,4056,10,18252.0,10311.66,7940.34,UPI
6726,2026-04-30,East Stephanie,West,Camera,Electronics,4,2035,5,7733.0,4411.08,3321.92,Card
6727,2024-12-11,West Carolynstad,East,Printer,Electronics,3,1404,0,4212.0,3359.78,852.22,Net Banking
6728,2023-08-19,Monicafurt,South,Tablet,Electronics,3,3019,20,7245.6,5562.91,1682.69,Card
6729,2025-04-02,New Susan,East,Phone,Office,1,4420,20,3536.0,2066.24,1469.76,UPI
6730,2024-09-01,East Andrea,North,Printer,Electronics,5,4387,10,19741.5,14402.73,5338.77,UPI
6731,2023-12-15,Angelafurt,West,Printer,Electronics,5,2314,5,10991.5,7346.81,3644.69,Cash
6732,2024-05-23,Bryanshire,South,Speaker,Office,2,116,15,197.2,113.7,83.5,Cash
6733,2024-03-14,Annshire,East,Speaker,Office,3,1640,10,4428.0,2473.66,1954.34,Net Banking
6734,2024-03-27,Joanport,North,Mouse,Electronics,1,4980,15,4233.0,2278.56,1954.44,Card
6735,2024-12-14,West Reginald,South,Laptop,Electronics,2,2484,5,4719.6,2752.04,1967.56,UPI
6736,2026-07-11,New Ronald,South,Headphones,Accessories,4,1942,0,7768.0,4760.65,3007.35,Card
6737,2025-11-10,Jillview,South,Mouse,Accessories,1,4325,15,3676.25,2681.72,994.53,Net Banking
6738,2026-01-07,West Jessica,West,Phone,Electronics,5,2058,20,8232.0,5935.45,2296.55,UPI
6739,2023-08-16,New Donald,West,Speaker,Electronics,2,3096,15,5263.2,3609.64,1653.56,UPI
6740,2024-08-19,South Lucas,South,Camera,Electronics,2,2584,0,5168.0,3466.03,1701.97,Cash
6741,2025-01-26,Jamesmouth,West,Tablet,Office,3,3048,5,8686.8,6948.33,1738.47,UPI
6742,2025-01-28,East Deborahchester,North,Speaker,Accessories,3,1274,20,3057.6,1721.89,1335.71,Net Banking
6743,2025-07-16,Maddenton,West,Monitor,Electronics,5,4820,10,21690.0,11539.56,10150.44,UPI
6744,2024-04-27,West Timothy,East,Laptop,Electronics,5,495,0,2475.0,1514.03,960.97,Net Banking
6745,2024-02-13,Port Jimmy,South,Keyboard,Electronics,4,3293,0,13172.0,7048.87,6123.13,Net Banking
6746,2024-11-22,Acostafurt,North,Laptop,Electronics,2,2881,15,4897.7,2989.4,1908.3,Card
6747,2024-02-29,North Brucefort,East,Keyboard,Office,4,3466,20,11091.2,6706.23,4384.97,Net Banking
6748,2025-07-13,South Yvonnechester,West,Phone,Office,2,4594,10,8269.2,6262.14,2007.06,Cash
6749,2025-03-03,Nashchester,South,Laptop,Electronics,3,4219,0,12657.0,9615.95,3041.05,UPI
6750,2024-08-13,East Danielfort,South,Tablet,Electronics,2,4951,0,9902.0,6543.11,3358.89,Net Banking
6751,2025-02-25,West Keith,North,Keyboard,Office,2,2805,0,5610.0,2962.14,2647.86,UPI
6752,2024-07-14,New Dean,West,Laptop,Accessories,1,1363,15,1158.55,632.41,526.14,UPI
6753,2025-12-31,Janetbury,South,Monitor,Electronics,4,3822,10,13759.2,9178.74,4580.46,Card
6754,2024-04-06,Nguyenburgh,West,Monitor,Office,5,1408,10,6336.0,3702.79,2633.21,Cash
6755,2025-11-16,East Monicabury,West,Speaker,Electronics,4,3180,5,12084.0,8984.74,3099.26,Cash
6756,2026-06-03,Coxborough,North,Keyboard,Accessories,3,2999,20,7197.6,5654.8,1542.8,Cash
6757,2026-05-17,Andresside,South,Camera,Electronics,2,3008,10,5414.4,2964.75,2449.65,Cash
6758,2023-11-10,Port Stuartberg,South,Headphones,Accessories,4,3574,15,12151.6,9236.15,2915.45,Net Banking
6759,2025-01-28,Anthonybury,West,Speaker,Electronics,4,705,15,2397.0,1417.2,979.8,Cash
6760,2024-03-04,West Tammyburgh,East,Headphones,Office,3,2847,5,8113.95,5897.53,2216.42,UPI
6761,2023-08-18,Julieside,South,Monitor,Accessories,3,4993,15,12732.15,7361.95,5370.2,Net Banking
6762,2023-10-03,Lake Jasmine,West,Phone,Office,5,530,15,2252.5,1309.93,942.57,Net Banking
6763,2025-01-10,North Aaron,West,Keyboard,Electronics,1,1648,10,1483.2,1120.03,363.17,UPI
6764,2026-05-23,Wilkersonburgh,East,Keyboard,Office,4,480,0,1920.0,1160.43,759.57,Cash
6765,2025-12-19,Lake Tina,East,Mouse,Electronics,2,853,0,1706.0,1248.23,457.77,Cash
6766,2025-03-13,West Tracy,East,Keyboard,Office,1,865,10,778.5,394.6,383.9,Net Banking
6767,2025-04-02,Craigtown,North,Printer,Office,5,598,20,2392.0,1494.44,897.56,Card
6768,2024-06-06,Lake Paulaside,South,Tablet,Accessories,3,4419,10,11931.3,9159.94,2771.36,Cash
6769,2025-11-18,East Kathleen,West,Speaker,Office,3,4702,15,11990.1,7336.95,4653.15,Net Banking
6770,2023-12-11,Port Angela,South,Speaker,Office,3,1189,10,3210.3,2311.72,898.58,UPI
6771,2026-06-07,West Gwendolynton,West,Monitor,Accessories,3,1844,15,4702.2,3099.03,1603.17,Cash
6772,2023-12-12,New Josephton,West,Printer,Office,5,4152,20,16608.0,9937.24,6670.76,Net Banking
6773,2025-01-11,Lake Sharonshire,North,Monitor,Office,4,1585,10,5706.0,3251.11,2454.89,UPI
6774,2026-04-27,West Denise,East,Monitor,Electronics,5,3410,15,14492.5,9517.68,4974.82,UPI
6775,2024-05-02,New Karibury,West,Camera,Electronics,5,1922,5,9129.5,6765.31,2364.19,Card
6776,2025-02-15,Mooremouth,North,Laptop,Electronics,4,2854,5,10845.2,6126.55,4718.65,Card
6777,2025-05-07,Spencerhaven,South,Monitor,Electronics,5,3115,20,12460.0,8624.67,3835.33,Net Banking
6778,2025-07-23,West Shaun,South,Laptop,Office,3,3806,0,11418.0,6963.51,4454.49,Card
6779,2024-12-10,Port Christinechester,North,Phone,Accessories,4,725,5,2755.0,1942.83,812.17,Cash
6780,2026-06-17,Lambmouth,West,Headphones,Office,4,2341,0,9364.0,6428.7,2935.3,Cash
6781,2024-05-23,Jamesfurt,East,Printer,Electronics,1,569,5,540.55,339.58,200.97,Net Banking
6782,2024-10-23,Port Brianstad,East,Laptop,Electronics,5,1919,5,9115.25,6496.88,2618.37,UPI
6783,2025-04-29,New Juliemouth,South,Camera,Electronics,4,735,5,2793.0,2137.75,655.25,Net Banking
6784,2024-02-12,West Ryanchester,West,Speaker,Electronics,1,4433,10,3989.7,2488.11,1501.59,Net Banking
6785,2026-03-12,Martinezburgh,North,Tablet,Office,4,2017,15,6857.8,3873.59,2984.21,Card
6786,2023-12-19,Vasquezborough,East,Tablet,Electronics,4,2926,20,9363.2,5157.42,4205.78,UPI
6787,2026-07-15,North Christophermouth,West,Camera,Accessories,1,232,15,197.2,136.3,60.9,UPI
6788,2025-04-16,Smithland,South,Headphones,Accessories,1,4969,15,4223.65,2181.57,2042.08,Net Banking
6789,2024-08-10,Evanport,North,Laptop,Office,4,684,20,2188.8,1100.1,1088.7,Cash
6790,2024-04-03,Lake Danafort,North,Laptop,Electronics,2,3817,0,7634.0,3831.82,3802.18,UPI
6791,2026-01-21,South Debbie,South,Tablet,Office,2,1250,5,2375.0,1703.99,671.01,Card
6792,2026-06-07,Meredithfort,North,Phone,Electronics,5,442,10,1989.0,1051.66,937.34,UPI
6793,2023-09-28,South Kimberlybury,North,Laptop,Accessories,4,4739,5,18008.2,13270.46,4737.74,Net Banking
6794,2024-07-24,Hamiltonmouth,North,Phone,Accessories,4,4344,15,14769.6,11120.42,3649.18,Cash
6795,2025-02-20,New Maryfurt,South,Printer,Electronics,1,768,15,652.8,371.32,281.48,Card
6796,2024-07-06,East Haley,South,Speaker,Accessories,3,1018,20,2443.2,1500.96,942.24,Net Banking
6797,2025-03-01,Port Monicaside,North,Camera,Electronics,1,3644,15,3097.4,1684.23,1413.17,Card
6798,2025-12-23,Port Kimberlyland,West,Monitor,Accessories,3,2174,10,5869.8,4320.22,1549.58,UPI
6799,2024-12-29,Kevinstad,North,Printer,Office,2,2356,5,4476.4,3448.24,1028.16,Card
6800,2025-12-25,Michaelview,West,Monitor,Office,3,2257,20,5416.8,2790.3,2626.5,Cash
6801,2025-08-01,Port Alexshire,East,Headphones,Accessories,1,1497,10,1347.3,730.9,616.4,Card
6802,2025-08-29,Jacobmouth,West,Monitor,Accessories,2,3170,5,6023.0,3421.93,2601.07,Net Banking
6803,2025-02-08,South Colton,South,Laptop,Accessories,4,1123,5,4267.4,2330.38,1937.02,UPI
6804,2024-10-20,Nicholaston,West,Camera,Accessories,2,1167,0,2334.0,1331.62,1002.38,Net Banking
6805,2025-10-19,Angelafort,South,Printer,Office,3,2616,20,6278.4,4805.02,1473.38,Net Banking
6806,2025-05-10,East Steven,North,Laptop,Accessories,5,189,15,803.25,621.4,181.85,Net Banking
6807,2026-03-02,New Elizabeth,West,Tablet,Accessories,2,356,20,569.6,441.07,128.53,Net Banking
6808,2025-04-27,Port Susanborough,South,Speaker,Accessories,2,4750,15,8075.0,4114.16,3960.84,Cash
6809,2024-08-14,Angelafurt,North,Mouse,Office,5,5000,0,25000.0,19301.94,5698.06,Net Banking
6810,2024-08-13,New Katherine,East,Mouse,Accessories,1,3499,10,3149.1,2350.87,798.23,Cash
6811,2025-09-13,New Kirsten,North,Keyboard,Office,3,3434,10,9271.8,5937.03,3334.77,Net Banking
6812,2023-12-18,South Matthew,West,Printer,Office,1,2922,5,2775.9,1600.03,1175.87,Card
6813,2026-01-16,Port Michael,South,Headphones,Accessories,2,4369,15,7427.3,5428.81,1998.49,Net Banking
6814,2024-07-18,Johnport,East,Headphones,Accessories,4,2724,10,9806.4,7127.83,2678.57,Cash
6815,2025-09-12,Michelleport,East,Mouse,Office,5,2472,15,10506.0,7423.31,3082.69,UPI
6816,2025-08-07,Allenland,North,Mouse,Electronics,2,346,0,692.0,378.25,313.75,Net Banking
6817,2025-01-24,Troytown,South,Printer,Office,4,2773,20,8873.6,5219.15,3654.45,Card
6818,2024-04-01,Johnnyfort,East,Keyboard,Electronics,2,1217,5,2312.3,1368.18,944.12,Cash
6819,2025-09-23,East Ericchester,South,Printer,Office,4,3517,20,11254.4,8358.84,2895.56,Net Banking
6820,2026-03-18,North Michael,South,Laptop,Electronics,3,4067,10,10980.9,6489.49,4491.41,UPI
6821,2024-06-09,Stevenberg,West,Tablet,Electronics,1,1753,5,1665.35,1237.09,428.26,UPI
6822,2024-10-12,East Jenniferbury,North,Mouse,Electronics,3,3843,15,9799.65,7753.92,2045.73,UPI
6823,2023-12-04,South Melanieshire,West,Headphones,Electronics,1,3017,20,2413.6,1284.97,1128.63,UPI
6824,2024-02-01,East Sophiaborough,North,Phone,Accessories,3,2093,20,5023.2,2923.49,2099.71,Net Banking
6825,2025-12-09,North Katrina,North,Tablet,Electronics,4,2867,0,11468.0,7718.61,3749.39,Net Banking
6826,2025-11-17,New Rhondamouth,South,Phone,Accessories,3,285,10,769.5,589.51,179.99,UPI
6827,2025-01-04,Erikbury,East,Mouse,Electronics,1,4660,0,4660.0,2416.84,2243.16,UPI
6828,2025-05-08,South Madisonbury,South,Laptop,Office,1,1239,15,1053.15,680.79,372.36,Net Banking
6829,2025-03-20,Barrettside,West,Tablet,Office,3,3352,20,8044.8,4720.13,3324.67,Card
6830,2024-10-12,Combsfort,South,Headphones,Accessories,5,169,20,676.0,373.11,302.89,Net Banking
6831,2024-05-26,West Kaylahaven,South,Phone,Office,4,1954,0,7816.0,4113.68,3702.32,UPI
6832,2024-05-07,Deanland,West,Phone,Accessories,4,2882,5,10951.6,8299.82,2651.78,UPI
6833,2026-07-28,New Kevintown,East,Headphones,Office,3,1623,15,4138.65,2964.77,1173.88,Card
6834,2024-03-03,East David,North,Mouse,Electronics,1,3183,10,2864.7,2060.18,804.52,Card
6835,2023-08-31,South Cheryl,South,Printer,Office,5,618,15,2626.5,1705.04,921.46,Cash
6836,2025-03-25,Joshuabury,West,Mouse,Electronics,3,518,10,1398.6,922.64,475.96,Cash
6837,2023-08-27,Lake Justinfurt,West,Headphones,Office,4,2852,5,10837.6,8008.32,2829.28,Cash
6838,2025-07-02,Reedmouth,South,Headphones,Accessories,3,3853,20,9247.2,6165.62,3081.58,Cash
6839,2026-04-07,New Cassandrahaven,East,Headphones,Electronics,3,2517,0,7551.0,5424.83,2126.17,UPI
6840,2026-03-01,South Angelaburgh,West,Phone,Electronics,1,1023,10,920.7,636.07,284.63,Net Banking
6841,2026-04-28,Jefferychester,East,Keyboard,Office,4,4415,10,15894.0,11762.56,4131.44,UPI
6842,2023-11-26,Toddborough,West,Headphones,Office,3,3705,20,8892.0,5903.56,2988.44,Net Banking
6843,2023-10-19,Port Mark,East,Keyboard,Office,5,1547,5,7348.25,4196.4,3151.85,UPI
6844,2024-10-14,North Ryan,South,Speaker,Accessories,1,1147,10,1032.3,744.77,287.53,Card
6845,2025-05-22,Grantville,West,Keyboard,Electronics,3,3379,5,9630.15,6127.94,3502.21,Card
6846,2026-04-07,South Brittanyhaven,West,Laptop,Electronics,3,1395,10,3766.5,2292.46,1474.04,Card
6847,2024-06-04,Greenport,North,Camera,Electronics,1,1058,0,1058.0,670.21,387.79,Card
6848,2025-05-22,East Anthony,East,Speaker,Office,3,4664,5,13292.4,8286.17,5006.23,Card
6849,2023-11-18,Mcguireton,East,Mouse,Electronics,1,2859,0,2859.0,1720.94,1138.06,Net Banking
6850,2025-11-09,Carlostown,North,Keyboard,Accessories,5,3996,0,19980.0,12732.91,7247.09,Card
6851,2026-07-28,Grahamtown,North,Monitor,Accessories,3,4306,20,10334.4,5427.08,4907.32,Card
6852,2025-05-10,New Robertmouth,West,Keyboard,Office,3,3648,5,10396.8,7449.05,2947.75,Net Banking
6853,2026-06-26,Port Julie,West,Phone,Electronics,3,1731,5,4933.35,3733.02,1200.33,UPI
6854,2024-08-22,Reidtown,West,Printer,Accessories,5,1256,20,5024.0,3146.08,1877.92,Card
6855,2026-06-26,Port Daniel,South,Tablet,Office,4,4043,10,14554.8,7726.7,6828.1,Net Banking
6856,2024-06-23,North Richardberg,East,Laptop,Accessories,2,486,20,777.6,491.35,286.25,Net Banking
6857,2025-02-08,Lake Amberton,South,Printer,Accessories,5,4956,0,24780.0,17475.36,7304.64,Net Banking
6858,2024-06-05,Sarahmouth,East,Phone,Accessories,5,2800,20,11200.0,8493.68,2706.32,Cash
6859,2025-03-01,North Patricialand,North,Phone,Accessories,5,2038,5,9680.5,5128.78,4551.72,Net Banking
6860,2025-05-01,Jerryburgh,South,Tablet,Office,5,2702,10,12159.0,9597.02,2561.98,Card
6861,2025-07-20,Port Crystalstad,North,Keyboard,Accessories,1,4342,0,4342.0,2683.16,1658.84,Card
6862,2025-02-12,Margaretfort,East,Headphones,Electronics,2,1991,10,3583.8,2587.18,996.62,UPI
6863,2025-03-17,Petersonport,North,Camera,Office,4,3000,15,10200.0,5385.42,4814.58,Card
6864,2025-01-29,North Robertburgh,East,Printer,Accessories,5,4323,15,18372.75,9619.24,8753.51,Cash
6865,2023-08-04,North Leah,West,Mouse,Accessories,3,2622,5,7472.7,3802.83,3669.87,Net Banking
6866,2026-06-13,South Codyfort,East,Tablet,Office,4,3941,10,14187.6,7609.26,6578.34,Cash
6867,2025-10-13,West Daniel,South,Keyboard,Electronics,1,4207,5,3996.65,2114.74,1881.91,Cash
6868,2024-06-16,Port Jonathan,East,Camera,Office,2,2084,15,3542.8,1980.62,1562.18,Cash
6869,2026-03-25,Dyerfurt,North,Camera,Electronics,4,4242,15,14422.8,8958.86,5463.94,Card
6870,2024-07-06,Erinview,West,Tablet,Accessories,3,290,15,739.5,529.28,210.22,UPI
6871,2025-04-10,South Jonville,East,Headphones,Accessories,4,4815,10,17334.0,8767.26,8566.74,UPI
6872,2025-11-06,Tristanmouth,East,Monitor,Office,1,3547,20,2837.6,1943.43,894.17,Card
6873,2025-10-14,South Jennymouth,North,Mouse,Electronics,2,3257,10,5862.6,3804.45,2058.15,Card
6874,2024-03-11,Lake Sarah,West,Printer,Accessories,3,214,10,577.8,322.79,255.01,Card
6875,2025-06-09,West Nicole,North,Phone,Office,3,4876,15,12433.8,6403.72,6030.08,Card
6876,2023-11-02,Smithberg,South,Printer,Office,1,4307,15,3660.95,1946.54,1714.41,UPI
6877,2023-11-09,New Ebonystad,South,Camera,Electronics,5,1865,20,7460.0,5143.08,2316.92,UPI
6878,2023-08-26,East Aprilmouth,North,Speaker,Office,5,4953,20,19812.0,14701.21,5110.79,Net Banking
6879,2025-08-22,Kimberlyberg,North,Phone,Office,5,1153,0,5765.0,3597.33,2167.67,UPI
6880,2026-04-05,Lisaside,North,Phone,Office,4,3065,15,10421.0,6526.62,3894.38,UPI
6881,2024-07-21,Nicholasside,East,Headphones,Electronics,5,3631,15,15431.75,10880.96,4550.79,Net Banking
6882,2025-05-17,Fernandoside,East,Headphones,Office,2,2608,20,4172.8,3066.19,1106.61,Card
6883,2024-06-03,Karimouth,West,Tablet,Accessories,2,4280,0,8560.0,6609.12,1950.88,UPI
6884,2025-06-14,New Steven,North,Speaker,Accessories,4,4107,5,15606.6,8167.07,7439.53,Cash
6885,2023-08-31,Lake Laura,South,Camera,Office,5,2115,0,10575.0,6046.65,4528.35,Net Banking
6886,2024-12-31,West Shaun,West,Tablet,Office,2,2923,10,5261.4,3604.35,1657.05,Cash
6887,2026-06-02,Isaacton,East,Tablet,Accessories,1,860,20,688.0,525.25,162.75,Cash
6888,2024-05-24,West Kelly,West,Headphones,Accessories,1,3240,5,3078.0,2089.47,988.53,UPI
6889,2026-07-29,East Taylorview,West,Headphones,Office,3,2163,20,5191.2,3675.21,1515.99,UPI
6890,2025-10-19,Greenside,East,Laptop,Electronics,2,2453,0,4906.0,2797.8,2108.2,Card
6891,2023-10-20,Bryantberg,East,Speaker,Accessories,3,3395,0,10185.0,7272.93,2912.07,Net Banking
6892,2025-05-10,Joshuaburgh,East,Tablet,Office,3,3752,10,10130.4,7027.63,3102.77,Cash
6893,2026-04-27,Stephaniemouth,West,Keyboard,Office,3,2172,20,5212.8,2829.11,2383.69,Card
6894,2026-04-03,Smithtown,West,Camera,Accessories,1,1141,10,1026.9,792.41,234.49,UPI
6895,2024-08-31,Caldwellton,East,Phone,Electronics,3,575,5,1638.75,1197.69,441.06,Cash
6896,2025-11-08,North Alison,West,Monitor,Office,4,3159,0,12636.0,8385.74,4250.26,Net Banking
6897,2025-08-17,New Jessicaland,South,Printer,Accessories,5,4709,15,20013.25,14147.77,5865.48,Cash
6898,2023-10-19,Lake Angel,East,Phone,Electronics,3,4026,15,10266.3,5374.04,4892.26,Cash
6899,2024-07-28,North Jamesstad,North,Laptop,Accessories,2,4348,5,8261.2,4783.95,3477.25,Cash
6900,2024-06-10,East Annaton,West,Tablet,Accessories,4,1208,20,3865.6,2779.75,1085.85,Cash
6901,2026-04-06,Lisaside,West,Laptop,Electronics,4,1386,0,5544.0,4230.13,1313.87,Card
6902,2024-07-18,West Kaylaberg,West,Camera,Accessories,2,3179,15,5404.3,4088.29,1316.01,Cash
6903,2026-07-01,Hebertstad,West,Phone,Office,1,374,20,299.2,172.21,126.99,UPI
6904,2023-10-07,East Samantha,South,Mouse,Electronics,5,1623,0,8115.0,6253.68,1861.32,Card
6905,2025-08-18,Richardburgh,North,Camera,Electronics,3,4287,5,12217.95,7858.66,4359.29,Card
6906,2023-12-30,Davidmouth,West,Tablet,Accessories,1,1829,0,1829.0,1279.01,549.99,Cash
6907,2025-03-12,Hurleyberg,East,Camera,Office,4,3046,0,12184.0,9171.68,3012.32,Net Banking
6908,2023-10-30,Deborahland,East,Monitor,Office,5,3925,20,15700.0,10436.3,5263.7,Net Banking
6909,2025-06-20,East Allen,West,Phone,Electronics,5,3012,15,12801.0,9090.9,3710.1,Cash
6910,2025-06-28,Rogersview,East,Tablet,Electronics,5,809,15,3438.25,2665.38,772.87,UPI
6911,2025-01-17,Johntown,East,Phone,Electronics,4,4924,5,18711.2,13845.83,4865.37,Card
6912,2024-01-05,Boydton,West,Printer,Accessories,2,4140,20,6624.0,5224.0,1400.0,Cash
6913,2023-11-26,Mullinsport,West,Monitor,Electronics,2,245,0,490.0,278.66,211.34,Card
6914,2025-06-08,Rachelmouth,North,Mouse,Electronics,1,2695,5,2560.25,1481.0,1079.25,UPI
6915,2026-01-11,North Adrienne,South,Keyboard,Accessories,4,3434,10,12362.4,9311.01,3051.39,Card
6916,2025-09-03,Lake Debra,West,Laptop,Electronics,5,2412,20,9648.0,5905.24,3742.76,Net Banking
6917,2024-10-14,Lake Benjaminfurt,South,Speaker,Accessories,1,348,20,278.4,161.79,116.61,UPI
6918,2026-02-05,Knightmouth,West,Printer,Accessories,3,2699,5,7692.15,5049.53,2642.62,Net Banking
6919,2025-03-25,South Brent,West,Tablet,Electronics,1,1275,20,1020.0,647.29,372.71,UPI
6920,2025-03-31,Kimberlyville,West,Phone,Accessories,2,2846,10,5122.8,3531.18,1591.62,Card
6921,2026-03-29,Port Mark,South,Mouse,Office,1,2921,5,2774.95,2165.44,609.51,Cash
6922,2025-11-07,Mcculloughport,North,Laptop,Office,2,643,5,1221.7,929.77,291.93,Cash
6923,2024-03-17,Lake Melissaside,North,Headphones,Accessories,5,448,10,2016.0,1036.87,979.13,UPI
6924,2025-10-05,Lake Carlosshire,East,Headphones,Electronics,4,362,5,1375.6,854.71,520.89,Net Banking
6925,2025-11-19,Daniellefort,South,Mouse,Electronics,2,1883,0,3766.0,2114.11,1651.89,Cash
6926,2025-07-27,West Jeanne,West,Tablet,Electronics,4,1115,20,3568.0,2396.64,1171.36,UPI
6927,2023-10-24,East Ross,East,Headphones,Office,4,3942,20,12614.4,9537.34,3077.06,Card
6928,2026-01-19,New John,West,Mouse,Office,1,387,0,387.0,250.97,136.03,Card
6929,2025-07-07,Kellyfurt,East,Laptop,Office,1,2890,0,2890.0,2227.83,662.17,Net Banking
6930,2026-03-09,Whiteheadburgh,South,Mouse,Office,5,3555,5,16886.25,8849.29,8036.96,UPI
6931,2025-10-02,Bridgetmouth,West,Monitor,Electronics,3,4906,15,12510.3,9319.43,3190.87,Net Banking
6932,2023-09-14,Wallacemouth,East,Camera,Electronics,4,1506,15,5120.4,2701.38,2419.02,Net Banking
6933,2024-11-01,Masontown,West,Headphones,Electronics,3,4452,15,11352.6,8328.95,3023.65,Net Banking
6934,2023-08-16,Shawnview,West,Phone,Electronics,5,3147,15,13374.75,8543.08,4831.67,UPI
6935,2026-02-17,East Ethan,North,Camera,Accessories,5,4939,20,19756.0,15611.66,4144.34,Net Banking
6936,2024-02-22,Port Thomasfurt,South,Camera,Office,1,4109,0,4109.0,2056.28,2052.72,Net Banking
6937,2024-03-23,Gentryshire,West,Printer,Accessories,2,2366,10,4258.8,2559.75,1699.05,Card
6938,2026-04-28,Port Kimberlyton,West,Printer,Office,1,187,5,177.65,121.14,56.51,UPI
6939,2024-09-08,Nicholasview,East,Speaker,Accessories,4,2449,15,8326.6,6406.7,1919.9,UPI
6940,2024-11-04,Salazarmouth,East,Speaker,Office,5,3496,20,13984.0,9700.15,4283.85,Net Banking
6941,2025-06-10,South Robertview,South,Headphones,Accessories,3,1684,5,4799.4,2410.8,2388.6,Net Banking
6942,2025-11-13,East Andreahaven,South,Camera,Accessories,5,3956,0,19780.0,13736.25,6043.75,Cash
6943,2024-06-27,Port Barbara,East,Monitor,Accessories,4,4452,10,16027.2,11793.44,4233.76,Net Banking
6944,2025-10-04,Hermanmouth,East,Tablet,Accessories,3,1856,0,5568.0,3752.81,1815.19,Card
6945,2025-02-08,Nataliemouth,South,Headphones,Accessories,1,4239,0,4239.0,2402.45,1836.55,Net Banking
6946,2024-05-24,East Kevinbury,South,Tablet,Accessories,3,256,10,691.2,361.36,329.84,Cash
6947,2023-09-19,Janicestad,East,Monitor,Office,2,3159,0,6318.0,4243.16,2074.84,Net Banking
6948,2023-09-10,Williamsburgh,South,Tablet,Accessories,2,903,10,1625.4,1188.21,437.19,Card
6949,2026-05-02,Smithport,North,Keyboard,Office,2,2174,15,3695.8,2333.96,1361.84,Card
6950,2024-03-30,North Brandon,North,Laptop,Electronics,5,586,15,2490.5,1963.86,526.64,Cash
6951,2025-03-03,Michaelland,West,Mouse,Electronics,3,4405,20,10572.0,7433.1,3138.9,Net Banking
6952,2026-07-20,Monroeton,West,Speaker,Accessories,5,2060,20,8240.0,5610.62,2629.38,Card
6953,2025-07-23,East Rachel,South,Printer,Accessories,2,1763,5,3349.7,2182.8,1166.9,Net Banking
6954,2025-05-11,Nelsonhaven,West,Printer,Office,5,4297,5,20410.75,13583.56,6827.19,Card
6955,2025-09-19,Port Brentberg,South,Printer,Office,3,4300,0,12900.0,10163.62,2736.38,Net Banking
6956,2024-09-13,Griffinside,South,Keyboard,Accessories,5,939,15,3990.75,2412.72,1578.03,UPI
6957,2025-06-24,New Ethanmouth,West,Keyboard,Office,4,2030,15,6902.0,4576.21,2325.79,Cash
6958,2024-08-02,Thomasside,North,Tablet,Office,2,1033,20,1652.8,1125.71,527.09,Cash
6959,2024-07-06,Sandersview,South,Mouse,Electronics,5,3408,0,17040.0,11929.16,5110.84,Cash
6960,2025-02-25,South Diana,South,Tablet,Office,1,4533,15,3853.05,2462.52,1390.53,Net Banking
6961,2026-01-13,Williamberg,West,Tablet,Accessories,2,4479,0,8958.0,6892.99,2065.01,Net Banking
6962,2025-04-23,South Suzanneland,South,Speaker,Accessories,4,4509,15,15330.6,12088.92,3241.68,UPI
6963,2024-09-10,Martinezside,West,Mouse,Accessories,5,653,20,2612.0,1341.58,1270.42,Card
6964,2024-01-20,South Lisa,West,Mouse,Electronics,2,370,10,666.0,376.06,289.94,Net Banking
6965,2024-11-01,Andrewport,North,Keyboard,Electronics,2,2199,5,4178.1,2575.27,1602.83,Card
6966,2023-11-09,Courtneyland,West,Monitor,Electronics,3,4655,15,11870.25,7708.89,4161.36,Cash
6967,2026-03-20,New Mark,West,Tablet,Electronics,5,1009,20,4036.0,2667.62,1368.38,Card
6968,2024-02-09,Johnsonstad,South,Monitor,Accessories,2,4853,10,8735.4,4423.88,4311.52,Card
6969,2025-11-03,Robertsborough,East,Camera,Electronics,3,3926,15,10011.3,7553.96,2457.34,Net Banking
6970,2026-04-09,Port Charlesside,South,Printer,Office,5,2744,0,13720.0,6906.29,6813.71,Cash
6971,2026-07-07,Port George,North,Laptop,Office,2,4262,10,7671.6,5043.32,2628.28,Net Banking
6972,2023-12-26,Leonardmouth,East,Monitor,Office,4,4756,5,18072.8,13287.82,4784.98,UPI
6973,2025-04-20,Port Juliamouth,East,Printer,Accessories,3,630,10,1701.0,1165.02,535.98,Card
6974,2025-01-19,Deborahton,East,Monitor,Electronics,3,4095,10,11056.5,6434.5,4622.0,Net Banking
6975,2024-10-04,Kirstenburgh,North,Camera,Accessories,3,4731,15,12064.05,6395.14,5668.91,Net Banking
6976,2024-10-21,New Darrellbury,West,Mouse,Accessories,4,1266,5,4810.8,2637.33,2173.47,UPI
6977,2024-01-20,New Adammouth,North,Headphones,Accessories,3,2082,5,5933.7,4657.6,1276.1,UPI
6978,2024-10-09,East Joshua,West,Tablet,Office,2,3870,10,6966.0,5033.95,1932.05,Net Banking
6979,2023-08-19,Jeromeburgh,North,Monitor,Electronics,4,4712,5,17905.6,13553.03,4352.57,Cash
6980,2025-11-11,Bondtown,North,Phone,Accessories,3,2068,20,4963.2,3043.44,1919.76,UPI
6981,2026-05-29,Jamieborough,North,Laptop,Electronics,2,407,15,691.9,416.95,274.95,Net Banking
6982,2024-02-10,North Mason,East,Speaker,Electronics,5,762,10,3429.0,2090.95,1338.05,Card
6983,2025-12-19,Walkerfurt,West,Monitor,Electronics,2,2216,10,3988.8,2375.91,1612.89,Card
6984,2024-12-05,Reynoldsmouth,East,Mouse,Electronics,2,1141,0,2282.0,1348.92,933.08,Card
6985,2025-04-16,Burnettshire,North,Camera,Accessories,5,4784,20,19136.0,11712.88,7423.12,Card
6986,2024-05-23,Hernandeztown,East,Tablet,Office,2,524,5,995.6,662.56,333.04,Cash
6987,2025-12-25,Port Michelle,West,Speaker,Accessories,5,440,15,1870.0,942.44,927.56,UPI
6988,2024-07-13,South Wendy,North,Phone,Electronics,1,3633,5,3451.35,2151.44,1299.91,Net Banking
6989,2024-05-11,Danielchester,North,Camera,Electronics,3,436,20,1046.4,726.66,319.74,UPI
6990,2026-03-28,Port Paulport,South,Phone,Accessories,4,4834,20,15468.8,8798.04,6670.76,Cash
6991,2026-04-24,Port Lindseyfurt,West,Headphones,Office,2,4566,15,7762.2,5951.66,1810.54,Card
6992,2026-01-24,Clarkview,East,Headphones,Electronics,1,1632,20,1305.6,765.17,540.43,Cash
6993,2026-07-25,Geraldstad,South,Phone,Office,1,2724,15,2315.4,1758.11,557.29,UPI
6994,2026-07-30,Hahntown,East,Printer,Office,2,3445,0,6890.0,3987.95,2902.05,Net Banking
6995,2023-10-22,South Corystad,North,Printer,Accessories,3,2258,20,5419.2,4230.9,1188.3,Cash
6996,2025-05-24,Davidborough,West,Monitor,Accessories,1,4967,5,4718.65,3128.86,1589.79,Net Banking
6997,2024-08-01,Port Jeffery,North,Monitor,Accessories,1,1629,15,1384.65,958.79,425.86,Net Banking
6998,2024-02-14,South Hannah,West,Tablet,Electronics,3,4437,15,11314.35,5782.54,5531.81,Card
6999,2024-08-03,Lake Jasmine,North,Speaker,Office,1,487,10,438.3,270.76,167.54,Cash
7000,2024-12-14,East Bruce,North,Headphones,Office,3,3305,0,9915.0,6030.44,3884.56,Card
7001,2023-08-19,Port Christopher,East,Tablet,Accessories,3,531,15,1354.05,837.37,516.68,UPI
7002,2026-02-20,Adkinsside,East,Monitor,Office,3,338,10,912.6,625.38,287.22,Net Banking
7003,2025-07-09,East Brooke,South,Camera,Office,4,2801,15,9523.4,6298.28,3225.12,Card
7004,2024-12-18,Lake Kelly,East,Keyboard,Accessories,5,888,20,3552.0,2104.61,1447.39,Card
7005,2025-09-10,Kyleburgh,East,Headphones,Electronics,5,4962,0,24810.0,17651.88,7158.12,Net Banking
7006,2024-11-13,Cainmouth,West,Tablet,Accessories,1,4953,0,4953.0,2516.48,2436.52,Net Banking
7007,2025-01-16,Port Parkerton,South,Headphones,Electronics,1,2627,5,2495.65,1435.87,1059.78,UPI
7008,2025-03-29,Ramirezfort,West,Headphones,Electronics,1,4858,0,4858.0,2619.58,2238.42,Net Banking
7009,2023-10-19,Julieton,South,Keyboard,Electronics,4,1674,20,5356.8,2853.68,2503.12,Card
7010,2024-09-17,Nelsonmouth,South,Camera,Office,1,2255,10,2029.5,1610.35,419.15,UPI
7011,2023-08-09,North Kenneth,South,Headphones,Office,2,2628,15,4467.6,2524.46,1943.14,Net Banking
7012,2025-08-04,Suarezville,West,Printer,Accessories,3,1356,10,3661.2,2288.45,1372.75,Net Banking
7013,2026-02-21,Ericport,North,Laptop,Electronics,5,379,10,1705.5,1323.55,381.95,Cash
7014,2024-07-06,Lake Kristopher,South,Printer,Electronics,5,4816,10,21672.0,16822.32,4849.68,Cash
7015,2025-01-07,Smithchester,East,Mouse,Electronics,4,3151,0,12604.0,9753.73,2850.27,Cash
7016,2024-03-25,Paulstad,North,Camera,Accessories,4,4527,0,18108.0,12095.15,6012.85,Cash
7017,2025-11-14,Garciafort,North,Monitor,Office,5,973,10,4378.5,3345.06,1033.44,UPI
7018,2023-10-26,Smithville,East,Mouse,Electronics,3,2320,15,5916.0,3679.18,2236.82,Net Banking
7019,2026-01-22,Duncanmouth,West,Monitor,Accessories,1,391,0,391.0,297.28,93.72,Card
7020,2026-07-02,East Dana,East,Mouse,Accessories,4,3302,15,11226.8,7419.78,3807.02,Cash
7021,2025-09-18,Webstermouth,West,Tablet,Accessories,2,3368,5,6399.2,4154.92,2244.28,Cash
7022,2024-03-20,West Louis,South,Keyboard,Accessories,5,2985,20,11940.0,8117.5,3822.5,Cash
7023,2023-10-20,East Kennethton,West,Headphones,Electronics,2,2008,20,3212.8,1704.98,1507.82,Net Banking
7024,2024-12-27,South Davidberg,North,Printer,Office,4,2306,20,7379.2,5563.04,1816.16,Net Banking
7025,2024-12-10,Rhodesfurt,South,Tablet,Electronics,1,2656,15,2257.6,1729.21,528.39,Cash
7026,2026-03-11,Johnsonhaven,South,Phone,Office,5,589,10,2650.5,1923.1,727.4,Cash
7027,2025-01-11,West Tracyton,South,Monitor,Accessories,1,1735,0,1735.0,1220.17,514.83,UPI
7028,2025-10-19,West Amanda,East,Camera,Electronics,1,3739,0,3739.0,2053.3,1685.7,Cash
7029,2024-09-27,Brittanychester,West,Headphones,Office,3,3837,20,9208.8,6783.35,2425.45,Card
7030,2024-06-11,Kendraburgh,North,Speaker,Office,2,1003,15,1705.1,1243.18,461.92,Net Banking
7031,2024-10-28,Turnerborough,East,Printer,Accessories,5,1414,5,6716.5,4055.91,2660.59,Card
7032,2025-11-02,Lisamouth,West,Mouse,Electronics,1,1865,10,1678.5,1189.83,488.67,Net Banking
7033,2026-06-29,Lake Robertfurt,West,Keyboard,Office,3,3761,10,10154.7,5161.46,4993.24,Net Banking
7034,2025-09-27,South Melinda,West,Monitor,Accessories,2,4807,15,8171.9,4341.78,3830.12,Cash
7035,2025-07-29,Greenborough,North,Tablet,Electronics,4,4073,20,13033.6,8752.34,4281.26,Card
7036,2024-12-23,Riceport,North,Printer,Electronics,3,2250,5,6412.5,3838.78,2573.72,Cash
7037,2025-04-26,Port Lauriehaven,South,Mouse,Electronics,3,2834,10,7651.8,4004.79,3647.01,Cash
7038,2025-10-17,North David,East,Laptop,Electronics,2,4309,15,7325.3,4183.25,3142.05,Net Banking
7039,2026-03-26,East Thomasland,West,Mouse,Office,1,3798,0,3798.0,2913.92,884.08,UPI
7040,2026-06-22,New Cory,South,Camera,Office,3,2606,10,7036.2,3966.33,3069.87,Cash
7041,2023-12-27,New Danielle,West,Speaker,Electronics,2,264,0,528.0,393.73,134.27,Cash
7042,2026-07-08,West Janetburgh,East,Phone,Accessories,4,994,15,3379.6,2384.19,995.41,Net Banking
7043,2024-09-06,New Robert,East,Laptop,Office,2,1638,15,2784.6,1747.72,1036.88,UPI
7044,2024-11-11,Elizabethshire,North,Laptop,Office,2,2288,0,4576.0,3151.89,1424.11,UPI
7045,2024-06-20,East Erica,North,Mouse,Accessories,4,1011,20,3235.2,1980.92,1254.28,UPI
7046,2026-04-19,Jarvishaven,East,Monitor,Office,3,4874,10,13159.8,6969.32,6190.48,Card
7047,2023-10-08,South Nathan,North,Camera,Electronics,5,4084,5,19399.0,11932.29,7466.71,Net Banking
7048,2024-02-20,Allenchester,East,Keyboard,Office,4,738,20,2361.6,1215.95,1145.65,UPI
7049,2025-11-30,Port Bethany,West,Headphones,Electronics,4,4530,10,16308.0,10744.34,5563.66,UPI
7050,2026-05-20,Kimberlyview,East,Tablet,Accessories,5,357,15,1517.25,1181.05,336.2,Cash
7051,2026-04-10,East Jacquelineshire,North,Tablet,Office,3,126,5,359.1,181.91,177.19,UPI
7052,2024-08-12,South Cathyton,North,Printer,Electronics,3,3029,0,9087.0,6381.09,2705.91,Net Banking
7053,2025-08-23,New Manuel,West,Tablet,Electronics,2,1828,0,3656.0,1859.29,1796.71,Card
7054,2024-12-01,Port Amybury,West,Keyboard,Accessories,4,1601,5,6083.8,3419.21,2664.59,Cash
7055,2025-06-28,Pamelaton,West,Laptop,Accessories,1,2244,5,2131.8,1159.36,972.44,UPI
7056,2024-11-14,North Andrew,East,Headphones,Electronics,3,3903,5,11123.55,6751.9,4371.65,Net Banking
7057,2025-12-13,Port Anne,East,Keyboard,Office,3,2231,20,5354.4,3008.15,2346.25,Net Banking
7058,2026-03-24,South Nicholas,East,Speaker,Office,2,2600,10,4680.0,2475.56,2204.44,Net Banking
7059,2025-04-01,Lewistown,West,Laptop,Office,3,1288,15,3284.4,1700.57,1583.83,UPI
7060,2023-12-23,Michelleshire,South,Camera,Accessories,5,4701,20,18804.0,13388.01,5415.99,UPI
7061,2023-12-09,Jordanborough,South,Phone,Accessories,3,834,10,2251.8,1568.19,683.61,Cash
7062,2025-05-09,West Erica,North,Keyboard,Accessories,1,664,20,531.2,363.6,167.6,Cash
7063,2026-07-23,Port Michael,South,Monitor,Accessories,4,2643,0,10572.0,8373.43,2198.57,Card
7064,2023-08-26,West Jeffrey,South,Headphones,Electronics,4,433,0,1732.0,1080.46,651.54,Cash
7065,2024-04-12,Pamelaborough,South,Printer,Office,2,3049,15,5183.3,3538.98,1644.32,Cash
7066,2026-07-07,Port Raymond,South,Headphones,Accessories,5,2562,10,11529.0,8794.35,2734.65,UPI
7067,2024-06-21,Gonzalesmouth,East,Speaker,Accessories,4,2383,15,8102.2,4833.97,3268.23,Net Banking
7068,2025-10-18,Aliciaville,South,Printer,Office,3,3361,10,9074.7,5394.05,3680.65,Cash
7069,2024-12-17,West Kenneth,West,Tablet,Accessories,4,1753,20,5609.6,3121.41,2488.19,Cash
7070,2024-10-09,New Andreatown,North,Phone,Electronics,4,577,5,2192.6,1149.11,1043.49,Card
7071,2023-12-30,South Linda,West,Monitor,Electronics,1,2110,5,2004.5,1389.52,614.98,Cash
7072,2026-05-17,West Karenborough,South,Monitor,Accessories,2,703,10,1265.4,741.74,523.66,Cash
7073,2024-12-10,South Kenneth,South,Speaker,Accessories,4,2463,20,7881.6,5138.36,2743.24,Card
7074,2025-10-11,Jonesville,East,Keyboard,Electronics,5,1141,10,5134.5,2799.37,2335.13,Card
7075,2026-06-19,Jamesberg,North,Monitor,Electronics,3,2138,10,5772.6,3185.69,2586.91,Net Banking
7076,2025-04-21,North Todd,North,Tablet,Office,2,2447,15,4159.9,2604.07,1555.83,Card
7077,2023-11-07,Michaelton,West,Monitor,Accessories,3,3952,0,11856.0,9351.37,2504.63,UPI
7078,2026-01-28,Port Markbury,North,Laptop,Electronics,1,4569,0,4569.0,3195.28,1373.72,UPI
7079,2025-01-02,Lake Lindsayburgh,South,Speaker,Accessories,2,1570,0,3140.0,2244.23,895.77,Cash
7080,2024-09-27,East Kenneth,West,Speaker,Office,1,1565,0,1565.0,1186.35,378.65,Card
7081,2023-10-07,Guerreromouth,East,Phone,Accessories,2,1664,5,3161.6,2107.67,1053.93,Card
7082,2026-01-01,Lake Laurenborough,West,Headphones,Electronics,2,3452,5,6558.8,4514.9,2043.9,Cash
7083,2026-02-03,South Michaelport,North,Monitor,Office,3,2716,5,7740.6,5979.99,1760.61,UPI
7084,2023-12-06,South Katie,West,Camera,Office,3,2736,0,8208.0,6159.46,2048.54,Net Banking
7085,2024-02-12,New Jose,North,Phone,Office,4,4609,20,14748.8,10957.48,3791.32,Cash
7086,2025-02-11,Lake Brittanyview,East,Headphones,Electronics,5,922,5,4379.5,2424.42,1955.08,Card
7087,2025-02-16,Crystaltown,East,Tablet,Office,4,1657,10,5965.2,3618.49,2346.71,UPI
7088,2025-05-02,Saundersmouth,South,Phone,Electronics,2,1674,15,2845.8,2125.06,720.74,Cash
7089,2025-02-16,West Jennifer,South,Keyboard,Office,4,778,20,2489.6,1584.62,904.98,UPI
7090,2024-06-07,Lake Stacey,West,Printer,Office,3,2502,10,6755.4,4063.8,2691.6,Net Banking
7091,2025-07-24,Glennstad,South,Keyboard,Accessories,4,1424,15,4841.6,2430.38,2411.22,Net Banking
7092,2025-07-17,Loritown,West,Printer,Office,3,279,20,669.6,381.55,288.05,UPI
7093,2025-02-17,Billyfurt,West,Camera,Office,5,3156,0,15780.0,10170.38,5609.62,Net Banking
7094,2026-06-13,Maryland,North,Speaker,Office,5,4781,20,19124.0,12810.46,6313.54,UPI
7095,2025-07-17,Kristinstad,West,Mouse,Accessories,5,2478,20,9912.0,7840.49,2071.51,UPI
7096,2025-06-12,Carterstad,North,Laptop,Electronics,2,2020,0,4040.0,2745.53,1294.47,Cash
7097,2023-10-15,Kathrynmouth,East,Printer,Accessories,1,3067,10,2760.3,1473.79,1286.51,Card
7098,2024-03-13,Gibsonport,South,Camera,Electronics,4,1826,10,6573.6,3689.83,2883.77,Card
7099,2023-12-10,South Raymond,West,Printer,Accessories,5,4958,20,19832.0,12306.74,7525.26,Cash
7100,2025-09-09,North Shannonmouth,West,Headphones,Electronics,5,2300,5,10925.0,5690.61,5234.39,UPI
7101,2024-10-04,Port Tara,East,Camera,Electronics,4,3004,0,12016.0,7106.37,4909.63,Net Banking
7102,2024-01-01,South Gregorymouth,East,Monitor,Accessories,3,2477,5,7059.45,3695.28,3364.17,Net Banking
7103,2023-09-17,South Courtneyfurt,South,Camera,Accessories,1,470,5,446.5,314.38,132.12,Net Banking
7104,2023-11-06,West Rachel,East,Printer,Accessories,1,4664,20,3731.2,2973.42,757.78,Net Banking
7105,2026-07-18,East Christophermouth,East,Keyboard,Accessories,5,1648,10,7416.0,5638.35,1777.65,Card
7106,2026-06-12,South Scottton,East,Headphones,Office,2,917,10,1650.6,1106.25,544.35,UPI
7107,2024-11-23,East Danny,West,Headphones,Office,2,2931,20,4689.6,2954.32,1735.28,UPI
7108,2024-10-22,North Ryanberg,East,Laptop,Office,5,4295,0,21475.0,14290.9,7184.1,UPI
7109,2023-09-25,East Gerald,East,Laptop,Accessories,3,1116,10,3013.2,2180.19,833.01,UPI
7110,2025-09-10,Cantrelltown,South,Mouse,Accessories,5,2956,0,14780.0,10339.65,4440.35,Cash
7111,2023-12-28,Johnberg,East,Phone,Electronics,2,3389,5,6439.1,4733.25,1705.85,Card
7112,2025-06-30,East Abigailview,East,Keyboard,Office,4,2583,15,8782.2,4748.51,4033.69,Card
7113,2025-09-23,Lake Teresaview,West,Laptop,Accessories,3,2889,5,8233.65,5598.15,2635.5,Card
7114,2024-06-27,Port Rhonda,West,Mouse,Office,3,314,20,753.6,592.56,161.04,Cash
7115,2026-07-21,Brownhaven,West,Printer,Office,2,3109,5,5907.1,4600.03,1307.07,Cash
7116,2024-05-03,Jamesstad,South,Laptop,Office,2,3804,15,6466.8,4209.46,2257.34,UPI
7117,2026-05-30,South Paulashire,East,Tablet,Accessories,5,4596,0,22980.0,12630.7,10349.3,UPI
7118,2023-10-12,South Mark,West,Laptop,Electronics,3,1407,20,3376.8,1728.04,1648.76,UPI
7119,2023-08-30,West Joseph,West,Keyboard,Accessories,5,3934,20,15736.0,11200.57,4535.43,UPI
7120,2024-06-06,West Joanna,South,Keyboard,Electronics,3,734,0,2202.0,1410.94,791.06,Net Banking
7121,2025-02-27,Carrollberg,South,Camera,Office,1,1208,10,1087.2,835.61,251.59,Net Banking
7122,2025-01-06,Scottburgh,South,Camera,Accessories,1,4453,15,3785.05,1950.93,1834.12,Cash
7123,2025-01-15,Amandaland,South,Camera,Electronics,5,3874,5,18401.5,13444.01,4957.49,Net Banking
7124,2025-01-15,Paceside,South,Keyboard,Electronics,2,390,0,780.0,465.66,314.34,UPI
7125,2024-09-14,Loganbury,West,Mouse,Accessories,2,1626,10,2926.8,2298.48,628.32,Cash
7126,2024-01-04,Stephenhaven,North,Monitor,Electronics,1,1663,5,1579.85,823.08,756.77,Net Banking
7127,2024-05-07,Muellermouth,East,Headphones,Electronics,5,1957,20,7828.0,4596.63,3231.37,Net Banking
7128,2025-05-16,Avilaborough,South,Laptop,Office,4,1717,0,6868.0,4192.13,2675.87,UPI
7129,2023-10-22,Lake Arthur,North,Monitor,Accessories,2,2649,20,4238.4,2268.6,1969.8,Cash
7130,2025-01-27,North Carolyn,South,Tablet,Accessories,2,3206,15,5450.2,3536.32,1913.88,Net Banking
7131,2024-04-13,New Savannah,East,Monitor,Electronics,2,2792,0,5584.0,4043.19,1540.81,Card
7132,2026-06-18,Townsendbury,East,Keyboard,Accessories,5,1211,5,5752.25,3116.35,2635.9,Cash
7133,2025-01-03,West Aprilmouth,South,Mouse,Office,2,4979,15,8464.3,6167.72,2296.58,Net Banking
7134,2025-09-09,Robertburgh,South,Keyboard,Accessories,3,3689,15,9406.95,5593.23,3813.72,Card
7135,2026-05-20,Barnetthaven,West,Mouse,Electronics,1,4164,0,4164.0,3305.32,858.68,Net Banking
7136,2024-07-05,Shawnaton,North,Monitor,Accessories,3,823,5,2345.55,1310.89,1034.66,UPI
7137,2024-03-28,New Ashley,South,Laptop,Accessories,2,2624,10,4723.2,3750.16,973.04,Cash
7138,2024-12-04,South Lisamouth,West,Laptop,Electronics,1,976,15,829.6,463.79,365.81,Cash
7139,2025-10-22,Paigetown,North,Monitor,Electronics,5,1042,10,4689.0,2488.27,2200.73,Net Banking
7140,2025-11-04,Joneston,West,Mouse,Electronics,5,3351,5,15917.25,11879.68,4037.57,Net Banking
7141,2026-07-19,South Molly,West,Mouse,Office,2,707,5,1343.3,1038.86,304.44,Cash
7142,2024-03-16,Joanfort,West,Speaker,Accessories,3,1760,15,4488.0,2898.95,1589.05,Net Banking
7143,2023-08-22,Port Robert,South,Tablet,Office,3,3293,15,8397.15,5784.57,2612.58,Net Banking
7144,2024-09-20,South Jessica,South,Keyboard,Electronics,2,139,0,278.0,196.62,81.38,Net Banking
7145,2024-04-10,Hunterstad,North,Camera,Electronics,5,4695,20,18780.0,14737.8,4042.2,Card
7146,2026-06-02,Lake Kylie,West,Phone,Accessories,4,4064,0,16256.0,11068.84,5187.16,Cash
7147,2023-12-31,Kingview,East,Camera,Accessories,5,870,20,3480.0,2107.32,1372.68,Net Banking
7148,2026-01-13,Cantuburgh,East,Speaker,Accessories,1,3506,0,3506.0,2590.46,915.54,Card
7149,2024-08-03,Jonesberg,South,Headphones,Office,4,339,15,1152.6,754.53,398.07,Net Banking
7150,2024-04-17,Jorgemouth,North,Laptop,Office,5,2667,15,11334.75,5910.95,5423.8,Net Banking
7151,2024-03-17,East Joshua,South,Headphones,Office,4,672,10,2419.2,1655.95,763.25,Cash
7152,2025-05-22,North Bethany,East,Laptop,Accessories,4,4423,20,14153.6,7272.01,6881.59,UPI
7153,2026-07-03,Brucemouth,West,Phone,Electronics,2,549,5,1043.1,610.92,432.18,Card
7154,2024-05-25,North Gail,South,Keyboard,Office,1,1224,15,1040.4,586.55,453.85,Cash
7155,2024-04-28,Davismouth,South,Speaker,Office,5,2807,0,14035.0,9940.56,4094.44,Card
7156,2024-04-10,New Kelsey,North,Keyboard,Electronics,1,3906,5,3710.7,2019.18,1691.52,Cash
7157,2025-01-18,Rachelmouth,East,Phone,Electronics,5,1329,5,6312.75,3581.18,2731.57,UPI
7158,2024-03-21,Nathanburgh,West,Keyboard,Office,2,4872,15,8282.4,6037.29,2245.11,Net Banking
7159,2024-08-07,Weberfurt,West,Tablet,Accessories,5,1388,15,5899.0,3925.13,1973.87,Card
7160,2023-11-12,Tracytown,East,Headphones,Electronics,2,3307,0,6614.0,4566.6,2047.4,Net Banking
7161,2025-01-08,Valerieborough,East,Printer,Accessories,4,2795,0,11180.0,6611.6,4568.4,Cash
7162,2024-08-26,West Andrew,West,Headphones,Electronics,4,2318,5,8808.4,4466.66,4341.74,Net Banking
7163,2025-03-25,Valerieburgh,East,Speaker,Office,5,629,10,2830.5,1989.22,841.28,UPI
7164,2024-07-11,New Timothyborough,South,Speaker,Office,5,4243,15,18032.75,9780.37,8252.38,UPI
7165,2023-08-16,Cunninghammouth,East,Keyboard,Office,1,1807,0,1807.0,1315.06,491.94,Card
7166,2026-01-19,Port Jessicaport,North,Phone,Office,5,1080,10,4860.0,3739.91,1120.09,Net Banking
7167,2023-12-01,Bishopmouth,North,Monitor,Electronics,5,3460,5,16435.0,12619.56,3815.44,Net Banking
7168,2025-09-02,New Billtown,East,Mouse,Electronics,3,4781,10,12908.7,6658.81,6249.89,Card
7169,2025-06-28,North Gary,North,Headphones,Office,4,893,20,2857.6,1571.19,1286.41,Cash
7170,2024-03-13,Raymondtown,West,Speaker,Electronics,3,1013,15,2583.15,1358.58,1224.57,Net Banking
7171,2023-12-04,Lake Heatherberg,East,Phone,Office,2,2336,0,4672.0,3064.31,1607.69,Net Banking
7172,2025-05-08,East Kelseyhaven,South,Camera,Electronics,2,1187,5,2255.3,1469.96,785.34,Cash
7173,2025-10-06,Port Jennifer,West,Tablet,Electronics,4,2510,0,10040.0,5133.43,4906.57,Card
7174,2025-07-10,Lake Emily,East,Headphones,Accessories,4,2841,20,9091.2,5275.86,3815.34,Card
7175,2024-05-02,Lake Dawn,South,Monitor,Accessories,5,2966,0,14830.0,10985.21,3844.79,UPI
7176,2026-03-14,South Seth,East,Tablet,Accessories,1,3469,10,3122.1,2298.53,823.57,Cash
7177,2024-01-07,New Ethanmouth,North,Phone,Electronics,4,971,5,3689.8,2033.75,1656.05,Card
7178,2025-07-07,East Charlesburgh,East,Phone,Electronics,5,927,10,4171.5,2738.27,1433.23,Cash
7179,2024-08-15,Leetown,North,Phone,Accessories,5,765,0,3825.0,2861.07,963.93,Net Banking
7180,2025-06-09,Robersonbury,East,Keyboard,Accessories,1,1178,5,1119.1,816.69,302.41,Net Banking
7181,2026-07-09,Morganburgh,North,Mouse,Electronics,5,1435,20,5740.0,3889.74,1850.26,UPI
7182,2025-06-04,West Jordanport,North,Tablet,Accessories,2,2085,10,3753.0,2359.28,1393.72,Net Banking
7183,2024-03-23,Tamarastad,West,Printer,Office,4,501,5,1903.8,1210.62,693.18,Card
7184,2025-07-25,Schneidermouth,West,Printer,Office,4,4430,20,14176.0,9452.53,4723.47,Net Banking
7185,2025-06-03,North Erikaport,South,Printer,Electronics,1,4566,0,4566.0,3452.49,1113.51,Cash
7186,2023-12-27,Andreatown,North,Laptop,Office,4,3734,0,14936.0,9027.7,5908.3,Cash
7187,2025-05-06,Mariachester,North,Headphones,Office,4,2005,0,8020.0,6391.6,1628.4,Card
7188,2023-08-26,Lake Amandaport,East,Printer,Electronics,1,1865,0,1865.0,1326.56,538.44,Cash
7189,2023-09-04,Karashire,East,Mouse,Accessories,1,2564,5,2435.8,1233.18,1202.62,Net Banking
7190,2025-07-09,Lake Paulton,East,Speaker,Accessories,5,4922,10,22149.0,12049.17,10099.83,Card
7191,2023-08-15,Lake Kristen,North,Speaker,Accessories,3,4848,0,14544.0,10591.22,3952.78,Net Banking
7192,2024-09-13,New Wayne,North,Laptop,Accessories,5,1952,5,9272.0,5405.83,3866.17,UPI
7193,2024-08-19,Stephentown,South,Laptop,Electronics,5,3082,0,15410.0,10786.79,4623.21,UPI
7194,2025-03-13,North Julie,North,Tablet,Office,4,3286,15,11172.4,5822.61,5349.79,UPI
7195,2025-06-10,Perezton,West,Mouse,Office,4,3392,20,10854.4,7816.42,3037.98,Card
7196,2024-12-29,North Martinfort,East,Printer,Electronics,1,4377,15,3720.45,2001.39,1719.06,UPI
7197,2024-07-05,West Lisaborough,South,Keyboard,Accessories,5,3288,20,13152.0,8127.39,5024.61,Cash
7198,2025-04-29,Harrisontown,South,Mouse,Accessories,3,556,10,1501.2,917.18,584.02,Net Banking
7199,2025-05-05,North Brian,West,Keyboard,Office,2,779,5,1480.1,1086.63,393.47,Net Banking
7200,2023-08-26,East Krystalshire,North,Mouse,Office,2,309,20,494.4,258.23,236.17,Cash
7201,2024-12-07,Burtonhaven,North,Speaker,Electronics,1,4008,5,3807.6,2891.01,916.59,UPI
7202,2024-11-13,Port Mallory,West,Keyboard,Accessories,4,557,15,1893.8,1187.49,706.31,Card
7203,2024-01-16,Port Leslie,South,Monitor,Office,1,4569,10,4112.1,3026.53,1085.57,Cash
7204,2025-09-06,Clarktown,East,Camera,Electronics,1,2596,15,2206.6,1129.38,1077.22,Card
7205,2023-08-19,North Calvinview,West,Mouse,Electronics,4,2702,15,9186.8,7243.09,1943.71,Net Banking
7206,2026-04-25,Steeleborough,North,Monitor,Accessories,3,3336,15,8506.8,5324.22,3182.58,UPI
7207,2024-12-21,South Dylan,West,Laptop,Electronics,1,1073,5,1019.35,521.6,497.75,UPI
7208,2025-02-12,South Zachary,East,Speaker,Accessories,3,4412,20,10588.8,5903.56,4685.24,Net Banking
7209,2024-12-09,Alexstad,East,Headphones,Accessories,5,1621,15,6889.25,3821.65,3067.6,Net Banking
7210,2024-02-26,Port Brian,South,Keyboard,Accessories,4,740,10,2664.0,1354.6,1309.4,Cash
7211,2023-09-24,Port Susanside,West,Printer,Office,5,486,20,1944.0,1215.66,728.34,Card
7212,2025-10-23,New Meganchester,South,Headphones,Office,1,2171,5,2062.45,1204.63,857.82,Net Banking
7213,2024-06-10,Coltonport,North,Laptop,Electronics,5,3160,5,15010.0,8093.9,6916.1,Card
7214,2025-09-07,East Robertton,South,Laptop,Office,2,4875,20,7800.0,5222.66,2577.34,UPI
7215,2025-07-10,South Jeffery,West,Monitor,Office,3,160,0,480.0,275.61,204.39,Cash
7216,2023-12-27,Lake Jessica,North,Monitor,Accessories,5,230,0,1150.0,882.64,267.36,Cash
7217,2025-06-27,Port Brenda,West,Laptop,Office,1,1312,10,1180.8,749.84,430.96,UPI
7218,2023-09-06,Lake Charlesmouth,West,Speaker,Office,5,2761,20,11044.0,5708.55,5335.45,UPI
7219,2024-12-16,Lake Valerieborough,North,Speaker,Office,3,3302,5,9410.7,5820.32,3590.38,UPI
7220,2025-06-17,West Jasontown,East,Printer,Office,5,1680,20,6720.0,4206.67,2513.33,Card
7221,2024-03-03,North Angela,West,Phone,Accessories,4,1190,15,4046.0,2735.2,1310.8,Card
7222,2023-08-02,Port Stephen,West,Camera,Accessories,4,3746,15,12736.4,9751.49,2984.91,Card
7223,2026-07-07,South Brittanyfurt,South,Tablet,Office,5,3467,20,13868.0,9873.76,3994.24,UPI
7224,2023-09-08,New Danny,West,Printer,Office,3,2328,20,5587.2,3853.8,1733.4,UPI
7225,2026-07-20,East Jasonbury,South,Camera,Accessories,3,888,5,2530.8,1461.15,1069.65,UPI
7226,2024-05-31,Blanchardton,West,Monitor,Accessories,3,412,20,988.8,733.09,255.71,UPI
7227,2025-03-30,Danielhaven,North,Printer,Office,3,3622,5,10322.7,5983.59,4339.11,Net Banking
7228,2025-06-27,West Donna,North,Phone,Electronics,4,4331,20,13859.2,9905.01,3954.19,UPI
7229,2025-07-20,Savageport,West,Mouse,Office,5,1745,20,6980.0,4455.96,2524.04,UPI
7230,2023-10-23,South Rubenhaven,East,Speaker,Office,3,1478,0,4434.0,2351.66,2082.34,Cash
7231,2024-03-23,Paulfort,North,Mouse,Electronics,2,4622,5,8781.8,5828.91,2952.89,Cash
7232,2023-12-01,South Rebecca,West,Keyboard,Accessories,4,1549,10,5576.4,3582.43,1993.97,Net Banking
7233,2025-10-13,Whiteville,West,Keyboard,Electronics,2,1866,15,3172.2,2217.24,954.96,UPI
7234,2026-02-19,South Thomasside,East,Mouse,Accessories,5,4773,0,23865.0,13664.37,10200.63,Net Banking
7235,2025-03-06,East Maryborough,South,Phone,Office,5,2420,5,11495.0,9072.53,2422.47,UPI
7236,2024-08-19,Jensentown,West,Printer,Accessories,5,2736,10,12312.0,9695.63,2616.37,UPI
7237,2024-01-18,New Megan,West,Speaker,Electronics,4,3872,5,14713.6,7609.45,7104.15,UPI
7238,2026-01-12,Allisonbury,West,Phone,Accessories,5,4203,10,18913.5,11708.19,7205.31,UPI
7239,2025-12-26,West Christopher,North,Keyboard,Office,5,4804,10,21618.0,11574.94,10043.06,Cash
7240,2025-07-09,Jonesfurt,West,Headphones,Electronics,4,1435,10,5166.0,3330.68,1835.32,UPI
7241,2026-01-21,New Jamesmouth,East,Camera,Office,5,375,5,1781.25,1172.07,609.18,Cash
7242,2025-08-12,Lake Ashlee,East,Mouse,Accessories,3,290,0,870.0,644.88,225.12,UPI
7243,2024-09-01,Robertmouth,North,Monitor,Office,3,3593,15,9162.15,6449.93,2712.22,Net Banking
7244,2023-12-03,West Leeside,South,Laptop,Electronics,2,4170,10,7506.0,4729.84,2776.16,UPI
7245,2026-01-25,West Dawnhaven,South,Speaker,Office,4,2715,20,8688.0,5825.07,2862.93,UPI
7246,2023-10-29,Piercetown,South,Camera,Office,3,1688,15,4304.4,2189.96,2114.44,Net Banking
7247,2024-02-01,Daughertytown,South,Headphones,Office,1,3838,5,3646.1,1828.31,1817.79,Cash
7248,2025-06-03,Andrewside,West,Camera,Accessories,5,1683,5,7994.25,4542.56,3451.69,Net Banking
7249,2024-03-22,West Harold,West,Tablet,Office,4,3998,20,12793.6,9943.22,2850.38,Cash
7250,2025-01-30,Patrickchester,East,Printer,Accessories,2,1625,10,2925.0,1564.95,1360.05,Card
7251,2026-04-01,Shannonborough,North,Camera,Accessories,4,4700,20,15040.0,9813.41,5226.59,Cash
7252,2024-03-15,Lisaburgh,East,Camera,Office,4,2441,15,8299.4,6124.55,2174.85,Cash
7253,2025-11-26,West Stephanieland,South,Mouse,Electronics,4,2551,10,9183.6,4833.58,4350.02,Net Banking
7254,2025-01-13,Port Hunterside,South,Speaker,Office,5,2083,10,9373.5,5771.97,3601.53,Cash
7255,2025-09-11,Bethstad,West,Keyboard,Accessories,1,3364,10,3027.6,1644.95,1382.65,UPI
7256,2023-08-22,Lawrencechester,West,Keyboard,Accessories,1,4611,15,3919.35,2524.7,1394.65,UPI
7257,2023-10-16,Ramirezstad,West,Camera,Accessories,3,2431,20,5834.4,4496.48,1337.92,Net Banking
7258,2025-08-16,North Mitchellville,North,Laptop,Electronics,4,1712,20,5478.4,3471.84,2006.56,UPI
7259,2025-12-20,West Joseph,South,Camera,Accessories,5,4498,15,19116.5,14447.67,4668.83,Net Banking
7260,2025-09-24,Schmidtburgh,West,Camera,Office,1,3457,20,2765.6,1802.22,963.38,Cash
7261,2025-04-25,West Kristin,North,Monitor,Accessories,2,175,10,315.0,222.33,92.67,Cash
7262,2026-05-19,Michaelmouth,West,Keyboard,Accessories,4,1537,5,5840.6,4362.21,1478.39,Net Banking
7263,2026-04-21,Smithburgh,East,Phone,Accessories,3,858,20,2059.2,1475.15,584.05,Card
7264,2024-07-27,Wangmouth,North,Keyboard,Office,1,1186,0,1186.0,697.28,488.72,Card
7265,2025-09-07,South Raymondton,West,Printer,Accessories,5,4210,15,17892.5,12293.18,5599.32,Cash
7266,2024-01-18,Reidbury,North,Phone,Accessories,1,2176,15,1849.6,1389.86,459.74,UPI
7267,2025-07-15,Lake Kelseybury,West,Laptop,Electronics,3,4742,5,13514.7,9247.09,4267.61,Cash
7268,2025-01-26,Anthonyland,North,Headphones,Accessories,3,1451,5,4135.35,2548.61,1586.74,Net Banking
7269,2024-09-11,East Robertburgh,East,Camera,Office,3,2843,5,8102.55,5724.32,2378.23,Net Banking
7270,2024-09-04,Michellefurt,South,Headphones,Electronics,2,2698,0,5396.0,3312.16,2083.84,Card
7271,2024-06-23,Zacharymouth,North,Printer,Electronics,2,3893,0,7786.0,4085.8,3700.2,UPI
7272,2025-04-18,South Robertland,North,Laptop,Office,2,773,10,1391.4,946.47,444.93,Cash
7273,2024-05-21,Greggland,West,Keyboard,Accessories,4,2680,10,9648.0,5865.72,3782.28,Card
7274,2024-08-26,Lambton,North,Keyboard,Electronics,2,4690,5,8911.0,5067.39,3843.61,UPI
7275,2024-05-28,North Philipton,East,Speaker,Office,5,2074,15,8814.5,5439.15,3375.35,Card
7276,2026-03-09,North Michaela,East,Tablet,Office,3,4913,20,11791.2,8163.52,3627.68,Net Banking
7277,2024-03-27,Brandychester,West,Monitor,Office,2,1232,20,1971.2,1565.43,405.77,Cash
7278,2025-11-25,West Brittany,South,Camera,Electronics,3,3597,5,10251.45,6584.05,3667.4,Card
7279,2025-08-29,New Katherine,East,Monitor,Office,3,2548,15,6497.4,4904.21,1593.19,UPI
7280,2026-06-23,Sandovalshire,North,Speaker,Accessories,5,602,15,2558.5,1585.68,972.82,Net Banking
7281,2025-10-01,Millerton,South,Tablet,Accessories,5,1725,0,8625.0,6424.88,2200.12,Net Banking
7282,2025-02-03,North Carla,West,Headphones,Accessories,3,4212,20,10108.8,7850.5,2258.3,Cash
7283,2026-03-27,Jeffreyport,East,Headphones,Office,3,3285,5,9362.25,4911.74,4450.51,UPI
7284,2025-01-13,New Nicholas,South,Speaker,Electronics,5,1515,15,6438.75,3809.9,2628.85,UPI
7285,2024-05-30,Port Mary,North,Monitor,Office,1,1273,5,1209.35,618.48,590.87,UPI
7286,2024-10-27,Morganview,West,Printer,Accessories,2,4259,10,7666.2,4013.1,3653.1,UPI
7287,2026-03-26,Cuevasstad,East,Headphones,Electronics,3,2481,0,7443.0,5318.2,2124.8,Net Banking
7288,2023-12-25,Brendaland,West,Camera,Accessories,1,110,20,88.0,66.69,21.31,Cash
7289,2023-12-01,Josephview,South,Tablet,Electronics,1,541,0,541.0,303.88,237.12,Net Banking
7290,2024-04-23,East Tarachester,East,Keyboard,Electronics,2,2450,15,4165.0,2719.09,1445.91,Net Banking
7291,2026-06-25,Mollyton,East,Keyboard,Electronics,4,2201,20,7043.2,4175.72,2867.48,UPI
7292,2023-08-13,North Jimmyburgh,East,Mouse,Electronics,2,1249,5,2373.1,1887.36,485.74,Net Banking
7293,2023-09-18,Marissaberg,East,Printer,Accessories,4,4041,5,15355.8,7931.85,7423.95,Card
7294,2026-03-21,Annchester,West,Printer,Electronics,1,3563,10,3206.7,2336.45,870.25,Card
7295,2026-02-09,Geraldmouth,North,Headphones,Accessories,3,1787,0,5361.0,4146.52,1214.48,Cash
7296,2024-06-22,New Melanietown,South,Keyboard,Electronics,5,4210,20,16840.0,11045.52,5794.48,Net Banking
7297,2025-04-03,Anthonyhaven,East,Camera,Electronics,5,1078,10,4851.0,2587.14,2263.86,Net Banking
7298,2025-03-16,Lake Justinhaven,South,Mouse,Accessories,4,579,15,1968.6,1278.54,690.06,Cash
7299,2025-11-15,East Christopher,West,Phone,Electronics,3,3941,10,10640.7,7408.33,3232.37,Card
7300,2025-10-26,Brittanyton,West,Keyboard,Electronics,1,3162,15,2687.7,1989.23,698.47,UPI
7301,2025-01-21,Warefort,East,Monitor,Office,2,2545,5,4835.5,2979.45,1856.05,Net Banking
7302,2025-09-30,Port Susan,East,Monitor,Office,2,4784,10,8611.2,6802.16,1809.04,Card
7303,2024-02-06,Rachelchester,East,Printer,Office,1,202,20,161.6,81.51,80.09,Cash
7304,2023-09-16,Munozberg,South,Camera,Accessories,5,4001,5,19004.75,11657.59,7347.16,UPI
7305,2025-03-18,Shermanshire,West,Mouse,Electronics,2,4121,0,8242.0,5619.25,2622.75,UPI
7306,2024-12-24,Andrewton,West,Headphones,Office,1,1517,5,1441.15,958.28,482.87,UPI
7307,2025-05-05,South Joseph,East,Speaker,Accessories,4,2143,15,7286.2,5776.19,1510.01,UPI
7308,2025-01-26,Port Timothyfurt,North,Phone,Office,4,2663,20,8521.6,6076.95,2444.65,Net Banking
7309,2026-02-23,North Jason,South,Keyboard,Office,3,1907,5,5434.95,3280.79,2154.16,Cash
7310,2023-10-21,Leeside,North,Printer,Accessories,1,1510,0,1510.0,1158.04,351.96,UPI
7311,2025-09-02,Lake Veronicaburgh,South,Headphones,Electronics,1,133,0,133.0,87.95,45.05,UPI
7312,2025-09-09,Fisherborough,North,Printer,Office,3,2031,5,5788.35,4196.21,1592.14,Card
7313,2026-04-20,Lake Lisa,North,Printer,Office,5,3043,15,12932.75,10291.45,2641.3,UPI
7314,2025-01-03,West Tyroneport,West,Phone,Electronics,3,3578,15,9123.9,4755.97,4367.93,UPI
7315,2025-08-28,Monicafort,West,Monitor,Office,3,3951,20,9482.4,5257.09,4225.31,UPI
7316,2023-09-01,Zacharyshire,West,Tablet,Accessories,1,4090,5,3885.5,2604.52,1280.98,UPI
7317,2024-04-16,Lake Nataliemouth,East,Camera,Office,4,4318,20,13817.6,9518.61,4298.99,Net Banking
7318,2023-10-10,South Kristenville,South,Phone,Accessories,1,1597,15,1357.45,1064.84,292.61,UPI
7319,2024-09-01,South Veronica,East,Monitor,Electronics,2,2953,0,5906.0,3225.38,2680.62,Net Banking
7320,2026-06-24,Lake Danielle,North,Monitor,Electronics,2,1137,15,1932.9,1421.41,511.49,Cash
7321,2025-07-12,Jennifermouth,East,Tablet,Accessories,1,3601,20,2880.8,2143.58,737.22,Net Banking
7322,2026-03-20,North Rebeccaland,East,Tablet,Office,5,3505,15,14896.25,9534.24,5362.01,UPI
7323,2026-05-01,Randyside,North,Laptop,Electronics,3,1458,20,3499.2,2069.79,1429.41,UPI
7324,2025-07-16,Johnsside,East,Camera,Office,2,3733,10,6719.4,3745.46,2973.94,UPI
7325,2025-04-10,New Frankberg,South,Keyboard,Electronics,1,3988,5,3788.6,2471.27,1317.33,Card
7326,2023-09-08,Christineland,West,Headphones,Office,3,4541,5,12941.85,7337.52,5604.33,Card
7327,2023-12-01,North Alexanderton,North,Monitor,Accessories,2,2027,10,3648.6,2184.97,1463.63,UPI
7328,2025-01-02,Haroldfort,West,Tablet,Electronics,4,4145,15,14093.0,8606.92,5486.08,UPI
7329,2023-09-17,West Jennifer,North,Phone,Office,1,392,0,392.0,300.33,91.67,Net Banking
7330,2023-11-17,Lake Stevenbury,South,Speaker,Electronics,2,2296,15,3903.2,2664.0,1239.2,Card
7331,2024-10-30,West Jamesborough,North,Headphones,Accessories,3,4263,20,10231.2,5377.24,4853.96,Net Banking
7332,2024-09-11,Judyshire,East,Monitor,Office,2,806,10,1450.8,1147.64,303.16,UPI
7333,2026-02-17,Lopezmouth,East,Camera,Accessories,1,4223,15,3589.55,2193.79,1395.76,UPI
7334,2023-11-14,North Cynthiaview,South,Printer,Electronics,2,998,20,1596.8,1243.42,353.38,Card
7335,2025-04-14,North Jamesbury,East,Tablet,Office,4,544,20,1740.8,1017.08,723.72,Cash
7336,2025-09-22,Angelaton,North,Keyboard,Office,1,963,5,914.85,630.61,284.24,Cash
7337,2023-10-07,Kevinview,South,Speaker,Electronics,3,994,20,2385.6,1866.25,519.35,Card
7338,2025-01-11,North Kimberlychester,North,Camera,Accessories,4,2392,10,8611.2,5477.34,3133.86,Card
7339,2026-03-07,Gonzalezstad,West,Monitor,Electronics,2,4090,0,8180.0,4253.87,3926.13,Net Banking
7340,2024-03-28,Lake Tiffany,West,Phone,Electronics,1,2934,10,2640.6,1946.07,694.53,Net Banking
7341,2024-08-28,Lake Hunter,South,Tablet,Electronics,5,2008,0,10040.0,6908.59,3131.41,Net Banking
7342,2025-11-07,Port Pamela,North,Tablet,Office,4,2668,15,9071.2,6846.89,2224.31,UPI
7343,2023-09-15,North Diane,West,Laptop,Office,3,1048,20,2515.2,1584.82,930.38,Cash
7344,2025-08-20,Jamesport,South,Printer,Office,4,3400,0,13600.0,7146.57,6453.43,Card
7345,2025-08-29,Salinaston,West,Mouse,Electronics,1,242,15,205.7,122.18,83.52,Cash
7346,2024-04-17,Jamesview,East,Keyboard,Electronics,5,2045,0,10225.0,6907.48,3317.52,Net Banking
7347,2023-10-25,Powellfort,South,Printer,Office,2,1024,10,1843.2,1241.35,601.85,Net Banking
7348,2026-06-19,North Williamhaven,North,Camera,Accessories,5,873,20,3492.0,2464.7,1027.3,Net Banking
7349,2025-10-05,New Adam,East,Mouse,Office,5,3638,5,17280.5,9938.05,7342.45,Net Banking
7350,2024-09-28,East Susan,South,Monitor,Accessories,3,1489,5,4243.65,2158.3,2085.35,Card
7351,2025-03-29,Lake Nicoleberg,East,Printer,Electronics,1,188,5,178.6,132.15,46.45,Net Banking
7352,2025-11-03,Justinhaven,East,Speaker,Electronics,3,3423,5,9755.55,5621.03,4134.52,UPI
7353,2025-04-05,New Josephburgh,East,Printer,Office,5,4341,10,19534.5,14706.43,4828.07,Card
7354,2024-05-05,North Steven,South,Camera,Accessories,1,1627,15,1382.95,992.16,390.79,Card
7355,2026-02-23,West Antonio,South,Headphones,Office,3,485,15,1236.75,834.66,402.09,UPI
7356,2024-01-05,Natashafurt,North,Camera,Accessories,5,828,15,3519.0,2458.53,1060.47,UPI
7357,2024-06-16,Donaldshire,South,Laptop,Accessories,1,155,5,147.25,86.19,61.06,Card
7358,2023-08-17,Hillville,West,Mouse,Electronics,4,641,15,2179.4,1292.97,886.43,Net Banking
7359,2023-08-16,North Jenniferhaven,North,Laptop,Electronics,5,643,20,2572.0,1495.87,1076.13,UPI
7360,2024-04-13,Sarashire,South,Phone,Accessories,1,839,5,797.05,455.63,341.42,UPI
7361,2023-11-17,New Brian,South,Speaker,Electronics,3,165,0,495.0,261.41,233.59,UPI
7362,2023-09-05,Reneefort,West,Camera,Electronics,3,4675,0,14025.0,9453.79,4571.21,Cash
7363,2025-05-19,Melissachester,East,Monitor,Accessories,3,2146,15,5472.3,3902.87,1569.43,UPI
7364,2026-05-07,Port Heatherburgh,North,Monitor,Office,5,2641,15,11224.25,7500.75,3723.5,Card
7365,2025-04-18,West Laurenberg,West,Mouse,Accessories,2,3353,10,6035.4,4142.16,1893.24,UPI
7366,2024-04-08,Richardsonside,North,Speaker,Electronics,5,954,10,4293.0,2810.21,1482.79,UPI
7367,2025-06-30,Williamsshire,South,Tablet,Accessories,5,1936,5,9196.0,7199.86,1996.14,Net Banking
7368,2025-06-24,Joneston,West,Printer,Electronics,1,4741,15,4029.85,2661.34,1368.51,Card
7369,2025-09-17,Michelleberg,North,Tablet,Office,4,3402,15,11566.8,8155.2,3411.6,Card
7370,2026-03-24,North Shelbyburgh,West,Tablet,Accessories,4,3811,0,15244.0,10709.24,4534.76,Net Banking
7371,2024-06-21,Lake Gloriamouth,West,Camera,Office,3,4515,15,11513.25,7038.59,4474.66,Cash
7372,2025-08-22,Port Stephaniefurt,South,Printer,Electronics,5,3900,15,16575.0,10444.0,6131.0,UPI
7373,2024-11-13,Port Steven,West,Printer,Electronics,4,2705,0,10820.0,7787.26,3032.74,Card
7374,2023-09-24,Austinchester,South,Speaker,Electronics,2,3990,5,7581.0,5696.05,1884.95,Cash
7375,2023-12-05,South Gary,South,Tablet,Accessories,4,2414,0,9656.0,7512.16,2143.84,Net Banking
7376,2024-10-02,Port Amanda,East,Mouse,Accessories,3,3776,0,11328.0,7182.26,4145.74,UPI
7377,2024-03-11,New Christianberg,South,Headphones,Electronics,3,1373,0,4119.0,3261.9,857.1,Card
7378,2026-07-23,Sarahhaven,West,Printer,Office,2,124,10,223.2,146.01,77.19,Card
7379,2026-05-09,Philipfurt,South,Speaker,Office,5,4403,0,22015.0,17500.62,4514.38,Cash
7380,2024-04-09,Hallshire,South,Laptop,Office,3,4195,15,10697.25,7333.49,3363.76,Card
7381,2023-09-18,Sandrashire,North,Speaker,Office,4,361,15,1227.4,834.06,393.34,UPI
7382,2026-01-05,Howellland,North,Monitor,Office,4,1143,5,4343.4,3064.25,1279.15,Cash
7383,2024-10-09,Lake Patricia,West,Mouse,Accessories,2,2611,10,4699.8,3230.62,1469.18,UPI
7384,2025-05-27,East Brittanystad,West,Phone,Electronics,5,2436,20,9744.0,7042.66,2701.34,Net Banking
7385,2025-04-07,New Matthew,East,Speaker,Accessories,2,2501,20,4001.6,2635.17,1366.43,Card
7386,2023-10-20,East Corymouth,North,Speaker,Accessories,3,1755,15,4475.25,2739.29,1735.96,UPI
7387,2024-10-10,South Joshuastad,South,Mouse,Electronics,4,1257,15,4273.8,3372.82,900.98,Net Banking
7388,2026-01-11,Michaelfurt,South,Headphones,Electronics,2,4684,15,7962.8,4117.1,3845.7,Cash
7389,2026-01-08,Lake Tommy,North,Printer,Accessories,4,3572,15,12144.8,6297.8,5847.0,UPI
7390,2023-08-24,North Alexander,East,Speaker,Office,4,1010,0,4040.0,2344.53,1695.47,Card
7391,2026-01-23,Joshuaside,North,Headphones,Electronics,1,4002,0,4002.0,3093.61,908.39,UPI
7392,2024-11-02,Dakotaland,West,Laptop,Accessories,2,957,20,1531.2,1033.23,497.97,UPI
7393,2023-11-25,Ashleystad,North,Camera,Electronics,2,2659,15,4520.3,2407.94,2112.36,Cash
7394,2025-09-06,New Sarahview,East,Tablet,Accessories,1,4052,10,3646.8,2820.39,826.41,Cash
7395,2023-11-05,Port Donaldtown,South,Keyboard,Electronics,3,2784,0,8352.0,6196.94,2155.06,Cash
7396,2024-01-09,North Meaganmouth,East,Speaker,Electronics,3,4908,0,14724.0,9195.27,5528.73,Cash
7397,2025-07-23,Ericstad,South,Tablet,Electronics,4,3427,5,13022.6,6603.13,6419.47,Card
7398,2026-01-07,Carrmouth,East,Laptop,Electronics,5,3475,10,15637.5,10206.46,5431.04,Net Banking
7399,2024-01-09,Salinasland,East,Laptop,Electronics,3,2245,5,6398.25,3824.06,2574.19,UPI
7400,2025-10-09,Oliviachester,West,Laptop,Accessories,4,3097,5,11768.6,7288.12,4480.48,Net Banking
7401,2026-06-16,East John,North,Keyboard,Accessories,5,3598,15,15291.5,9872.7,5418.8,UPI
7402,2023-09-12,Port Beth,East,Printer,Accessories,3,2903,5,8273.55,4816.95,3456.6,Cash
7403,2025-06-07,Melindaview,North,Speaker,Electronics,5,631,10,2839.5,1603.81,1235.69,Cash
7404,2024-04-04,Crystalstad,East,Laptop,Accessories,2,2976,0,5952.0,4464.24,1487.76,Card
7405,2025-03-01,West Scottport,West,Monitor,Electronics,5,1356,20,5424.0,3869.14,1554.86,Card
7406,2025-04-22,West Justintown,East,Speaker,Office,2,3833,0,7666.0,3946.07,3719.93,UPI
7407,2025-10-07,South Carlos,South,Printer,Accessories,2,3616,10,6508.8,5166.52,1342.28,Net Banking
7408,2025-11-14,New Kennethfurt,South,Laptop,Accessories,1,4695,0,4695.0,3158.6,1536.4,UPI
7409,2025-12-06,New Joelfort,South,Speaker,Office,5,878,15,3731.5,2827.16,904.34,Card
7410,2025-12-25,Port Anthony,South,Headphones,Office,2,3303,5,6275.7,3736.23,2539.47,Net Banking
7411,2026-07-15,South Ericberg,South,Mouse,Office,3,4110,0,12330.0,6576.04,5753.96,UPI
7412,2025-10-30,Sharishire,North,Tablet,Electronics,2,4284,5,8139.6,4076.15,4063.45,Card
7413,2025-01-29,New Jenniferstad,South,Mouse,Accessories,5,1023,20,4092.0,2306.06,1785.94,UPI
7414,2025-08-20,North Michael,West,Tablet,Electronics,4,4145,20,13264.0,6987.27,6276.73,Net Banking
7415,2025-05-19,East Brettport,North,Camera,Electronics,1,4125,20,3300.0,2451.64,848.36,Card
7416,2025-06-06,Port Ianport,South,Keyboard,Accessories,2,1971,10,3547.8,2375.25,1172.55,Card
7417,2023-10-01,Lake Tammystad,South,Printer,Accessories,1,3158,5,3000.1,1817.06,1183.04,Card
7418,2026-07-04,West Jessicatown,North,Speaker,Accessories,3,3000,0,9000.0,6582.84,2417.16,UPI
7419,2025-01-31,Michaelport,West,Printer,Electronics,3,3756,15,9577.8,5047.67,4530.13,Card
7420,2026-05-26,Lake Jennifermouth,West,Printer,Electronics,1,4492,5,4267.4,2505.25,1762.15,UPI
7421,2023-10-31,New David,West,Laptop,Electronics,4,1694,15,5759.6,3104.72,2654.88,Net Banking
7422,2023-09-16,Port Cheryl,South,Keyboard,Electronics,3,3697,5,10536.45,5715.53,4820.92,Card
7423,2024-05-27,Tammymouth,South,Tablet,Office,3,1400,15,3570.0,1999.15,1570.85,UPI
7424,2024-05-02,North Anna,East,Headphones,Office,2,2888,10,5198.4,2761.43,2436.97,Net Banking
7425,2023-11-29,Knightport,North,Mouse,Accessories,5,2394,15,10174.5,6146.94,4027.56,Net Banking
7426,2024-11-16,South Marytown,South,Mouse,Accessories,3,839,15,2139.45,1342.03,797.42,UPI
7427,2024-05-11,Fritzfort,North,Tablet,Office,1,2919,15,2481.15,1676.93,804.22,Cash
7428,2026-03-03,South Amyland,South,Headphones,Accessories,2,2965,5,5633.5,3115.2,2518.3,Cash
7429,2025-10-25,New Janet,East,Phone,Office,3,4504,5,12836.4,7487.82,5348.58,Cash
7430,2026-01-19,Jessicaside,West,Camera,Accessories,3,142,20,340.8,237.07,103.73,Cash
7431,2025-05-08,East Johnny,East,Camera,Electronics,4,1216,20,3891.2,2861.02,1030.18,Net Banking
7432,2024-06-28,West Michele,North,Phone,Office,4,1557,10,5605.2,4133.9,1471.3,Net Banking
7433,2025-05-05,Howardmouth,West,Camera,Electronics,2,1633,0,3266.0,1927.68,1338.32,Cash
7434,2025-05-24,Carrilloland,South,Mouse,Office,5,2436,20,9744.0,7578.96,2165.04,Cash
7435,2025-02-25,Craigside,South,Printer,Office,5,1159,15,4925.75,2635.99,2289.76,Card
7436,2026-05-16,Frederickburgh,North,Printer,Electronics,1,2743,15,2331.55,1550.16,781.39,Card
7437,2023-10-25,North Amberburgh,South,Headphones,Electronics,1,3982,20,3185.6,2408.66,776.94,Card
7438,2026-01-09,North Ashleyburgh,East,Headphones,Electronics,3,1549,0,4647.0,2328.95,2318.05,Cash
7439,2026-03-27,Patelside,North,Headphones,Accessories,3,4123,20,9895.2,5191.02,4704.18,Card
7440,2026-05-05,Kellychester,North,Laptop,Electronics,5,4853,0,24265.0,13352.01,10912.99,Card
7441,2024-01-13,Lake Jessica,South,Monitor,Accessories,2,4025,20,6440.0,4304.69,2135.31,Card
7442,2025-03-29,Dominicton,North,Keyboard,Electronics,3,2153,5,6136.05,3378.82,2757.23,Card
7443,2024-08-22,Alisonborough,West,Camera,Office,3,502,20,1204.8,604.0,600.8,UPI
7444,2025-07-05,Port Frank,North,Camera,Electronics,1,2008,15,1706.8,1248.8,458.0,Cash
7445,2025-03-13,Jenkinsbury,East,Tablet,Electronics,1,3211,20,2568.8,1536.99,1031.81,Cash
7446,2024-10-17,New Ryan,North,Monitor,Electronics,5,1424,0,7120.0,4716.33,2403.67,Card
7447,2026-05-30,Christopherborough,North,Laptop,Office,2,4279,15,7274.3,5636.97,1637.33,Net Banking
7448,2025-01-03,East Bianca,North,Camera,Electronics,3,4833,10,13049.1,10119.55,2929.55,Cash
7449,2026-07-22,Nicholastown,West,Keyboard,Accessories,5,611,5,2902.25,1804.41,1097.84,Card
7450,2024-07-09,New Johnborough,West,Printer,Accessories,3,275,0,825.0,448.63,376.37,Card
7451,2025-10-08,North Maurice,West,Printer,Office,3,1978,5,5637.3,4485.85,1151.45,Net Banking
7452,2026-03-07,North Leahton,South,Speaker,Office,4,709,10,2552.4,1515.29,1037.11,Cash
7453,2023-09-18,Boydton,North,Speaker,Accessories,5,4973,10,22378.5,16581.56,5796.94,Net Banking
7454,2025-02-21,New James,North,Speaker,Electronics,4,522,0,2088.0,1336.99,751.01,UPI
7455,2025-05-22,North Julie,South,Monitor,Office,2,3102,5,5893.8,3334.03,2559.77,Card
7456,2023-12-21,West Andrew,North,Monitor,Office,1,3951,5,3753.45,2104.18,1649.27,UPI
7457,2024-01-30,Josephstad,West,Tablet,Electronics,3,2725,20,6540.0,5158.01,1381.99,UPI
7458,2024-01-12,Lake Megan,West,Phone,Electronics,3,1912,20,4588.8,2936.3,1652.5,Cash
7459,2023-11-28,West Nicole,East,Speaker,Accessories,3,1294,0,3882.0,2071.93,1810.07,UPI
7460,2024-01-03,New Amandaton,East,Phone,Accessories,5,1311,15,5571.75,3329.52,2242.23,Card
7461,2023-08-24,North Janiceton,North,Mouse,Electronics,2,3326,15,5654.2,3544.7,2109.5,UPI
7462,2026-06-06,Hamiltonside,North,Phone,Office,2,3790,10,6822.0,3458.47,3363.53,UPI
7463,2025-08-25,East Juliestad,South,Printer,Electronics,1,980,0,980.0,753.75,226.25,Card
7464,2024-12-01,North Meagan,East,Mouse,Office,3,2323,5,6620.55,3625.9,2994.65,Cash
7465,2026-06-24,Allisonchester,North,Speaker,Accessories,1,4309,20,3447.2,2370.34,1076.86,Cash
7466,2024-09-05,East Anthony,East,Mouse,Electronics,3,632,15,1611.6,1094.98,516.62,Net Banking
7467,2025-09-28,Torresstad,South,Mouse,Accessories,5,4671,0,23355.0,17930.84,5424.16,Cash
7468,2024-12-22,West Johnmouth,East,Speaker,Accessories,5,4969,5,23602.75,12004.02,11598.73,UPI
7469,2024-03-10,Melissamouth,North,Laptop,Accessories,5,482,20,1928.0,1472.09,455.91,Cash
7470,2025-04-05,West Cindyhaven,South,Keyboard,Electronics,4,4531,0,18124.0,12339.97,5784.03,UPI
7471,2024-05-27,West Zacharyshire,South,Tablet,Accessories,4,3955,20,12656.0,9970.86,2685.14,Cash
7472,2025-03-06,Lesterhaven,North,Monitor,Office,1,2046,0,2046.0,1297.34,748.66,UPI
7473,2026-04-04,Schneiderberg,North,Tablet,Accessories,4,2378,0,9512.0,6228.15,3283.85,UPI
7474,2026-06-25,New Danaport,West,Monitor,Electronics,1,4812,0,4812.0,3043.51,1768.49,UPI
7475,2026-04-21,Goodmanland,East,Keyboard,Office,3,1428,0,4284.0,2836.4,1447.6,Net Banking
7476,2026-07-05,South Stevenmouth,East,Printer,Electronics,3,4844,10,13078.8,7927.85,5150.95,Card
7477,2024-05-29,East Paulaport,West,Tablet,Office,1,4402,10,3961.8,3012.21,949.59,Cash
7478,2025-01-30,East Kevinhaven,West,Printer,Electronics,3,4726,5,13469.1,7768.02,5701.08,Card
7479,2025-08-13,Boylefort,North,Laptop,Accessories,4,4336,20,13875.2,9077.02,4798.18,Net Banking
7480,2025-08-03,Wonghaven,West,Laptop,Office,2,1540,0,3080.0,1614.77,1465.23,Card
7481,2024-10-01,Janiceton,West,Headphones,Electronics,1,4118,20,3294.4,1766.46,1527.94,Card
7482,2025-03-04,North Joseph,North,Speaker,Office,3,2847,20,6832.8,4532.07,2300.73,UPI
7483,2025-08-03,South Lindseyfurt,East,Phone,Office,2,3703,15,6295.1,3938.13,2356.97,UPI
7484,2025-07-17,Robinsonfurt,East,Tablet,Accessories,4,4219,10,15188.4,9011.54,6176.86,Net Banking
7485,2023-09-18,Sandersborough,South,Monitor,Office,1,600,10,540.0,410.91,129.09,Net Banking
7486,2025-07-11,Brooksside,East,Mouse,Accessories,4,2685,15,9129.0,4817.73,4311.27,Cash
7487,2023-08-29,West Amymouth,East,Phone,Office,5,2568,15,10914.0,7317.33,3596.67,Net Banking
7488,2025-09-10,Flynntown,North,Phone,Office,1,2182,20,1745.6,1319.9,425.7,Cash
7489,2026-05-11,East Jeffrey,East,Mouse,Office,1,4912,0,4912.0,2949.26,1962.74,Net Banking
7490,2025-03-28,Clineshire,West,Monitor,Electronics,2,3164,5,6011.6,4499.54,1512.06,Net Banking
7491,2026-06-11,New Juan,West,Tablet,Office,2,4868,0,9736.0,6204.23,3531.77,Net Banking
7492,2025-05-03,North Markville,East,Headphones,Electronics,4,3021,5,11479.8,8656.4,2823.4,Card
7493,2026-02-04,South Connie,West,Laptop,Accessories,1,2727,15,2317.95,1568.71,749.24,Cash
7494,2025-03-20,Brookemouth,East,Monitor,Electronics,5,638,0,3190.0,2550.05,639.95,Net Banking
7495,2026-07-06,South Kristinafurt,East,Laptop,Office,4,4611,5,17521.8,11050.44,6471.36,Net Banking
7496,2025-10-29,Delgadomouth,South,Camera,Electronics,5,499,0,2495.0,1673.26,821.74,Net Banking
7497,2024-02-11,West Jessicafort,South,Monitor,Electronics,4,1503,5,5711.4,4323.32,1388.08,Net Banking
7498,2024-09-06,Port Dorothy,West,Headphones,Accessories,1,795,15,675.75,540.07,135.68,Cash
7499,2024-04-28,New Christophertown,South,Headphones,Accessories,3,4236,0,12708.0,9548.3,3159.7,UPI
7500,2024-08-05,Port Suzanneville,West,Laptop,Electronics,2,2848,10,5126.4,4005.39,1121.01,Card
7501,2026-01-04,South Brandontown,North,Laptop,Electronics,2,1756,5,3336.4,2312.44,1023.96,Cash
7502,2023-09-26,Hannahville,West,Camera,Office,2,452,10,813.6,609.39,204.21,Cash
7503,2026-05-01,Harrisside,East,Keyboard,Electronics,1,3812,0,3812.0,2528.74,1283.26,UPI
7504,2025-05-03,Hintonhaven,South,Monitor,Accessories,1,2886,15,2453.1,1443.66,1009.44,Card
7505,2025-02-21,Simpsonview,North,Printer,Accessories,5,3874,10,17433.0,9727.58,7705.42,Card
7506,2024-08-17,Williammouth,North,Monitor,Electronics,2,3202,10,5763.6,3854.77,1908.83,Net Banking
7507,2026-03-22,Chavezmouth,North,Tablet,Accessories,3,3080,20,7392.0,4731.21,2660.79,Card
7508,2025-03-09,West Steven,South,Headphones,Electronics,5,1814,0,9070.0,5099.59,3970.41,Net Banking
7509,2025-12-13,Lake Kathyport,North,Printer,Electronics,5,4306,0,21530.0,13777.16,7752.84,UPI
7510,2025-02-03,Port Nancy,North,Headphones,Accessories,3,2854,15,7277.7,4212.75,3064.95,UPI
7511,2023-10-17,New Susantown,South,Mouse,Electronics,2,950,20,1520.0,1009.04,510.96,UPI
7512,2025-06-20,Mooreport,East,Mouse,Office,4,4810,0,19240.0,13042.16,6197.84,Cash
7513,2024-02-10,North Ryan,West,Headphones,Accessories,3,3978,15,10143.9,7314.37,2829.53,Card
7514,2024-08-12,Port Lisa,North,Headphones,Electronics,4,3797,0,15188.0,8060.66,7127.34,Card
7515,2025-07-04,South Laurenstad,North,Camera,Accessories,3,3104,15,7915.2,5600.7,2314.5,Net Banking
7516,2024-03-31,South Robert,North,Headphones,Electronics,3,1514,5,4314.9,3444.73,870.17,Cash
7517,2026-07-20,South Jason,West,Phone,Accessories,2,1157,5,2198.3,1737.48,460.82,Net Banking
7518,2025-05-30,Andersonville,South,Monitor,Electronics,3,1967,5,5605.95,3916.43,1689.52,Net Banking
7519,2025-12-23,Cherylmouth,South,Speaker,Electronics,2,636,0,1272.0,662.22,609.78,Net Banking
7520,2024-02-23,Katelynland,West,Camera,Accessories,1,4838,5,4596.1,3298.3,1297.8,Cash
7521,2025-01-12,Port Dorisberg,North,Camera,Office,2,488,0,976.0,701.07,274.93,Card
7522,2024-03-23,Alexstad,North,Laptop,Office,1,428,0,428.0,219.15,208.85,Cash
7523,2025-03-30,Matthewborough,South,Laptop,Accessories,4,393,0,1572.0,1173.05,398.95,Cash
7524,2023-09-14,West Brooke,East,Phone,Electronics,4,3520,20,11264.0,8371.74,2892.26,Card
7525,2024-11-15,East Kristyhaven,South,Headphones,Accessories,5,4992,10,22464.0,12651.0,9813.0,Card
7526,2026-02-24,Sotofort,East,Keyboard,Electronics,5,1596,20,6384.0,3207.63,3176.37,Cash
7527,2025-07-01,Gonzalesfort,North,Camera,Accessories,3,4431,20,10634.4,7053.99,3580.41,Net Banking
7528,2024-01-24,South Brianmouth,East,Mouse,Electronics,3,3890,15,9919.5,7323.62,2595.88,Cash
7529,2023-10-19,Port Lynn,East,Tablet,Electronics,5,1445,20,5780.0,3872.86,1907.14,UPI
7530,2024-12-01,South Brian,East,Camera,Accessories,2,2520,10,4536.0,3198.42,1337.58,UPI
7531,2025-03-20,Vazquezstad,East,Camera,Office,1,3427,0,3427.0,2461.0,966.0,UPI
7532,2024-03-17,Ryanstad,East,Mouse,Office,5,1395,5,6626.25,3637.85,2988.4,Cash
7533,2025-03-22,Natalietown,East,Tablet,Office,3,3819,10,10311.3,6813.3,3498.0,Cash
7534,2023-12-03,Johnberg,South,Phone,Office,3,2791,0,8373.0,5943.95,2429.05,Cash
7535,2025-11-28,New Michael,North,Mouse,Electronics,4,1250,20,4000.0,2891.53,1108.47,Net Banking
7536,2025-07-20,New David,North,Mouse,Electronics,1,4029,0,4029.0,2279.71,1749.29,Card
7537,2023-08-29,Davidbury,North,Headphones,Electronics,4,3403,10,12250.8,8562.55,3688.25,Cash
7538,2024-09-17,North Aaronland,South,Monitor,Office,3,2262,10,6107.4,4409.16,1698.24,UPI
7539,2025-11-15,West John,North,Tablet,Accessories,2,3716,5,7060.4,5307.02,1753.38,Net Banking
7540,2024-05-28,West Joymouth,West,Printer,Electronics,2,593,20,948.8,748.38,200.42,Card
7541,2025-06-30,Dillonton,West,Headphones,Electronics,5,1851,10,8329.5,5165.12,3164.38,Net Banking
7542,2025-04-02,Hernandezport,North,Speaker,Electronics,3,1837,20,4408.8,2357.5,2051.3,Card
7543,2025-05-01,Jaredton,South,Monitor,Electronics,5,4723,0,23615.0,15421.2,8193.8,Net Banking
7544,2026-04-02,Lake Ryan,East,Monitor,Electronics,2,4198,10,7556.4,4984.7,2571.7,Cash
7545,2025-09-07,West Lucasport,North,Phone,Accessories,1,3304,20,2643.2,1415.94,1227.26,Net Banking
7546,2025-06-28,Kimberg,West,Headphones,Electronics,2,3873,20,6196.8,3718.7,2478.1,Net Banking
7547,2025-06-24,Caseyville,South,Mouse,Electronics,4,1427,15,4851.8,3700.29,1151.51,UPI
7548,2024-12-09,Danielland,East,Phone,Office,3,2304,10,6220.8,3874.69,2346.11,Cash
7549,2024-02-15,Port Angelicaborough,North,Phone,Accessories,5,3805,10,17122.5,9607.1,7515.4,Cash
7550,2025-06-15,Bonnieport,East,Monitor,Accessories,4,1840,5,6992.0,4637.29,2354.71,Cash
7551,2024-02-06,South Bethside,South,Phone,Office,1,831,5,789.45,549.96,239.49,Cash
7552,2025-12-15,North Lindsayhaven,North,Monitor,Office,5,920,5,4370.0,2288.44,2081.56,Card
7553,2025-04-01,Port Johnshire,South,Laptop,Office,1,4635,20,3708.0,2432.89,1275.11,Card
7554,2024-05-11,New Carloston,East,Phone,Accessories,2,1341,0,2682.0,1473.7,1208.3,Net Banking
7555,2026-02-07,West Teresachester,West,Printer,Electronics,4,4950,15,16830.0,8645.38,8184.62,Card
7556,2025-03-05,West Gabrielamouth,West,Mouse,Electronics,5,1448,15,6154.0,4383.17,1770.83,UPI
7557,2024-07-26,West Aaronshire,East,Speaker,Office,1,4039,15,3433.15,1944.59,1488.56,Net Banking
7558,2024-03-09,West Chad,North,Phone,Electronics,2,3092,20,4947.2,2993.11,1954.09,UPI
7559,2025-03-13,Daniellemouth,North,Phone,Electronics,2,3083,10,5549.4,4300.71,1248.69,Cash
7560,2024-12-03,Boydville,East,Tablet,Accessories,2,2168,5,4119.2,2593.02,1526.18,Card
7561,2024-05-26,Coryview,East,Tablet,Accessories,4,604,15,2053.6,1319.79,733.81,Cash
7562,2023-11-29,New Jamesport,South,Headphones,Electronics,1,1824,0,1824.0,1058.58,765.42,UPI
7563,2024-07-01,Meghanhaven,West,Headphones,Electronics,5,2232,10,10044.0,7892.01,2151.99,Cash
7564,2025-12-23,East Bailey,West,Printer,Accessories,3,2723,5,7760.55,4259.13,3501.42,Cash
7565,2023-08-16,Lake Jennifer,East,Monitor,Electronics,3,106,5,302.1,186.17,115.93,Cash
7566,2024-10-23,West Kennethchester,South,Headphones,Office,5,1808,15,7684.0,3965.98,3718.02,Cash
7567,2024-07-06,North Kristin,South,Printer,Office,5,4823,5,22909.25,18058.35,4850.9,Net Banking
7568,2025-06-30,Kennethfort,North,Laptop,Accessories,4,4240,20,13568.0,8934.89,4633.11,Cash
7569,2024-01-18,Olsonmouth,East,Keyboard,Electronics,2,4443,10,7997.4,4682.71,3314.69,Cash
7570,2024-07-30,Hunterstad,East,Phone,Accessories,2,1831,15,3112.7,1652.74,1459.96,Card
7571,2025-08-20,Lynnfurt,West,Mouse,Office,4,246,15,836.4,578.28,258.12,Card
7572,2025-09-28,North Robinport,East,Laptop,Accessories,1,469,10,422.1,217.75,204.35,Card
7573,2024-02-09,Hesterstad,North,Laptop,Accessories,5,3727,15,15839.75,11408.68,4431.07,Cash
7574,2024-12-01,Robertport,North,Monitor,Accessories,5,921,10,4144.5,3032.48,1112.02,Card
7575,2024-04-26,Mossmouth,North,Mouse,Electronics,3,4655,15,11870.25,7796.55,4073.7,Cash
7576,2026-04-11,East Andrea,West,Camera,Office,4,955,10,3438.0,1725.55,1712.45,Cash
7577,2026-04-16,Martinhaven,South,Headphones,Office,1,2748,15,2335.8,1595.26,740.54,UPI
7578,2026-03-22,New Ashley,North,Tablet,Office,2,3836,20,6137.6,3131.17,3006.43,Cash
7579,2024-10-23,Sotostad,South,Keyboard,Electronics,1,2624,15,2230.4,1681.8,548.6,Cash
7580,2026-04-19,Villegastown,East,Speaker,Electronics,4,4985,0,19940.0,11793.12,8146.88,Cash
7581,2024-03-31,North Brittanystad,West,Mouse,Electronics,2,3927,15,6675.9,4319.97,2355.93,Net Banking
7582,2026-02-24,Sheltonhaven,West,Tablet,Accessories,3,2082,15,5309.1,3100.39,2208.71,Cash
7583,2024-12-15,New Stephenmouth,East,Keyboard,Accessories,4,1787,15,6075.8,3222.6,2853.2,UPI
7584,2026-07-03,North Katherine,East,Speaker,Accessories,1,873,15,742.05,550.26,191.79,Card
7585,2024-03-13,Evansside,West,Mouse,Accessories,3,680,15,1734.0,928.21,805.79,Card
7586,2026-07-19,Sanchezberg,South,Headphones,Accessories,3,3432,5,9781.2,5691.33,4089.87,UPI
7587,2024-11-12,East Erinton,South,Phone,Accessories,1,1104,0,1104.0,560.97,543.03,UPI
7588,2024-04-24,Tylerland,South,Laptop,Electronics,3,727,0,2181.0,1146.01,1034.99,Net Banking
7589,2025-07-05,West Guy,North,Monitor,Office,3,3929,10,10608.3,7532.75,3075.55,Net Banking
7590,2026-06-18,North Chrisside,East,Headphones,Electronics,5,3673,0,18365.0,14659.18,3705.82,UPI
7591,2023-12-27,Port Jayport,South,Mouse,Accessories,2,654,5,1242.6,717.31,525.29,UPI
7592,2025-02-11,South Henryland,South,Camera,Office,5,305,15,1296.25,664.92,631.33,Cash
7593,2025-12-15,Port Samuel,East,Headphones,Accessories,4,2305,5,8759.0,5456.13,3302.87,Cash
7594,2026-05-09,Matthewmouth,South,Tablet,Office,2,2636,15,4481.2,2322.28,2158.92,UPI
7595,2025-06-14,West Taylormouth,South,Laptop,Accessories,3,2493,15,6357.15,3952.29,2404.86,Card
7596,2025-08-19,North Juan,South,Phone,Office,5,3861,5,18339.75,9893.61,8446.14,Net Banking
7597,2025-03-17,Lake Ricardo,South,Keyboard,Accessories,1,4267,15,3626.95,2838.46,788.49,Cash
7598,2026-05-26,Alexport,East,Laptop,Office,3,1988,20,4771.2,3014.64,1756.56,Card
7599,2026-06-09,Port John,East,Tablet,Office,5,266,5,1263.5,993.52,269.98,UPI
7600,2026-03-30,West Carmenfort,South,Camera,Office,2,4663,10,8393.4,4897.97,3495.43,Card
7601,2026-06-07,South Kristen,East,Speaker,Accessories,4,1180,15,4012.0,2670.61,1341.39,UPI
7602,2026-04-14,Caitlinfort,East,Camera,Accessories,3,3850,20,9240.0,4773.1,4466.9,UPI
7603,2024-06-02,North Richardtown,South,Tablet,Office,3,2020,15,5151.0,3553.65,1597.35,UPI
7604,2024-11-24,Port Jennifer,South,Keyboard,Office,4,272,20,870.4,636.33,234.07,Card
7605,2024-05-05,Troyland,South,Speaker,Accessories,1,233,0,233.0,164.17,68.83,UPI
7606,2023-11-30,Bradfordport,East,Tablet,Accessories,4,4046,20,12947.2,7013.19,5934.01,Cash
7607,2026-02-01,Zacharystad,South,Headphones,Electronics,2,139,20,222.4,121.04,101.36,Card
7608,2026-01-12,Lake Ashley,North,Keyboard,Accessories,5,4585,0,22925.0,14204.71,8720.29,Card
7609,2025-02-03,South Rebeccachester,South,Keyboard,Accessories,2,1324,5,2515.6,1383.39,1132.21,Cash
7610,2024-04-12,Bradleymouth,West,Laptop,Office,2,2294,0,4588.0,3530.85,1057.15,Card
7611,2024-05-30,Lake Victoria,East,Printer,Office,5,4401,0,22005.0,12681.2,9323.8,Card
7612,2025-08-18,Lake Carolburgh,East,Tablet,Accessories,2,1858,5,3530.2,1899.5,1630.7,UPI
7613,2023-08-09,North Katie,North,Printer,Office,5,4881,20,19524.0,12366.74,7157.26,UPI
7614,2024-05-19,New Richardtown,North,Keyboard,Office,5,3376,5,16036.0,8723.78,7312.22,Card
7615,2024-01-24,Lake Sean,East,Monitor,Office,4,2705,5,10279.0,5388.31,4890.69,Cash
7616,2025-03-30,New Josephberg,West,Laptop,Office,3,2208,15,5630.4,3036.86,2593.54,UPI
7617,2023-08-04,Lake Kenneth,West,Mouse,Accessories,3,4326,20,10382.4,8051.72,2330.68,Card
7618,2024-08-03,Port Christinebury,West,Keyboard,Electronics,2,2911,20,4657.6,3283.01,1374.59,Card
7619,2024-05-10,North William,East,Laptop,Office,4,2173,20,6953.6,5270.15,1683.45,Card
7620,2024-10-16,Courtneyfurt,North,Laptop,Accessories,4,2302,5,8747.6,4754.47,3993.13,UPI
7621,2026-01-10,New Davidmouth,West,Camera,Electronics,5,2119,0,10595.0,7328.75,3266.25,Net Banking
7622,2025-03-26,Timothystad,East,Speaker,Office,4,4056,10,14601.6,11481.09,3120.51,Net Banking
7623,2025-09-24,East Lynnchester,South,Keyboard,Electronics,4,866,10,3117.6,1996.33,1121.27,Cash
7624,2024-04-30,East Courtney,North,Headphones,Electronics,2,4208,5,7995.2,5194.04,2801.16,Cash
7625,2024-06-30,New Julieburgh,East,Camera,Accessories,1,2774,15,2357.9,1599.23,758.67,UPI
7626,2025-01-29,West Emilyfort,North,Headphones,Office,5,1482,15,6298.5,4923.75,1374.75,UPI
7627,2024-05-16,West Carrieport,North,Speaker,Office,4,3383,5,12855.4,7507.03,5348.37,Cash
7628,2026-06-22,Sandrabury,West,Monitor,Accessories,2,1409,10,2536.2,1768.0,768.2,UPI
7629,2026-07-18,Stephanieberg,North,Camera,Office,4,2110,15,7174.0,3912.47,3261.53,UPI
7630,2024-10-28,Cohenfort,East,Monitor,Office,1,1020,15,867.0,517.04,349.96,Net Banking
7631,2024-02-21,Lake Scottside,East,Phone,Electronics,4,3865,10,13914.0,8960.27,4953.73,Net Banking
7632,2026-06-13,Danielside,North,Camera,Electronics,4,2587,10,9313.2,5384.21,3928.99,Net Banking
7633,2023-10-22,New Brian,North,Keyboard,Electronics,4,4127,20,13206.4,10153.85,3052.55,Card
7634,2023-09-10,Katrinaview,North,Laptop,Office,3,4815,5,13722.75,7763.42,5959.33,Card
7635,2026-02-19,New Jonathanchester,West,Phone,Accessories,2,2579,0,5158.0,3969.04,1188.96,Cash
7636,2024-02-10,Cynthiabury,North,Keyboard,Office,1,1705,20,1364.0,937.91,426.09,UPI
7637,2023-08-02,Flemingburgh,South,Camera,Office,2,3124,10,5623.2,3158.77,2464.43,Card
7638,2024-12-07,Millerport,North,Mouse,Office,1,1337,20,1069.6,653.25,416.35,UPI
7639,2026-04-13,North Scottmouth,West,Keyboard,Electronics,5,4532,15,19261.0,13685.53,5575.47,Card
7640,2023-10-02,Joycechester,South,Printer,Electronics,5,1190,15,5057.5,3325.58,1731.92,Net Banking
7641,2024-07-29,Carolynstad,West,Headphones,Electronics,2,4834,0,9668.0,6658.57,3009.43,Cash
7642,2025-06-19,Valdezmouth,South,Laptop,Electronics,4,3868,20,12377.6,7728.85,4648.75,UPI
7643,2023-11-09,Davisville,East,Printer,Accessories,4,4841,0,19364.0,14987.6,4376.4,Net Banking
7644,2025-01-10,Darlenetown,West,Mouse,Accessories,1,3931,15,3341.35,2370.87,970.48,Cash
7645,2026-05-13,Lake Ronald,North,Laptop,Electronics,5,626,0,3130.0,2077.42,1052.58,Cash
7646,2023-08-22,Lake Nicholas,South,Monitor,Accessories,3,1463,15,3730.65,2736.28,994.37,Net Banking
7647,2023-12-01,Clarktown,North,Printer,Accessories,2,220,0,440.0,350.93,89.07,Card
7648,2025-11-19,Port Dominictown,South,Laptop,Electronics,3,4221,10,11396.7,6298.1,5098.6,Card
7649,2024-12-20,Port Robert,East,Headphones,Electronics,4,1572,15,5344.8,3780.85,1563.95,Cash
7650,2026-03-22,East Matthewview,North,Mouse,Electronics,2,4090,5,7771.0,4448.24,3322.76,Cash
7651,2025-04-10,Daughertyland,South,Printer,Electronics,1,3262,15,2772.7,2183.35,589.35,Net Banking
7652,2023-10-30,Sarahmouth,West,Headphones,Accessories,4,3697,10,13309.2,9827.34,3481.86,Net Banking
7653,2024-06-04,Simpsonland,East,Tablet,Electronics,4,997,20,3190.4,2082.31,1108.09,Cash
7654,2024-03-21,Brianton,East,Camera,Accessories,2,2567,15,4363.9,3384.48,979.42,UPI
7655,2024-03-03,Millerchester,West,Speaker,Office,5,3221,20,12884.0,7339.76,5544.24,Net Banking
7656,2025-09-09,Steventown,West,Headphones,Office,1,3598,10,3238.2,2354.15,884.05,Card
7657,2026-06-13,Lake Claudiaburgh,South,Tablet,Electronics,5,864,15,3672.0,2365.08,1306.92,Cash
7658,2024-09-03,Wrightberg,North,Phone,Electronics,2,4990,0,9980.0,7726.75,2253.25,UPI
7659,2025-06-02,Carrollberg,North,Printer,Electronics,1,4049,15,3441.65,2278.81,1162.84,Net Banking
7660,2024-08-22,South William,West,Laptop,Electronics,2,4004,10,7207.2,3756.46,3450.74,Card
7661,2024-11-09,East Margaret,North,Speaker,Electronics,2,2702,0,5404.0,3890.55,1513.45,Card
7662,2025-09-19,East Daniel,East,Mouse,Accessories,5,1329,5,6312.75,4055.45,2257.3,Cash
7663,2024-04-20,North Wesleymouth,South,Camera,Office,3,2423,10,6542.1,5061.33,1480.77,Net Banking
7664,2024-02-03,Erikamouth,West,Camera,Electronics,5,1531,10,6889.5,4029.03,2860.47,Net Banking
7665,2026-03-27,Bankstown,West,Camera,Office,3,294,15,749.7,582.98,166.72,Cash
7666,2026-07-09,Garzafurt,West,Tablet,Office,2,147,15,249.9,133.99,115.91,Card
7667,2024-07-30,Derekmouth,South,Monitor,Office,2,3808,15,6473.6,3402.66,3070.94,Card
7668,2025-09-18,Stewartport,West,Speaker,Electronics,1,4561,15,3876.85,2540.64,1336.21,UPI
7669,2025-09-27,Ritaville,North,Headphones,Accessories,2,4198,0,8396.0,4641.76,3754.24,Card
7670,2025-07-09,Jaredton,West,Phone,Electronics,3,4649,0,13947.0,8502.12,5444.88,Card
7671,2025-06-15,New Susan,North,Speaker,Electronics,4,1503,5,5711.4,4071.17,1640.23,Card
7672,2025-04-05,South Ryanview,East,Mouse,Electronics,3,3534,5,10071.9,7444.11,2627.79,Net Banking
7673,2023-12-22,Morganshire,East,Laptop,Office,2,4532,5,8610.8,6587.32,2023.48,UPI
7674,2023-09-24,South Davidburgh,East,Keyboard,Electronics,2,3006,5,5711.4,2955.71,2755.69,UPI
7675,2025-05-25,Brownshire,North,Headphones,Accessories,5,669,20,2676.0,1463.76,1212.24,Net Banking
7676,2024-05-28,North Juan,West,Printer,Electronics,5,3354,15,14254.5,8970.55,5283.95,UPI
7677,2024-03-15,Phamland,East,Laptop,Office,2,898,15,1526.6,840.92,685.68,Card
7678,2023-11-04,New Curtis,West,Printer,Accessories,4,2969,0,11876.0,6697.3,5178.7,UPI
7679,2025-06-08,Andersonfort,West,Speaker,Office,3,933,20,2239.2,1614.2,625.0,UPI
7680,2026-03-18,Kellymouth,South,Laptop,Office,5,2480,10,11160.0,5808.62,5351.38,Cash
7681,2025-02-28,West Jenniferside,East,Phone,Office,5,3594,10,16173.0,9298.2,6874.8,Cash
7682,2023-09-03,Serranostad,East,Speaker,Electronics,1,3157,15,2683.45,1776.1,907.35,Cash
7683,2026-04-01,West Julie,East,Headphones,Office,1,912,0,912.0,684.64,227.36,Net Banking
7684,2026-07-26,Richardborough,East,Camera,Office,5,3981,5,18909.75,10244.5,8665.25,Cash
7685,2025-04-18,North Rachelside,South,Phone,Office,1,1154,5,1096.3,658.76,437.54,Card
7686,2023-11-01,North Scott,East,Speaker,Accessories,2,3990,5,7581.0,4638.4,2942.6,Cash
7687,2025-06-18,Robinsontown,East,Printer,Electronics,1,2125,0,2125.0,1351.24,773.76,Cash
7688,2023-08-17,Port Brandon,South,Keyboard,Office,3,3605,15,9192.75,7262.56,1930.19,Net Banking
7689,2025-11-28,Charlesshire,North,Camera,Accessories,4,4072,20,13030.4,7262.86,5767.54,UPI
7690,2025-01-10,Larryfurt,West,Headphones,Accessories,4,1751,20,5603.2,2809.12,2794.08,Net Banking
7691,2024-10-25,Riversbury,North,Camera,Electronics,5,2548,0,12740.0,8697.15,4042.85,Net Banking
7692,2025-07-21,East Charles,North,Camera,Accessories,2,1491,20,2385.6,1881.89,503.71,Cash
7693,2024-01-02,Sarahton,East,Monitor,Accessories,5,223,5,1059.25,656.72,402.53,Cash
7694,2024-07-19,East Christine,East,Tablet,Accessories,1,1593,20,1274.4,667.72,606.68,UPI
7695,2024-06-12,South Lynn,North,Mouse,Office,3,4381,10,11828.7,7903.01,3925.69,Card
7696,2024-12-09,Zhangstad,West,Laptop,Office,2,4505,5,8559.5,6429.23,2130.27,Card
7697,2025-11-28,North Brian,North,Phone,Office,2,4960,5,9424.0,7470.07,1953.93,Net Banking
7698,2024-10-07,Lake Melissa,South,Printer,Office,3,4286,15,10929.3,6085.6,4843.7,UPI
7699,2025-03-09,Wuberg,North,Camera,Electronics,3,4514,10,12187.8,7525.96,4661.84,Cash
7700,2026-03-23,Mollyport,South,Phone,Accessories,2,2863,0,5726.0,3699.45,2026.55,Card
7701,2026-03-11,Lake Patriciaville,East,Monitor,Accessories,4,636,0,2544.0,1684.98,859.02,Card
7702,2026-04-30,Hannahmouth,West,Phone,Electronics,1,2155,15,1831.75,1290.75,541.0,Net Banking
7703,2025-01-02,Beckyberg,West,Monitor,Accessories,3,510,20,1224.0,808.61,415.39,Cash
7704,2026-05-01,South Davidshire,West,Printer,Office,2,3972,20,6355.2,4323.58,2031.62,UPI
7705,2024-01-05,North Timothy,West,Monitor,Electronics,4,3534,20,11308.8,7808.53,3500.27,UPI
7706,2026-01-29,North Christina,East,Mouse,Office,5,4598,20,18392.0,12251.03,6140.97,Net Banking
7707,2024-10-26,Carolview,West,Printer,Accessories,2,1580,0,3160.0,2030.03,1129.97,Cash
7708,2024-11-17,Port Charles,West,Laptop,Accessories,3,3879,10,10473.3,8049.92,2423.38,UPI
7709,2026-03-16,East Rebecca,South,Mouse,Office,5,2900,10,13050.0,8686.53,4363.47,Cash
7710,2024-10-09,Kruegerborough,West,Monitor,Accessories,4,2423,5,9207.4,7169.35,2038.05,UPI
7711,2025-08-03,West Johnmouth,West,Camera,Electronics,1,2735,15,2324.75,1416.15,908.6,UPI
7712,2024-09-25,North Cherylton,North,Printer,Electronics,3,3236,5,9222.6,5689.63,3532.97,Cash
7713,2026-03-24,North Nicole,North,Printer,Accessories,2,3791,20,6065.6,3304.8,2760.8,Cash
7714,2023-12-14,West Nicholasstad,East,Tablet,Electronics,4,2051,0,8204.0,5141.53,3062.47,Net Banking
7715,2024-02-04,New Paulview,South,Keyboard,Accessories,4,2631,20,8419.2,6177.31,2241.89,Cash
7716,2025-05-11,New Ruben,South,Keyboard,Electronics,3,4513,5,12862.05,8419.14,4442.91,UPI
7717,2024-03-07,Rayside,East,Mouse,Office,3,4863,5,13859.55,9635.97,4223.58,Cash
7718,2023-08-29,Myersborough,South,Laptop,Accessories,5,1448,20,5792.0,4288.09,1503.91,Net Banking
7719,2024-12-29,West Jasminemouth,West,Phone,Electronics,4,2736,5,10396.8,6005.26,4391.54,UPI
7720,2025-06-04,East Joseph,North,Laptop,Electronics,1,1342,20,1073.6,837.23,236.37,Card
7721,2023-09-11,Lake Ashley,North,Camera,Office,2,3525,15,5992.5,3732.16,2260.34,UPI
7722,2025-09-17,West Trevorton,East,Speaker,Office,5,4289,15,18228.25,13467.89,4760.36,UPI
7723,2025-02-22,Barbaramouth,West,Monitor,Electronics,4,1276,15,4338.4,3073.47,1264.93,Card
7724,2024-11-18,Joshuaport,North,Headphones,Electronics,5,2516,5,11951.0,7246.38,4704.62,UPI
7725,2023-09-09,New Misty,East,Speaker,Electronics,3,1749,10,4722.3,2648.4,2073.9,Net Banking
7726,2023-11-05,Justinfort,West,Phone,Accessories,1,4952,15,4209.2,3196.01,1013.19,Card
7727,2025-02-18,Port Angelahaven,South,Keyboard,Office,3,1216,20,2918.4,2117.87,800.53,UPI
7728,2024-01-12,New Matthew,North,Phone,Accessories,1,496,15,421.6,322.45,99.15,Net Banking
7729,2024-01-12,Lake Jamesmouth,South,Mouse,Office,3,2627,15,6698.85,3389.07,3309.78,Net Banking
7730,2026-07-11,New Angelafurt,East,Laptop,Accessories,3,4806,0,14418.0,9317.07,5100.93,Card
7731,2024-07-26,Smithtown,East,Keyboard,Accessories,1,1181,5,1121.95,635.91,486.04,Net Banking
7732,2023-12-16,West Angela,East,Phone,Office,4,1517,0,6068.0,4557.72,1510.28,UPI
7733,2024-10-18,Sanchezmouth,North,Tablet,Accessories,2,3807,10,6852.6,3641.31,3211.29,Net Banking
7734,2023-12-12,New Roberttown,South,Speaker,Office,4,4427,20,14166.4,9461.92,4704.48,Net Banking
7735,2024-03-03,Port Richard,North,Headphones,Office,2,1170,15,1989.0,1310.26,678.74,Cash
7736,2026-02-14,Erictown,East,Monitor,Office,5,3484,5,16549.0,12678.74,3870.26,UPI
7737,2026-05-22,Mooreport,North,Mouse,Office,1,1256,0,1256.0,875.83,380.17,Cash
7738,2025-03-11,Jacobsfort,East,Speaker,Accessories,2,2734,5,5194.6,3976.56,1218.04,Card
7739,2026-03-14,Lake Charlesberg,East,Speaker,Office,1,787,20,629.6,388.02,241.58,Net Banking
7740,2026-05-20,New Zacharyhaven,East,Monitor,Office,1,2858,20,2286.4,1732.99,553.41,UPI
7741,2025-07-24,New Elizabethland,North,Laptop,Electronics,3,2664,5,7592.4,5551.42,2040.98,UPI
7742,2024-10-29,Lake Markfort,North,Camera,Electronics,2,4231,20,6769.6,4737.82,2031.78,Card
7743,2026-02-04,Keithmouth,North,Headphones,Electronics,4,281,10,1011.6,791.81,219.79,UPI
7744,2025-09-01,Stewartborough,West,Monitor,Electronics,1,2445,15,2078.25,1376.63,701.62,UPI
7745,2023-11-04,Michaelmouth,West,Monitor,Accessories,1,595,20,476.0,278.61,197.39,Card
7746,2023-11-27,Port Jasmineside,West,Headphones,Electronics,3,2812,15,7170.6,5609.58,1561.02,Card
7747,2026-01-17,Amandaland,East,Phone,Accessories,5,551,10,2479.5,1839.9,639.6,UPI
7748,2023-11-10,South Joshua,South,Speaker,Electronics,1,2944,15,2502.4,1624.97,877.43,Net Banking
7749,2026-05-19,East Jessicaside,West,Mouse,Office,5,369,15,1568.25,1249.6,318.65,Net Banking
7750,2023-08-21,Marisaview,South,Printer,Office,2,2068,10,3722.4,2708.5,1013.9,Cash
7751,2024-10-24,New Johnny,North,Mouse,Accessories,1,3885,10,3496.5,2415.04,1081.46,Net Banking
7752,2024-03-01,Lake Alexanderfort,North,Camera,Accessories,1,426,10,383.4,251.63,131.77,Card
7753,2024-08-25,Carolmouth,South,Printer,Electronics,4,2137,5,8120.6,4942.06,3178.54,Net Banking
7754,2026-06-30,New Christopher,West,Headphones,Electronics,3,1869,20,4485.6,2558.0,1927.6,Cash
7755,2024-06-28,Port Diana,South,Camera,Electronics,1,3586,5,3406.7,2014.12,1392.58,Card
7756,2024-07-31,Tinamouth,West,Mouse,Accessories,2,123,0,246.0,142.19,103.81,Net Banking
7757,2026-05-20,Swansonfurt,East,Mouse,Electronics,3,344,5,980.4,646.15,334.25,Cash
7758,2024-03-16,South Gregory,North,Laptop,Electronics,2,605,5,1149.5,776.43,373.07,UPI
7759,2024-08-13,Howardstad,East,Laptop,Office,3,2315,5,6597.75,3730.0,2867.75,UPI
7760,2026-05-23,Lake Meganbury,North,Speaker,Accessories,5,4912,5,23332.0,17405.3,5926.7,UPI
7761,2026-04-05,West Emmaview,West,Printer,Accessories,1,4433,15,3768.05,2875.57,892.48,Net Banking
7762,2026-06-08,West Joshua,South,Headphones,Accessories,3,2781,20,6674.4,4680.08,1994.32,Card
7763,2024-09-10,Harrisonport,West,Monitor,Accessories,4,3703,15,12590.2,8268.88,4321.32,Net Banking
7764,2024-12-18,Kaylaberg,West,Camera,Accessories,3,2653,5,7561.05,5099.13,2461.92,UPI
7765,2024-10-09,Lake Darrellport,South,Tablet,Accessories,1,1821,5,1729.95,1282.09,447.86,Cash
7766,2023-09-02,Zacharyport,South,Phone,Accessories,5,2388,5,11343.0,8591.56,2751.44,Net Banking
7767,2026-05-05,Lake Elizabeth,North,Mouse,Office,1,3010,5,2859.5,1593.51,1265.99,Net Banking
7768,2025-04-28,Charlottemouth,South,Monitor,Accessories,1,2457,5,2334.15,1689.96,644.19,Net Banking
7769,2026-03-25,Danielland,North,Mouse,Office,4,1905,0,7620.0,4214.2,3405.8,Card
7770,2024-06-09,Cruztown,South,Phone,Accessories,5,3239,5,15385.25,9423.54,5961.71,Cash
7771,2024-05-02,Jaredmouth,South,Mouse,Accessories,3,1771,5,5047.35,3631.05,1416.3,Net Banking
7772,2023-08-14,Andersonport,West,Monitor,Office,4,1883,0,7532.0,5739.26,1792.74,Cash
7773,2024-01-26,Justinburgh,West,Monitor,Accessories,5,1270,15,5397.5,4127.71,1269.79,Net Banking
7774,2023-08-26,West Andreaberg,West,Keyboard,Office,5,4906,0,24530.0,14806.06,9723.94,UPI
7775,2025-11-26,Collinshaven,North,Mouse,Office,2,4127,20,6603.2,5137.6,1465.6,Cash
7776,2025-02-11,Brucemouth,South,Tablet,Office,2,4742,20,7587.2,5737.96,1849.24,Net Banking
7777,2024-07-07,Lake Marieland,East,Laptop,Accessories,4,1037,20,3318.4,1680.2,1638.2,Net Banking
7778,2026-06-25,Cynthiafort,East,Monitor,Electronics,1,912,10,820.8,643.75,177.05,UPI
7779,2023-09-20,Kendraport,North,Printer,Office,4,2549,20,8156.8,5609.24,2547.56,Net Banking
7780,2024-08-10,Andrewsville,North,Phone,Accessories,5,3222,0,16110.0,8472.54,7637.46,UPI
7781,2023-12-12,Brendatown,North,Phone,Office,5,3691,5,17532.25,11883.46,5648.79,Card
7782,2026-04-07,Smithberg,East,Tablet,Electronics,4,4253,5,16161.4,11192.11,4969.29,Cash
7783,2025-09-04,Port William,North,Phone,Accessories,2,593,15,1008.1,518.74,489.36,Net Banking
7784,2025-04-07,New Brittanymouth,East,Headphones,Accessories,4,186,10,669.6,388.17,281.43,Card
7785,2025-03-25,North Austin,North,Headphones,Office,1,2536,15,2155.6,1131.84,1023.76,Card
7786,2023-08-05,West Curtis,West,Keyboard,Electronics,2,4168,0,8336.0,4248.44,4087.56,Cash
7787,2023-12-12,New Lori,North,Headphones,Electronics,4,3093,20,9897.6,7418.61,2478.99,UPI
7788,2023-10-22,New Christopherfort,North,Monitor,Accessories,2,2551,20,4081.6,2791.61,1289.99,Cash
7789,2023-09-30,South David,North,Laptop,Office,2,768,15,1305.6,706.72,598.88,Cash
7790,2024-09-08,New Melissaport,West,Camera,Electronics,4,1816,0,7264.0,5354.55,1909.45,UPI
7791,2026-06-21,South Benjaminhaven,South,Monitor,Electronics,5,4502,15,19133.5,12635.02,6498.48,Cash
7792,2024-02-07,Robintown,North,Printer,Electronics,3,2518,10,6798.6,4662.61,2135.99,Card
7793,2025-02-15,New Paula,West,Laptop,Office,1,1317,10,1185.3,696.59,488.71,Net Banking
7794,2025-06-26,South Nicoletown,North,Monitor,Accessories,2,2196,0,4392.0,2506.9,1885.1,UPI
7795,2025-02-14,East Aaron,West,Phone,Office,4,3473,10,12502.8,9069.08,3433.72,Net Banking
7796,2025-11-04,Morganmouth,North,Keyboard,Electronics,2,4911,10,8839.8,4928.73,3911.07,Cash
7797,2025-06-14,East Leslie,North,Camera,Electronics,3,2016,20,4838.4,2827.74,2010.66,UPI
7798,2024-10-30,Lake Jamie,East,Printer,Accessories,4,4457,10,16045.2,11533.66,4511.54,Cash
7799,2024-07-28,Lake Richardmouth,South,Camera,Office,5,2568,0,12840.0,7100.98,5739.02,Net Banking
7800,2025-11-15,Sullivanborough,North,Tablet,Accessories,4,147,5,558.6,295.35,263.25,Net Banking
7801,2025-10-08,Yolandamouth,South,Mouse,Accessories,2,2850,5,5415.0,3436.45,1978.55,Cash
7802,2025-05-01,Susanburgh,West,Camera,Accessories,3,1106,20,2654.4,1357.65,1296.75,Card
7803,2026-07-16,East Allisonstad,West,Keyboard,Office,1,163,20,130.4,72.72,57.68,Cash
7804,2025-07-26,West Devin,East,Headphones,Accessories,3,1737,15,4429.35,2351.33,2078.02,Net Banking
7805,2024-12-30,Andersonstad,West,Keyboard,Accessories,3,2308,5,6577.8,4889.79,1688.01,Card
7806,2025-03-26,North Karen,East,Printer,Accessories,3,4732,15,12066.6,6487.81,5578.79,Card
7807,2025-06-21,Stuartberg,South,Monitor,Electronics,2,1421,10,2557.8,1930.15,627.65,Card
7808,2026-03-16,West Kara,West,Speaker,Electronics,2,3764,15,6398.8,3701.5,2697.3,Card
7809,2025-01-25,West Christinahaven,North,Keyboard,Accessories,2,4342,10,7815.6,5061.74,2753.86,UPI
7810,2024-02-17,Phelpschester,West,Monitor,Electronics,3,4424,15,11281.2,8618.1,2663.1,Card
7811,2024-05-29,East Bryanchester,North,Laptop,Office,2,775,5,1472.5,1168.67,303.83,Cash
7812,2026-07-27,South Kyle,East,Headphones,Electronics,1,1331,5,1264.45,883.24,381.21,Card
7813,2026-06-27,West Donald,East,Monitor,Electronics,2,4564,15,7758.8,5370.46,2388.34,Cash
7814,2025-08-05,Farrellbury,West,Keyboard,Office,1,545,5,517.75,273.94,243.81,Card
7815,2024-05-17,Robinland,South,Tablet,Accessories,4,3193,15,10856.2,7270.94,3585.26,Net Banking
7816,2025-05-17,West Jessicaberg,West,Printer,Office,5,2591,20,10364.0,5402.45,4961.55,Cash
7817,2023-08-13,Lake Michaelchester,East,Monitor,Electronics,1,1901,10,1710.9,1006.23,704.67,Card
7818,2026-02-10,Joannamouth,West,Monitor,Office,5,3293,15,13995.25,9085.68,4909.57,Cash
7819,2025-01-16,North Dylanport,West,Phone,Accessories,2,4536,5,8618.4,4538.64,4079.76,Net Banking
7820,2024-05-03,Brownport,South,Printer,Electronics,4,1980,5,7524.0,5598.3,1925.7,UPI
7821,2024-11-23,New Andrew,West,Printer,Electronics,1,2878,10,2590.2,1863.62,726.58,Cash
7822,2024-04-03,Hernandezburgh,East,Mouse,Office,5,3904,15,16592.0,8324.33,8267.67,UPI
7823,2025-08-20,East Deborah,West,Monitor,Office,1,2235,0,2235.0,1750.18,484.82,Cash
7824,2024-05-01,Martinezberg,South,Tablet,Accessories,4,3350,10,12060.0,6376.01,5683.99,Cash
7825,2023-09-17,West Thomas,South,Monitor,Electronics,5,243,15,1032.75,626.82,405.93,Card
7826,2025-03-29,New David,West,Headphones,Office,5,2133,10,9598.5,7494.59,2103.91,Card
7827,2024-12-08,East Curtisberg,East,Phone,Accessories,2,2573,20,4116.8,2460.04,1656.76,Card
7828,2025-12-12,South Danielle,East,Camera,Accessories,2,1850,0,3700.0,2509.26,1190.74,UPI
7829,2026-02-06,Keithton,East,Tablet,Electronics,3,4749,15,12109.95,7680.63,4429.32,Card
7830,2025-09-16,Brucehaven,South,Mouse,Accessories,3,4724,20,11337.6,7993.24,3344.36,UPI
7831,2025-09-29,Lake Brittany,West,Speaker,Office,3,3228,15,8231.4,6088.26,2143.14,Card
7832,2024-09-01,Adrianberg,South,Speaker,Electronics,5,4909,5,23317.75,14258.52,9059.23,Cash
7833,2023-08-02,Reginaldfurt,East,Headphones,Office,5,1932,15,8211.0,6459.65,1751.35,UPI
7834,2023-12-25,Whitneymouth,North,Tablet,Office,5,1940,0,9700.0,7063.18,2636.82,Net Banking
7835,2026-06-21,West Andrew,West,Printer,Accessories,4,2262,10,8143.2,5973.8,2169.4,Net Banking
7836,2025-05-15,Danielberg,North,Phone,Accessories,2,1174,0,2348.0,1496.27,851.73,Cash
7837,2024-07-01,West Danielmouth,West,Speaker,Accessories,3,1039,20,2493.6,1983.78,509.82,UPI
7838,2025-12-17,Rodriguezberg,East,Keyboard,Office,5,3925,0,19625.0,14013.26,5611.74,Net Banking
7839,2023-11-08,Hallstad,North,Speaker,Electronics,3,271,10,731.7,530.82,200.88,Cash
7840,2024-03-06,West Jennifer,North,Phone,Accessories,5,4476,10,20142.0,14038.78,6103.22,Cash
7841,2025-07-26,Michelleport,South,Camera,Accessories,2,3298,0,6596.0,3914.4,2681.6,UPI
7842,2025-06-06,Melissaton,South,Printer,Office,3,3031,0,9093.0,7234.65,1858.35,Cash
7843,2024-05-10,Cooperstad,North,Printer,Electronics,5,4734,5,22486.5,15626.42,6860.08,UPI
7844,2026-07-02,West Nancytown,South,Phone,Office,2,2931,15,4982.7,3513.04,1469.66,UPI
7845,2025-09-24,Stephaniebury,South,Mouse,Accessories,1,342,10,307.8,213.55,94.25,UPI
7846,2025-05-21,New Amy,East,Speaker,Office,1,1334,20,1067.2,734.24,332.96,Net Banking
7847,2026-04-28,West Sarah,East,Laptop,Office,2,3379,5,6420.1,3403.07,3017.03,UPI
7848,2025-06-20,New Ryanland,North,Mouse,Office,1,4635,15,3939.75,2486.91,1452.84,Card
7849,2024-01-17,Dylanview,South,Monitor,Accessories,5,3041,15,12924.25,8783.73,4140.52,UPI
7850,2025-04-02,Lake Brettville,South,Keyboard,Accessories,4,2318,5,8808.4,6374.48,2433.92,Cash
7851,2024-09-01,North Williambury,North,Printer,Office,5,4218,15,17926.5,11105.85,6820.65,Net Banking
7852,2023-11-12,Melissaborough,South,Phone,Electronics,3,4346,10,11734.2,6134.16,5600.04,Card
7853,2025-07-08,Susanstad,South,Camera,Electronics,3,4765,15,12150.75,6202.71,5948.04,Net Banking
7854,2026-04-04,Jeffreymouth,South,Tablet,Accessories,2,3899,5,7408.1,4205.88,3202.22,Card
7855,2024-01-05,Ayersbury,West,Laptop,Office,4,830,0,3320.0,1904.8,1415.2,Cash
7856,2024-08-28,Garciahaven,East,Camera,Office,4,940,15,3196.0,1753.04,1442.96,Cash
7857,2025-04-03,Housebury,North,Speaker,Accessories,3,4226,15,10776.3,8504.33,2271.97,Cash
7858,2025-03-10,Port Donnaburgh,East,Printer,Electronics,4,1065,10,3834.0,2348.72,1485.28,Cash
7859,2024-11-09,Shannonport,West,Printer,Accessories,4,461,0,1844.0,1162.44,681.56,Net Banking
7860,2024-07-22,Erinmouth,South,Headphones,Accessories,4,3700,20,11840.0,8063.08,3776.92,Net Banking
7861,2025-11-07,Rodriguezside,South,Tablet,Electronics,3,1864,20,4473.6,2517.58,1956.02,Card
7862,2025-07-11,Lake Charles,West,Phone,Office,2,3197,0,6394.0,3672.52,2721.48,Cash
7863,2026-01-01,Port Kimberlyburgh,South,Tablet,Office,4,2437,5,9260.6,7040.14,2220.46,Card
7864,2026-05-11,South Michellemouth,West,Phone,Accessories,4,4396,0,17584.0,12350.26,5233.74,UPI
7865,2025-04-05,Douglasland,North,Camera,Accessories,5,3649,10,16420.5,10861.27,5559.23,Net Banking
7866,2024-04-19,Stephaniemouth,West,Monitor,Accessories,1,1300,0,1300.0,748.02,551.98,Cash
7867,2024-06-16,Reillyport,West,Keyboard,Accessories,4,2701,15,9183.4,5665.69,3517.71,Card
7868,2024-12-31,North Julie,South,Headphones,Electronics,5,1028,5,4883.0,3783.99,1099.01,Card
7869,2025-04-27,Johnborough,South,Camera,Office,1,2427,5,2305.65,1219.81,1085.84,Card
7870,2024-01-14,New Chase,South,Camera,Office,1,2575,20,2060.0,1305.61,754.39,UPI
7871,2025-02-20,West David,West,Speaker,Office,1,1528,5,1451.6,813.28,638.32,Card
7872,2026-04-20,New Shawnmouth,North,Headphones,Office,4,3959,10,14252.4,9679.05,4573.35,Card
7873,2025-05-04,Lake Crystal,North,Phone,Electronics,5,1163,20,4652.0,2542.0,2110.0,Card
7874,2026-04-11,Lake Carl,West,Mouse,Office,4,218,10,784.8,468.0,316.8,UPI
7875,2024-08-12,Arianaton,West,Mouse,Office,5,2736,0,13680.0,10632.09,3047.91,UPI
7876,2025-08-12,Katherinechester,South,Keyboard,Accessories,1,1950,20,1560.0,852.73,707.27,Net Banking
7877,2023-09-04,North Cynthiastad,West,Printer,Electronics,3,2062,20,4948.8,3721.75,1227.05,UPI
7878,2024-12-27,Hornefurt,South,Keyboard,Office,2,4595,0,9190.0,6491.01,2698.99,Card
7879,2024-10-15,Port Tony,South,Tablet,Electronics,2,3652,15,6208.4,4495.84,1712.56,Cash
7880,2024-10-19,Port Adrian,North,Speaker,Accessories,1,2425,15,2061.25,1446.93,614.32,Cash
7881,2025-01-21,New Jeffrey,North,Phone,Electronics,4,814,10,2930.4,1936.35,994.05,Net Banking
7882,2024-11-07,West Daniel,South,Headphones,Electronics,5,2463,5,11699.25,8653.05,3046.2,UPI
7883,2026-02-21,East Ryanhaven,East,Printer,Office,5,4117,20,16468.0,11096.58,5371.42,Card
7884,2025-02-25,Heatherside,North,Printer,Office,2,443,0,886.0,684.0,202.0,UPI
7885,2025-08-09,South Kimberly,South,Camera,Accessories,1,4038,5,3836.1,2182.37,1653.73,Net Banking
7886,2025-05-02,Phillipmouth,East,Mouse,Electronics,5,2041,0,10205.0,5380.03,4824.97,UPI
7887,2025-09-23,Sanderstown,East,Mouse,Electronics,5,4490,5,21327.5,12628.28,8699.22,Cash
7888,2024-11-01,South Heatherstad,East,Phone,Accessories,2,4079,10,7342.2,3976.52,3365.68,Cash
7889,2024-10-29,Whitemouth,North,Headphones,Electronics,5,2253,15,9575.25,6938.46,2636.79,Card
7890,2025-03-26,Lake Jenniferside,North,Monitor,Accessories,5,1654,0,8270.0,4272.17,3997.83,UPI
7891,2023-08-07,Jamesmouth,South,Speaker,Accessories,5,867,0,4335.0,2547.45,1787.55,Card
7892,2023-12-05,Duranburgh,South,Mouse,Electronics,2,2641,0,5282.0,2685.6,2596.4,Cash
7893,2025-06-20,Fordville,South,Phone,Electronics,1,2738,20,2190.4,1546.55,643.85,Net Banking
7894,2025-01-15,New Mariaberg,North,Printer,Accessories,2,3571,20,5713.6,3359.76,2353.84,Net Banking
7895,2026-05-13,Charleshaven,West,Tablet,Office,4,4523,20,14473.6,9038.86,5434.74,Net Banking
7896,2023-10-19,New Georgechester,North,Mouse,Electronics,2,4712,15,8010.4,4306.4,3704.0,Net Banking
7897,2023-11-06,New Tonya,North,Mouse,Electronics,3,4573,0,13719.0,7098.4,6620.6,UPI
7898,2023-12-03,Johnsonmouth,South,Keyboard,Electronics,1,4418,5,4197.1,2531.8,1665.3,Net Banking
7899,2025-06-23,Mcintoshmouth,South,Monitor,Electronics,3,892,0,2676.0,1722.34,953.66,Cash
7900,2025-05-17,Moniqueview,North,Mouse,Office,2,4237,20,6779.2,3442.77,3336.43,Net Banking
7901,2024-08-09,Robertchester,North,Monitor,Electronics,1,3087,10,2778.3,1738.31,1039.99,Cash
7902,2023-09-02,Stonemouth,North,Mouse,Electronics,5,2837,0,14185.0,9112.69,5072.31,UPI
7903,2024-11-18,Smithstad,West,Printer,Office,3,4026,5,11474.1,8627.48,2846.62,Net Banking
7904,2025-10-30,Mccarthystad,South,Printer,Accessories,3,1139,15,2904.45,1647.71,1256.74,Cash
7905,2024-09-12,Shanefurt,East,Printer,Office,1,2008,5,1907.6,1342.22,565.38,UPI
7906,2024-11-08,Elizabethburgh,West,Laptop,Electronics,2,705,0,1410.0,796.29,613.71,Card
7907,2026-01-11,New Michaelstad,South,Monitor,Electronics,2,1857,10,3342.6,2215.52,1127.08,Net Banking
7908,2024-07-29,Burketon,East,Camera,Electronics,2,3937,10,7086.6,4966.07,2120.53,Card
7909,2024-07-04,Jeffreytown,East,Phone,Accessories,2,4257,15,7236.9,5470.15,1766.75,UPI
7910,2025-10-07,Codyborough,South,Mouse,Office,3,1941,10,5240.7,3939.79,1300.91,UPI
7911,2023-12-21,Lake Geraldtown,East,Monitor,Accessories,5,4788,5,22743.0,17107.04,5635.96,Cash
7912,2026-02-02,Lake Patrickside,South,Laptop,Accessories,4,2517,5,9564.6,5344.28,4220.32,UPI
7913,2025-10-10,Camposside,North,Printer,Electronics,2,461,10,829.8,551.2,278.6,Cash
7914,2026-05-02,West Maryshire,West,Headphones,Office,5,2965,5,14083.75,8491.89,5591.86,Card
7915,2023-10-25,New Randy,East,Speaker,Electronics,3,4485,0,13455.0,9689.15,3765.85,Cash
7916,2026-04-14,Pattersonburgh,North,Headphones,Office,2,3730,5,7087.0,4049.95,3037.05,Card
7917,2024-02-11,Port Kristinechester,East,Laptop,Electronics,5,3221,10,14494.5,8709.44,5785.06,Card
7918,2026-04-17,New Victor,East,Camera,Office,1,4453,0,4453.0,2726.41,1726.59,Card
7919,2025-05-03,Adriennehaven,South,Mouse,Accessories,4,4966,10,17877.6,9289.12,8588.48,Cash
7920,2025-11-30,Maxwellland,North,Mouse,Accessories,1,4574,5,4345.3,3063.36,1281.94,UPI
7921,2023-12-03,West Christine,North,Camera,Office,2,465,0,930.0,668.72,261.28,Card
7922,2024-06-24,West Lisa,West,Phone,Office,3,249,0,747.0,474.28,272.72,Net Banking
7923,2026-04-04,East Joseph,South,Phone,Accessories,1,919,0,919.0,614.34,304.66,Card
7924,2025-07-28,Rossberg,North,Monitor,Accessories,3,4727,15,12053.85,6760.69,5293.16,Card
7925,2023-12-31,Russellside,West,Monitor,Electronics,2,3902,10,7023.6,3937.52,3086.08,Net Banking
7926,2024-03-24,South Leonardberg,North,Laptop,Electronics,1,1614,5,1533.3,884.12,649.18,Card
7927,2025-02-01,New Caitlin,East,Printer,Electronics,3,4801,5,13682.85,8869.28,4813.57,Card
7928,2024-03-15,Sparkstown,West,Mouse,Electronics,3,413,0,1239.0,688.28,550.72,Net Banking
7929,2023-11-23,Brittanyville,South,Keyboard,Accessories,3,4099,20,9837.6,7051.12,2786.48,UPI
7930,2024-12-07,Jacobborough,East,Headphones,Electronics,5,411,5,1952.25,1447.34,504.91,Cash
7931,2024-06-14,Brianborough,East,Phone,Accessories,5,1242,20,4968.0,3540.85,1427.15,Card
7932,2026-06-19,Jenniferview,South,Camera,Office,3,2438,15,6216.9,3981.96,2234.94,Net Banking
7933,2024-09-20,Lake Edward,South,Laptop,Accessories,5,1728,20,6912.0,4848.91,2063.09,Cash
7934,2025-11-03,New Timothyshire,East,Monitor,Office,1,3105,15,2639.25,1324.04,1315.21,Card
7935,2025-09-27,Steventon,East,Printer,Electronics,2,190,10,342.0,193.48,148.52,Cash
7936,2025-02-09,Shelbyberg,West,Printer,Accessories,5,4706,20,18824.0,14097.74,4726.26,Cash
7937,2024-10-22,Andreatown,South,Phone,Accessories,3,1906,5,5432.1,3812.84,1619.26,UPI
7938,2023-08-16,Nelsonshire,North,Printer,Electronics,2,272,5,516.8,410.39,106.41,UPI
7939,2026-05-21,New Kylestad,East,Laptop,Accessories,2,843,0,1686.0,901.76,784.24,Cash
7940,2024-12-19,East Matthew,West,Headphones,Electronics,3,4778,15,12183.9,8056.92,4126.98,Net Banking
7941,2024-09-29,Williamsmouth,East,Keyboard,Electronics,2,2167,20,3467.2,2051.53,1415.67,Cash
7942,2026-01-27,Port Jeanette,West,Monitor,Accessories,2,2567,10,4620.6,3601.21,1019.39,UPI
7943,2026-07-19,Greenbury,North,Tablet,Electronics,5,1310,5,6222.5,4146.56,2075.94,Card
7944,2025-02-01,Lake Carmen,North,Camera,Electronics,4,798,20,2553.6,1954.55,599.05,Card
7945,2024-11-11,Port Nicholashaven,East,Monitor,Accessories,4,1099,10,3956.4,2430.23,1526.17,Card
7946,2025-10-25,Moorehaven,West,Keyboard,Office,5,2602,15,11058.5,8232.21,2826.29,Net Banking
7947,2024-12-13,Kingshire,South,Keyboard,Office,2,530,5,1007.0,792.7,214.3,Card
7948,2026-05-08,South Rebecca,East,Keyboard,Electronics,2,1138,15,1934.6,1002.44,932.16,Net Banking
7949,2025-11-30,West Zacharyville,East,Printer,Accessories,3,332,5,946.2,580.9,365.3,Card
7950,2025-11-11,Mcguirehaven,South,Keyboard,Office,3,3104,20,7449.6,5796.4,1653.2,Card
7951,2023-11-14,Donnashire,East,Mouse,Office,1,338,20,270.4,143.27,127.13,UPI
7952,2023-12-11,Lake Nicole,South,Camera,Electronics,3,861,10,2324.7,1326.69,998.01,Net Banking
7953,2025-03-26,North Joditon,East,Mouse,Accessories,3,4836,0,14508.0,9805.77,4702.23,UPI
7954,2023-12-09,Marymouth,South,Mouse,Electronics,5,640,5,3040.0,2274.02,765.98,Net Banking
7955,2024-01-10,Robertbury,North,Keyboard,Electronics,2,687,10,1236.6,978.0,258.6,Cash
7956,2026-06-02,North David,South,Camera,Electronics,3,3686,5,10505.1,7762.26,2742.84,Card
7957,2026-05-07,East Tonyhaven,West,Keyboard,Accessories,3,2738,10,7392.6,5370.57,2022.03,UPI
7958,2023-12-14,Mooreside,West,Phone,Office,3,1038,10,2802.6,1790.88,1011.72,UPI
7959,2024-10-31,Jeremyshire,South,Speaker,Accessories,4,2162,20,6918.4,3739.43,3178.97,Net Banking
7960,2025-03-08,Troyshire,North,Mouse,Electronics,3,1219,20,2925.6,2019.46,906.14,UPI
7961,2025-12-25,North Christopher,West,Mouse,Accessories,5,1578,15,6706.5,3912.78,2793.72,Net Banking
7962,2024-05-12,Sanchezbury,East,Laptop,Accessories,3,4863,20,11671.2,6361.37,5309.83,Net Banking
7963,2025-01-24,Port Grantstad,South,Tablet,Accessories,2,1958,15,3328.6,2494.83,833.77,Card
7964,2023-11-28,Alvarezfort,North,Mouse,Accessories,3,1989,15,5071.95,2706.76,2365.19,Card
7965,2025-04-27,Keithshire,North,Speaker,Accessories,1,4188,0,4188.0,2909.23,1278.77,Card
7966,2026-06-23,Reedville,West,Keyboard,Electronics,1,2207,5,2096.65,1533.58,563.07,Card
7967,2024-08-31,West Sean,East,Camera,Accessories,1,507,5,481.65,299.14,182.51,Net Banking
7968,2025-12-21,Port Jason,West,Camera,Electronics,3,2485,20,5964.0,3340.0,2624.0,Cash
7969,2024-08-10,Marymouth,South,Mouse,Electronics,2,914,15,1553.8,784.41,769.39,Card
7970,2026-05-11,North Donna,North,Speaker,Electronics,5,4950,15,21037.5,15597.58,5439.92,Card
7971,2023-11-18,Austinfort,South,Monitor,Electronics,3,3304,10,8920.8,5732.82,3187.98,Cash
7972,2025-09-05,Gutierrezchester,East,Headphones,Office,4,1442,0,5768.0,4167.73,1600.27,Net Banking
7973,2024-02-24,Lake Jenniferland,South,Tablet,Office,2,3488,15,5929.6,4468.36,1461.24,Net Banking
7974,2024-06-16,West Susantown,North,Tablet,Accessories,1,835,5,793.25,499.22,294.03,Net Banking
7975,2024-01-11,Batestown,West,Camera,Accessories,2,1626,5,3089.4,1656.24,1433.16,Cash
7976,2023-08-15,Kevintown,South,Laptop,Accessories,1,2545,10,2290.5,1479.58,810.92,Cash
7977,2023-09-08,Clarkhaven,West,Speaker,Accessories,2,1933,15,3286.1,2364.04,922.06,UPI
7978,2023-08-12,Riosshire,East,Keyboard,Office,4,1227,15,4171.8,2584.99,1586.81,Net Banking
7979,2023-10-09,North Mark,West,Speaker,Office,1,3384,5,3214.8,1644.62,1570.18,Card
7980,2024-11-02,Sydneyview,North,Camera,Office,2,1870,20,2992.0,2018.22,973.78,Net Banking
7981,2025-05-04,Andersonmouth,South,Phone,Electronics,2,3089,15,5251.3,2973.81,2277.49,Net Banking
7982,2024-07-10,Staceyfort,West,Camera,Electronics,5,947,15,4024.75,2183.8,1840.95,Cash
7983,2025-11-09,Lake Elainebury,West,Keyboard,Accessories,1,492,10,442.8,333.63,109.17,Cash
7984,2025-04-15,West Ianberg,North,Laptop,Office,4,4387,10,15793.2,11713.38,4079.82,Cash
7985,2026-02-01,Whitneyhaven,South,Speaker,Electronics,4,2238,15,7609.2,5534.07,2075.13,Net Banking
7986,2025-12-09,North Ryanburgh,North,Printer,Accessories,1,3278,15,2786.3,2115.68,670.62,Card
7987,2025-03-27,Port John,West,Keyboard,Office,5,3325,20,13300.0,10602.64,2697.36,Net Banking
7988,2025-09-28,South Rebecca,West,Tablet,Electronics,4,3810,15,12954.0,7373.43,5580.57,Cash
7989,2024-10-07,Davidport,North,Camera,Accessories,2,3992,5,7584.8,4709.46,2875.34,Cash
7990,2024-03-19,East Julietown,East,Phone,Office,1,2203,0,2203.0,1531.83,671.17,Card
7991,2024-02-04,South Monicatown,North,Phone,Accessories,5,1995,20,7980.0,5363.46,2616.54,Cash
7992,2024-04-14,West Daniel,West,Speaker,Electronics,2,4556,5,8656.4,4339.81,4316.59,Net Banking
7993,2023-10-09,New Michellemouth,West,Phone,Office,4,4857,20,15542.4,11157.87,4384.53,Card
7994,2026-02-24,Aguilarville,East,Laptop,Electronics,3,3493,0,10479.0,6541.65,3937.35,UPI
7995,2025-09-08,East Ericton,South,Mouse,Accessories,2,4695,0,9390.0,5102.77,4287.23,Net Banking
7996,2023-11-20,North Kayla,West,Monitor,Office,4,783,15,2662.2,1591.26,1070.94,Net Banking
7997,2025-12-05,Figueroahaven,East,Camera,Electronics,4,3452,5,13117.6,9901.07,3216.53,Cash
7998,2024-04-22,West Laurenport,South,Keyboard,Office,2,4560,20,7296.0,4088.18,3207.82,Cash
7999,2024-01-01,Luisburgh,West,Speaker,Electronics,1,4834,0,4834.0,2688.54,2145.46,Net Banking
8000,2025-08-30,Richardchester,West,Camera,Accessories,4,2187,20,6998.4,4670.34,2328.06,Card
8001,2025-05-31,Daviestown,East,Laptop,Office,4,1817,10,6541.2,4384.98,2156.22,Net Banking
8002,2025-12-06,Port Thomas,North,Speaker,Electronics,1,2737,10,2463.3,1577.85,885.45,Net Banking
8003,2025-12-10,Meganburgh,West,Camera,Office,3,3281,10,8858.7,6572.66,2286.04,Cash
8004,2025-04-08,Port Michaelton,North,Tablet,Accessories,4,1007,20,3222.4,2195.28,1027.12,UPI
8005,2024-11-15,South Jacobborough,North,Laptop,Electronics,4,2003,0,8012.0,5751.37,2260.63,Net Banking
8006,2026-01-15,Mccoyshire,North,Laptop,Electronics,5,3958,15,16821.5,10438.03,6383.47,Card
8007,2024-10-18,Carterburgh,West,Mouse,Electronics,1,303,5,287.85,203.42,84.43,Card
8008,2024-12-25,North Michaelview,East,Headphones,Electronics,5,1466,5,6963.5,4000.33,2963.17,UPI
8009,2024-07-13,Garciahaven,East,Monitor,Office,5,2646,0,13230.0,7270.65,5959.35,Net Banking
8010,2025-10-30,Port Jennifer,North,Headphones,Accessories,2,989,5,1879.1,1357.17,521.93,Cash
8011,2026-06-01,South Susan,South,Speaker,Accessories,1,4826,10,4343.4,2309.7,2033.7,Cash
8012,2025-10-14,Mitchelltown,East,Phone,Accessories,3,2951,5,8410.35,5036.14,3374.21,Net Banking
8013,2025-11-01,Ramosview,West,Mouse,Office,3,3505,20,8412.0,5620.47,2791.53,Cash
8014,2024-02-15,West Amandaburgh,West,Monitor,Office,1,1547,15,1314.95,715.67,599.28,Net Banking
8015,2023-12-07,Port Nicholasberg,North,Mouse,Office,2,586,5,1113.4,794.4,319.0,Card
8016,2023-09-02,Port Kevinland,South,Printer,Office,1,3420,0,3420.0,2017.18,1402.82,Cash
8017,2024-11-05,Danabury,North,Speaker,Office,5,4830,20,19320.0,11341.05,7978.95,UPI
8018,2025-11-11,Port Douglasview,North,Printer,Office,4,4996,20,15987.2,11490.6,4496.6,Card
8019,2023-10-17,Jimenezborough,East,Speaker,Electronics,2,3969,0,7938.0,4111.58,3826.42,Net Banking
8020,2024-03-13,Lake Joseland,East,Tablet,Office,1,956,5,908.2,633.81,274.39,UPI
8021,2025-04-29,Port Dawn,East,Printer,Electronics,4,4462,20,14278.4,9139.74,5138.66,Card
8022,2026-03-20,New Chelseaton,West,Camera,Office,5,923,5,4384.25,3039.76,1344.49,UPI
8023,2026-04-08,North Johnport,East,Phone,Office,3,1665,20,3996.0,2888.82,1107.18,Cash
8024,2026-07-12,Lewistown,West,Laptop,Electronics,2,2161,5,4105.9,3272.25,833.65,Net Banking
8025,2026-03-18,Port Kiaraton,North,Laptop,Accessories,4,1763,5,6699.4,5245.0,1454.4,UPI
8026,2026-04-15,East Davidside,West,Speaker,Accessories,3,1686,5,4805.1,3343.79,1461.31,Cash
8027,2025-12-17,Millerberg,South,Headphones,Electronics,1,165,10,148.5,108.36,40.14,UPI
8028,2026-07-28,Mcconnellstad,South,Keyboard,Electronics,5,3268,10,14706.0,9763.58,4942.42,Cash
8029,2024-10-22,West Richardchester,South,Mouse,Electronics,5,4080,20,16320.0,8487.87,7832.13,UPI
8030,2023-08-01,North Michelle,West,Camera,Accessories,1,2432,15,2067.2,1433.46,633.74,Net Banking
8031,2025-08-20,East Frankstad,East,Phone,Accessories,2,1484,10,2671.2,1403.38,1267.82,Net Banking
8032,2024-06-14,South Jonathonland,South,Mouse,Electronics,1,3838,5,3646.1,2768.71,877.39,Card
8033,2025-12-28,New Chad,South,Mouse,Accessories,1,4861,15,4131.85,2775.48,1356.37,Net Banking
8034,2025-05-08,South Ryan,East,Keyboard,Office,1,3888,10,3499.2,1800.52,1698.68,UPI
8035,2026-05-30,New Anneside,East,Phone,Accessories,1,2821,15,2397.85,1573.5,824.35,Card
8036,2026-02-16,Sotoside,West,Monitor,Accessories,4,1822,10,6559.2,3389.35,3169.85,UPI
8037,2024-02-09,Lake Gregorymouth,North,Phone,Accessories,2,1591,15,2704.7,1509.71,1194.99,UPI
8038,2026-03-24,Lauramouth,South,Laptop,Office,5,4840,5,22990.0,12401.91,10588.09,Card
8039,2024-11-22,New Darius,West,Laptop,Accessories,2,718,5,1364.2,766.77,597.43,Cash
8040,2023-08-18,Port Jonathanport,North,Camera,Electronics,1,1874,20,1499.2,933.85,565.35,Cash
8041,2024-10-02,West David,West,Keyboard,Accessories,2,385,15,654.5,354.64,299.86,Cash
8042,2024-04-03,Jeffreyton,North,Speaker,Accessories,1,1232,20,985.6,601.95,383.65,Card
8043,2024-01-19,Jacobsstad,West,Speaker,Office,5,2851,10,12829.5,8503.79,4325.71,Card
8044,2026-03-10,Kathrynville,South,Camera,Office,1,3208,0,3208.0,2225.1,982.9,Net Banking
8045,2024-02-03,Hopkinsberg,West,Monitor,Office,2,2524,20,4038.4,3141.48,896.92,Net Banking
8046,2023-08-08,Port Stacyton,West,Speaker,Accessories,1,1191,20,952.8,716.58,236.22,Cash
8047,2024-08-25,New Anthony,East,Keyboard,Electronics,2,1123,0,2246.0,1146.99,1099.01,Net Banking
8048,2025-09-09,Rodriguezberg,West,Printer,Office,1,2837,15,2411.45,1791.21,620.24,Cash
8049,2024-09-29,Friedmanberg,North,Phone,Electronics,5,3734,0,18670.0,10516.54,8153.46,Card
8050,2025-09-30,Christown,South,Keyboard,Office,5,4357,0,21785.0,10948.59,10836.41,Cash
8051,2025-02-12,Davisburgh,East,Monitor,Accessories,2,2176,15,3699.2,2537.65,1161.55,Cash
8052,2024-12-04,East Joe,East,Speaker,Office,1,4206,10,3785.4,2259.62,1525.78,UPI
8053,2024-06-11,Lesliestad,West,Printer,Office,4,4800,0,19200.0,11362.13,7837.87,Cash
8054,2026-03-31,South Elijahport,North,Tablet,Electronics,5,4562,10,20529.0,14990.88,5538.12,Card
8055,2023-10-24,Lake Crystal,East,Speaker,Accessories,4,4849,0,19396.0,13021.03,6374.97,UPI
8056,2025-09-02,Zunigastad,North,Headphones,Electronics,3,1187,0,3561.0,2823.08,737.92,Net Banking
8057,2025-04-13,East Melanie,North,Monitor,Electronics,4,4185,5,15903.0,8195.2,7707.8,UPI
8058,2025-11-22,Andersonhaven,West,Camera,Accessories,2,4850,5,9215.0,5179.15,4035.85,UPI
8059,2025-04-09,East Donnahaven,South,Monitor,Electronics,3,1255,20,3012.0,1951.64,1060.36,Cash
8060,2023-08-09,South Rebeccaton,North,Keyboard,Electronics,1,1281,15,1088.85,736.48,352.37,Cash
8061,2023-08-12,Port Catherine,East,Laptop,Accessories,2,2136,5,4058.4,2884.81,1173.59,UPI
8062,2024-01-17,Lake Kimfurt,South,Phone,Electronics,4,1515,15,5151.0,3000.87,2150.13,UPI
8063,2025-10-03,Barnesstad,East,Printer,Accessories,1,2771,10,2493.9,1734.29,759.61,UPI
8064,2024-02-08,Lake Kelly,North,Phone,Accessories,2,2546,15,4328.2,3070.6,1257.6,UPI
8065,2025-07-11,Tylerfurt,West,Camera,Office,1,4153,0,4153.0,2383.99,1769.01,Net Banking
8066,2025-03-16,Stevenmouth,East,Phone,Office,2,221,20,353.6,244.07,109.53,Cash
8067,2023-09-09,East Sonyamouth,West,Headphones,Electronics,4,185,15,629.0,350.41,278.59,Cash
8068,2026-03-07,Lake Steven,East,Laptop,Accessories,1,2093,5,1988.35,1555.35,433.0,Cash
8069,2025-10-08,Wilsonville,East,Tablet,Office,1,940,5,893.0,466.68,426.32,Card
8070,2023-12-09,Rowlandstad,East,Monitor,Electronics,3,1738,15,4431.9,2308.16,2123.74,UPI
8071,2025-06-22,Stephenside,South,Printer,Accessories,2,229,10,412.2,235.63,176.57,Net Banking
8072,2025-04-30,Calebburgh,East,Tablet,Office,4,3845,15,13073.0,7890.48,5182.52,Card
8073,2023-12-04,Smithchester,South,Laptop,Office,4,2083,5,7915.4,5771.04,2144.36,Cash
8074,2024-04-25,Donaldburgh,East,Keyboard,Electronics,5,875,15,3718.75,2425.45,1293.3,UPI
8075,2023-08-18,Lake Michaelland,East,Tablet,Electronics,5,3967,0,19835.0,10317.62,9517.38,Net Banking
8076,2023-11-05,South Timothyshire,South,Speaker,Electronics,1,1440,15,1224.0,868.1,355.9,Cash
8077,2026-05-26,Apriltown,North,Mouse,Office,4,3881,20,12419.2,9117.27,3301.93,Net Banking
8078,2026-03-23,Barberhaven,South,Keyboard,Electronics,3,1391,10,3755.7,2747.27,1008.43,Cash
8079,2024-09-11,South Williamborough,East,Camera,Office,2,3466,20,5545.6,3491.27,2054.33,Net Banking
8080,2025-08-24,Josephland,East,Speaker,Office,2,1316,5,2500.4,1619.32,881.08,Card
8081,2026-06-30,West Lesliemouth,South,Mouse,Electronics,5,1457,0,7285.0,4182.22,3102.78,Net Banking
8082,2023-08-24,South Jennifer,East,Tablet,Electronics,1,4335,15,3684.75,2599.8,1084.95,Cash
8083,2024-02-20,Morganfort,East,Monitor,Electronics,4,4920,5,18696.0,14460.16,4235.84,Cash
8084,2026-07-27,Hallmouth,North,Tablet,Office,4,3037,20,9718.4,5348.76,4369.64,UPI
8085,2025-05-11,Sandovalside,North,Headphones,Accessories,2,2365,5,4493.5,3094.18,1399.32,UPI
8086,2024-07-05,Davidshire,West,Mouse,Accessories,2,2721,15,4625.7,2547.69,2078.01,Net Banking
8087,2025-09-19,Andersonmouth,South,Mouse,Electronics,1,2555,10,2299.5,1189.96,1109.54,Cash
8088,2024-10-01,Suefort,West,Phone,Accessories,2,3511,10,6319.8,3871.27,2448.53,UPI
8089,2024-05-30,North Jamesmouth,North,Camera,Electronics,3,3408,10,9201.6,5280.64,3920.96,Cash
8090,2024-04-21,Mooreside,North,Monitor,Office,4,3322,15,11294.8,8940.28,2354.52,Card
8091,2024-08-02,New Elizabeth,South,Camera,Accessories,1,1884,20,1507.2,1071.53,435.67,Net Banking
8092,2024-04-04,North Phillipshire,West,Camera,Office,4,3211,20,10275.2,7548.71,2726.49,Net Banking
8093,2025-12-23,West Patrickberg,South,Camera,Office,2,2599,5,4938.1,3794.29,1143.81,Cash
8094,2026-06-12,Tiffanyside,West,Phone,Electronics,1,1543,20,1234.4,864.24,370.16,Card
8095,2025-09-29,Lake Ryan,West,Camera,Office,4,965,5,3667.0,2141.07,1525.93,Cash
8096,2024-03-14,Reginaldtown,North,Tablet,Office,5,700,20,2800.0,1661.77,1138.23,UPI
8097,2025-01-27,Wagnerfurt,North,Laptop,Accessories,2,3852,10,6933.6,4302.35,2631.25,UPI
8098,2024-01-29,Christineburgh,South,Headphones,Accessories,5,3584,15,15232.0,11423.66,3808.34,Net Banking
8099,2025-02-20,Langtown,West,Headphones,Accessories,5,2280,20,9120.0,4756.24,4363.76,Net Banking
8100,2023-10-10,Morenoville,South,Printer,Office,1,3271,10,2943.9,2280.95,662.95,Net Banking
8101,2025-06-15,North Stacy,East,Phone,Accessories,3,669,5,1906.65,967.98,938.67,Card
8102,2026-07-28,Port Lindsay,East,Camera,Accessories,5,315,15,1338.75,870.66,468.09,UPI
8103,2023-12-18,West Joshuastad,South,Laptop,Office,1,3543,20,2834.4,1736.35,1098.05,Card
8104,2025-03-08,West Juliamouth,North,Tablet,Accessories,2,1681,15,2857.7,1536.45,1321.25,Card
8105,2024-08-28,Adamchester,East,Tablet,Office,5,691,5,3282.25,2441.09,841.16,Card
8106,2026-04-20,Jonesshire,East,Phone,Electronics,2,2785,10,5013.0,3803.88,1209.12,UPI
8107,2025-12-07,Rachelton,West,Keyboard,Office,3,3044,20,7305.6,5405.66,1899.94,Cash
8108,2024-06-18,Martinezview,North,Monitor,Electronics,5,3080,5,14630.0,8588.34,6041.66,UPI
8109,2025-09-25,West Danielmouth,North,Tablet,Office,3,2688,0,8064.0,5838.23,2225.77,Net Banking
8110,2024-06-23,New Patrick,North,Speaker,Accessories,4,203,10,730.8,487.33,243.47,Card
8111,2024-09-04,Albertberg,North,Monitor,Office,3,1829,20,4389.6,3037.2,1352.4,Card
8112,2025-03-31,Brownfurt,North,Headphones,Electronics,2,1371,10,2467.8,1845.82,621.98,UPI
8113,2026-06-01,Connerburgh,North,Headphones,Office,4,4547,15,15459.8,9596.1,5863.7,Card
8114,2024-09-22,Martinville,West,Monitor,Accessories,5,867,10,3901.5,2670.06,1231.44,UPI
8115,2026-02-10,Port Ashley,East,Mouse,Office,4,4621,0,18484.0,14535.87,3948.13,Card
8116,2025-09-08,Matthewmouth,South,Keyboard,Accessories,4,810,0,3240.0,1927.09,1312.91,Net Banking
8117,2024-01-20,East Matthew,West,Mouse,Electronics,3,2433,20,5839.2,3264.21,2574.99,UPI
8118,2026-01-23,New Shane,West,Printer,Office,2,2512,5,4772.8,3002.4,1770.4,Cash
8119,2025-07-23,Williamsshire,North,Phone,Accessories,3,3341,15,8519.55,6130.29,2389.26,Cash
8120,2026-01-09,Lake Rebeccaport,North,Speaker,Accessories,4,4706,0,18824.0,14460.55,4363.45,Cash
8121,2026-07-29,Jenniferview,West,Tablet,Electronics,1,3131,15,2661.35,1738.97,922.38,UPI
8122,2026-05-26,Jacobton,West,Phone,Accessories,4,4563,5,17339.4,12186.43,5152.97,Net Banking
8123,2024-04-26,Port Debra,North,Headphones,Accessories,2,239,15,406.3,238.79,167.51,Net Banking
8124,2023-11-23,Powellchester,West,Speaker,Office,2,4165,5,7913.5,3986.49,3927.01,Cash
8125,2025-01-16,Port Diamondshire,East,Monitor,Office,4,3155,5,11989.0,6374.66,5614.34,Net Banking
8126,2023-11-13,Donnamouth,East,Keyboard,Office,3,4653,20,11167.2,8634.69,2532.51,Net Banking
8127,2023-10-15,Thompsonville,North,Tablet,Office,5,2523,10,11353.5,8546.59,2806.91,Cash
8128,2025-09-26,North Stephen,East,Monitor,Office,1,2587,10,2328.3,1489.82,838.48,Net Banking
8129,2025-03-25,Port Mollyside,West,Camera,Office,2,4629,0,9258.0,5579.77,3678.23,Net Banking
8130,2024-12-15,Amandaville,West,Phone,Electronics,2,4436,0,8872.0,5350.98,3521.02,UPI
8131,2025-06-19,Alexisville,West,Keyboard,Office,2,1956,5,3716.4,2731.4,985.0,UPI
8132,2026-01-23,Douglasview,West,Tablet,Office,4,2427,20,7766.4,5046.65,2719.75,Net Banking
8133,2023-09-25,New Joseph,East,Camera,Electronics,4,3102,20,9926.4,7665.54,2260.86,UPI
8134,2026-05-21,New Jennifer,West,Phone,Office,4,3019,5,11472.2,6652.29,4819.91,Net Banking
8135,2024-02-23,Angelaton,East,Tablet,Electronics,3,1029,0,3087.0,2287.52,799.48,Cash
8136,2024-05-23,Jamieville,North,Laptop,Office,3,578,15,1473.9,759.0,714.9,UPI
8137,2026-03-08,Bassberg,West,Camera,Electronics,4,1595,15,5423.0,3711.92,1711.08,Net Banking
8138,2025-03-09,Williamton,South,Tablet,Electronics,5,2057,5,9770.75,5398.63,4372.12,Net Banking
8139,2024-06-18,Brianmouth,South,Mouse,Electronics,2,633,20,1012.8,631.9,380.9,Net Banking
8140,2024-10-10,New Danielport,North,Laptop,Accessories,5,4197,0,20985.0,15241.66,5743.34,Net Banking
8141,2026-03-17,North Marcus,North,Monitor,Accessories,5,3776,5,17936.0,11239.25,6696.75,UPI
8142,2026-03-02,Debraside,South,Speaker,Office,3,3939,0,11817.0,6166.95,5650.05,Cash
8143,2026-01-31,Lake Erik,West,Mouse,Accessories,3,2497,0,7491.0,5719.67,1771.33,UPI
8144,2025-02-05,North Ryan,West,Tablet,Accessories,4,980,10,3528.0,1808.64,1719.36,Card
8145,2026-02-21,Johnside,East,Monitor,Accessories,5,2816,5,13376.0,6888.95,6487.05,Net Banking
8146,2026-06-05,Port Kevin,East,Speaker,Electronics,5,3377,20,13508.0,10249.8,3258.2,Card
8147,2024-09-21,Christianmouth,West,Monitor,Office,2,1132,0,2264.0,1144.52,1119.48,Net Banking
8148,2026-06-27,Ashleyland,South,Laptop,Electronics,4,2605,0,10420.0,6138.12,4281.88,UPI
8149,2025-01-24,East Lukehaven,West,Printer,Accessories,2,2436,5,4628.4,2315.97,2312.43,Card
8150,2023-10-07,Stacybury,West,Tablet,Office,1,4192,0,4192.0,2448.86,1743.14,Net Banking
8151,2025-04-22,Cunninghambury,West,Headphones,Electronics,1,4671,0,4671.0,3455.73,1215.27,UPI
8152,2026-05-16,West Christopher,North,Mouse,Accessories,4,4060,0,16240.0,8835.39,7404.61,Cash
8153,2023-09-03,Port David,North,Phone,Accessories,5,1951,15,8291.75,6152.19,2139.56,Net Banking
8154,2024-01-10,North Samantha,West,Tablet,Office,3,4571,0,13713.0,10278.03,3434.97,Card
8155,2024-12-21,Scottshire,North,Laptop,Electronics,2,1354,0,2708.0,1795.27,912.73,UPI
8156,2024-08-12,Kelliestad,West,Keyboard,Office,2,271,10,487.8,247.48,240.32,Cash
8157,2025-01-19,South Josephmouth,North,Mouse,Accessories,4,4610,5,17518.0,13451.79,4066.21,UPI
8158,2024-11-26,New Timothy,East,Laptop,Office,5,1291,10,5809.5,4118.21,1691.29,Net Banking
8159,2023-10-01,Russelltown,East,Phone,Office,5,2578,5,12245.5,7264.34,4981.16,Net Banking
8160,2023-11-23,Charlesmouth,North,Speaker,Accessories,3,3185,15,8121.75,6126.53,1995.22,Card
8161,2025-04-22,East Zachary,South,Speaker,Electronics,1,1922,5,1825.9,1454.07,371.83,Cash
8162,2024-07-01,East Nancyton,West,Phone,Electronics,1,1038,20,830.4,535.6,294.8,Card
8163,2026-05-28,Johnsonville,North,Printer,Accessories,2,938,15,1594.6,959.79,634.81,Card
8164,2026-05-29,New Jamesland,East,Phone,Office,4,3999,0,15996.0,12185.73,3810.27,UPI
8165,2024-03-22,North Melanie,North,Speaker,Electronics,5,1938,20,7752.0,5120.56,2631.44,Cash
8166,2024-05-11,New Anthony,West,Headphones,Office,3,4282,0,12846.0,7943.92,4902.08,UPI
8167,2026-04-02,West Robert,North,Phone,Office,5,2091,0,10455.0,6077.71,4377.29,Cash
8168,2023-11-27,Dawnmouth,South,Phone,Electronics,5,603,10,2713.5,1487.06,1226.44,Net Banking
8169,2025-05-05,Lake Andrewmouth,South,Headphones,Accessories,4,2976,15,10118.4,6550.49,3567.91,UPI
8170,2023-11-21,East Karl,North,Keyboard,Office,2,4283,15,7281.1,5658.57,1622.53,Cash
8171,2023-11-27,Carpenterstad,East,Speaker,Office,1,547,0,547.0,427.63,119.37,Card
8172,2024-03-23,South Richard,East,Mouse,Accessories,2,1585,10,2853.0,1927.48,925.52,UPI
8173,2024-08-24,East Angelica,South,Headphones,Electronics,4,3639,0,14556.0,10998.81,3557.19,UPI
8174,2026-04-26,West Cherylburgh,East,Printer,Accessories,5,4119,15,17505.75,12434.19,5071.56,UPI
8175,2026-04-29,West Patriciaport,East,Speaker,Electronics,5,1641,20,6564.0,3612.86,2951.14,Cash
8176,2024-06-25,North Nicole,West,Headphones,Accessories,2,1546,0,3092.0,2283.74,808.26,Cash
8177,2024-04-25,Tracyville,South,Laptop,Office,4,596,10,2145.6,1122.41,1023.19,UPI
8178,2024-05-09,New Trevorhaven,West,Printer,Electronics,5,3490,0,17450.0,12953.91,4496.09,Net Banking
8179,2025-10-04,Julieview,East,Camera,Electronics,1,1736,10,1562.4,886.17,676.23,Card
8180,2026-01-11,West Brandontown,East,Camera,Electronics,3,1369,0,4107.0,3148.46,958.54,Card
8181,2024-12-04,South Jadechester,South,Monitor,Accessories,4,3080,20,9856.0,7194.19,2661.81,UPI
8182,2025-01-18,Sharonland,South,Speaker,Electronics,4,1630,15,5542.0,4171.03,1370.97,Cash
8183,2024-09-22,East Dennis,North,Phone,Office,4,4819,20,15420.8,10199.64,5221.16,Net Banking
8184,2025-07-16,Jackiebury,South,Tablet,Office,2,803,5,1525.7,982.61,543.09,UPI
8185,2023-11-16,West Peterchester,West,Headphones,Accessories,4,4107,0,16428.0,10117.53,6310.47,UPI
8186,2025-10-24,Lake Trevor,South,Tablet,Electronics,2,1287,10,2316.6,1213.38,1103.22,UPI
8187,2026-07-16,Jordanstad,South,Headphones,Electronics,1,4478,5,4254.1,2143.98,2110.12,UPI
8188,2023-08-12,Maryhaven,South,Printer,Accessories,3,1954,0,5862.0,4403.36,1458.64,UPI
8189,2024-08-08,Hernandezfort,South,Keyboard,Electronics,3,2130,0,6390.0,4493.42,1896.58,Net Banking
8190,2025-07-02,Goodwinfurt,South,Speaker,Office,2,752,5,1428.8,966.49,462.31,Net Banking
8191,2025-06-30,Sandovalshire,North,Keyboard,Office,2,4434,15,7537.8,5871.49,1666.31,UPI
8192,2023-08-18,East Lindaview,West,Printer,Electronics,3,1252,5,3568.2,2327.32,1240.88,UPI
8193,2024-01-08,Prattshire,East,Headphones,Office,1,4066,15,3456.1,2367.38,1088.72,Net Banking
8194,2023-11-23,Bonnieburgh,East,Headphones,Accessories,4,382,20,1222.4,935.45,286.95,Card
8195,2024-02-27,South Jason,East,Mouse,Electronics,5,637,5,3025.75,2343.77,681.98,Card
8196,2025-11-07,West Devinmouth,East,Phone,Office,1,3872,10,3484.8,2004.04,1480.76,Cash
8197,2025-11-23,Hernandezland,South,Mouse,Accessories,3,2403,5,6848.55,4803.09,2045.46,UPI
8198,2026-05-16,Lake Amanda,East,Monitor,Electronics,2,3155,20,5048.0,3512.26,1535.74,UPI
8199,2023-10-15,Scottberg,North,Camera,Electronics,5,4400,20,17600.0,9603.79,7996.21,UPI
8200,2025-05-05,Lake Herbert,South,Phone,Accessories,5,3811,10,17149.5,11329.46,5820.04,Net Banking
8201,2025-12-12,Port Tiffanymouth,West,Headphones,Accessories,3,3351,0,10053.0,6712.73,3340.27,Cash
8202,2024-11-02,Camposstad,North,Camera,Accessories,4,4162,15,14150.8,8478.86,5671.94,Card
8203,2025-04-23,New Madison,North,Phone,Electronics,3,1655,5,4716.75,2748.03,1968.72,UPI
8204,2026-06-25,South Rebeccamouth,West,Mouse,Accessories,4,1338,0,5352.0,4240.66,1111.34,Net Banking
8205,2026-02-20,Leeville,North,Monitor,Office,5,1750,0,8750.0,5474.94,3275.06,UPI
8206,2026-01-03,South Anthony,North,Camera,Electronics,4,2454,20,7852.8,4197.03,3655.77,Cash
8207,2024-10-31,West Theresa,West,Mouse,Office,3,2895,0,8685.0,5903.94,2781.06,Card
8208,2024-01-05,West Alison,West,Phone,Office,2,304,15,516.8,366.11,150.69,UPI
8209,2025-11-20,South Michaelstad,East,Headphones,Accessories,1,4022,10,3619.8,2658.85,960.95,Card
8210,2025-08-12,Leslieview,South,Laptop,Accessories,3,3451,15,8800.05,4715.1,4084.95,Cash
8211,2024-01-23,North Trevortown,West,Monitor,Electronics,4,1728,20,5529.6,2805.39,2724.21,Cash
8212,2025-12-21,Briannaville,East,Keyboard,Accessories,5,4721,20,18884.0,10596.46,8287.54,Cash
8213,2026-01-18,New Daniel,West,Speaker,Accessories,1,2031,5,1929.45,1095.79,833.66,Cash
8214,2024-12-24,Port Melissa,West,Speaker,Electronics,2,1192,5,2264.8,1257.01,1007.79,Cash
8215,2026-06-07,Williamsport,South,Camera,Accessories,3,1110,15,2830.5,1939.29,891.21,Net Banking
8216,2026-03-18,Port Melissa,West,Phone,Office,2,538,10,968.4,551.02,417.38,Cash
8217,2024-10-11,Richmondborough,West,Monitor,Accessories,2,3912,0,7824.0,5642.63,2181.37,Cash
8218,2026-06-30,Alisonstad,South,Printer,Accessories,3,3044,5,8675.4,6393.08,2282.32,UPI
8219,2024-02-03,Carloschester,West,Mouse,Office,2,2281,15,3877.7,2442.09,1435.61,Cash
8220,2024-06-13,Lake Theresa,East,Headphones,Accessories,3,2608,0,7824.0,4892.71,2931.29,Card
8221,2026-07-22,West Edwardside,South,Laptop,Office,2,4320,5,8208.0,5081.29,3126.71,UPI
8222,2025-03-11,South Alexander,North,Keyboard,Office,1,903,20,722.4,467.25,255.15,Card
8223,2024-12-04,North Antonioside,East,Tablet,Office,1,1446,0,1446.0,1024.39,421.61,Cash
8224,2025-05-19,South Davidbury,North,Tablet,Office,4,1446,5,5494.8,3632.48,1862.32,UPI
8225,2025-12-14,West Robertberg,North,Keyboard,Office,1,4565,15,3880.25,2021.45,1858.8,Net Banking
8226,2023-09-12,Youngstad,North,Monitor,Office,3,585,15,1491.75,1011.09,480.66,UPI
8227,2025-12-17,Shannonbury,West,Camera,Electronics,5,2642,0,13210.0,7779.23,5430.77,Cash
8228,2026-02-25,Port Melissaland,East,Speaker,Accessories,1,2029,0,2029.0,1326.52,702.48,Cash
8229,2024-07-31,Johnsontown,East,Monitor,Accessories,1,3277,5,3113.15,1727.06,1386.09,Card
8230,2023-12-03,Port Jessicaport,North,Headphones,Electronics,2,3560,15,6052.0,4524.86,1527.14,Cash
8231,2023-10-12,Benderfurt,South,Phone,Electronics,2,859,15,1460.3,1006.43,453.87,Card
8232,2026-03-08,West Markchester,East,Phone,Electronics,5,4801,0,24005.0,13787.59,10217.41,Card
8233,2024-02-24,Kevinfort,North,Mouse,Accessories,4,803,20,2569.6,1298.4,1271.2,Net Banking
8234,2024-03-10,Stephanietown,South,Laptop,Office,1,2826,15,2402.1,1302.36,1099.74,Cash
8235,2026-05-24,Robertstown,East,Mouse,Electronics,4,4824,15,16401.6,10188.56,6213.04,Cash
8236,2024-05-08,Johnsonhaven,East,Mouse,Accessories,4,2343,10,8434.8,5497.79,2937.01,Card
8237,2024-02-11,Hansenburgh,North,Laptop,Electronics,4,1801,5,6843.8,3872.79,2971.01,UPI
8238,2024-01-04,Port Sarahshire,West,Headphones,Electronics,3,3838,0,11514.0,7073.55,4440.45,Cash
8239,2025-11-14,Martinezland,North,Phone,Electronics,2,3098,5,5886.2,4258.44,1627.76,UPI
8240,2026-04-16,Port Josephhaven,North,Phone,Electronics,5,2460,0,12300.0,8924.96,3375.04,Cash
8241,2026-04-08,Deniseport,North,Printer,Accessories,2,522,15,887.4,620.41,266.99,Cash
8242,2024-10-19,Port Jamesshire,West,Keyboard,Accessories,1,2585,15,2197.25,1327.98,869.27,UPI
8243,2024-01-03,South Thomas,South,Camera,Electronics,4,404,10,1454.4,1061.94,392.46,Net Banking
8244,2023-08-03,Lake Briannamouth,South,Monitor,Accessories,3,764,10,2062.8,1177.45,885.35,Cash
8245,2025-05-14,Fieldsfurt,East,Camera,Accessories,4,1454,5,5525.2,3015.13,2510.07,Net Banking
8246,2025-11-03,South Christopher,North,Speaker,Electronics,1,561,20,448.8,289.96,158.84,Card
8247,2026-05-12,Lake Tara,North,Monitor,Electronics,4,983,20,3145.6,1786.48,1359.12,Cash
8248,2026-04-21,Garciaberg,East,Laptop,Electronics,1,4557,10,4101.3,2816.17,1285.13,Cash
8249,2026-02-12,Lisahaven,East,Tablet,Office,5,3390,10,15255.0,9617.05,5637.95,Cash
8250,2023-10-10,New Charlesborough,West,Speaker,Accessories,3,2329,20,5589.6,4234.63,1354.97,Net Banking
8251,2026-07-10,Lake Phillip,North,Headphones,Electronics,3,3119,15,7953.45,6157.65,1795.8,Cash
8252,2026-02-07,Jonesbury,East,Headphones,Electronics,1,471,0,471.0,342.15,128.85,UPI
8253,2024-09-13,Rodriguezton,West,Tablet,Electronics,3,307,0,921.0,559.23,361.77,Cash
8254,2024-06-20,Port Rebekah,North,Camera,Electronics,2,290,0,580.0,315.72,264.28,Card
8255,2026-06-03,Jessicafurt,South,Headphones,Electronics,1,4950,10,4455.0,2524.84,1930.16,Card
8256,2024-09-19,Port David,East,Camera,Accessories,3,793,20,1903.2,1264.23,638.97,Net Banking
8257,2025-10-05,Port Robertmouth,South,Camera,Electronics,2,2465,0,4930.0,3455.09,1474.91,Card
8258,2024-08-27,Port Morgan,North,Keyboard,Accessories,1,3843,5,3650.85,2170.85,1480.0,UPI
8259,2024-07-03,Troyview,West,Printer,Office,5,3742,15,15903.5,9163.87,6739.63,Cash
8260,2024-05-02,North Jennifer,East,Keyboard,Accessories,2,3077,5,5846.3,3486.04,2360.26,Cash
8261,2026-04-07,Davidview,East,Phone,Accessories,5,4773,10,21478.5,11511.98,9966.52,Card
8262,2024-08-01,West Amyville,West,Headphones,Accessories,4,542,10,1951.2,1116.03,835.17,Card
8263,2026-03-28,Stantonshire,West,Laptop,Accessories,1,4528,20,3622.4,2130.88,1491.52,Cash
8264,2026-03-11,Port Scott,East,Laptop,Office,1,2544,10,2289.6,1651.8,637.8,Net Banking
8265,2025-09-29,Jonesfurt,East,Camera,Office,5,1673,5,7946.75,5835.77,2110.98,UPI
8266,2023-10-02,Mannfurt,North,Tablet,Electronics,1,2773,10,2495.7,1964.47,531.23,Cash
8267,2023-11-02,Smithhaven,North,Monitor,Office,5,2461,10,11074.5,6439.43,4635.07,Card
8268,2025-11-02,South Michelle,North,Mouse,Accessories,5,3286,10,14787.0,8453.43,6333.57,Net Banking
8269,2025-11-14,Lake Lindsay,West,Printer,Electronics,5,604,20,2416.0,1608.65,807.35,Cash
8270,2026-06-09,North Heather,South,Mouse,Accessories,1,3011,0,3011.0,2249.92,761.08,UPI
8271,2024-04-10,East Billshire,West,Laptop,Electronics,2,3850,10,6930.0,4219.23,2710.77,Cash
8272,2025-12-03,East Kylemouth,South,Tablet,Office,2,4929,10,8872.2,4490.85,4381.35,Card
8273,2025-09-27,Port Adamchester,South,Phone,Electronics,4,4555,5,17309.0,10207.88,7101.12,UPI
8274,2023-11-02,Alexaland,North,Mouse,Accessories,3,2933,10,7919.1,5746.92,2172.18,UPI
8275,2023-09-28,East Mark,South,Laptop,Office,4,3044,5,11567.2,8930.26,2636.94,Net Banking
8276,2024-04-21,South Tonyaville,North,Tablet,Accessories,4,3680,5,13984.0,8292.09,5691.91,UPI
8277,2023-12-27,Foxmouth,South,Speaker,Electronics,3,2747,15,7004.85,4447.29,2557.56,Cash
8278,2024-10-18,Christopherberg,South,Keyboard,Electronics,3,2856,10,7711.2,4299.91,3411.29,UPI
8279,2024-06-15,North Edwardfort,North,Laptop,Office,5,1833,0,9165.0,6501.81,2663.19,UPI
8280,2026-07-28,Robbinsberg,West,Keyboard,Office,1,433,5,411.35,272.65,138.7,UPI
8281,2026-01-29,Lake Katrina,North,Speaker,Office,1,3754,15,3190.9,2344.51,846.39,Net Banking
8282,2023-08-29,Lake Audrey,West,Tablet,Accessories,5,3810,0,19050.0,13488.83,5561.17,Cash
8283,2023-11-05,West Scotttown,North,Speaker,Office,2,1707,0,3414.0,2151.03,1262.97,Card
8284,2026-06-14,Jonesborough,West,Headphones,Accessories,2,4461,0,8922.0,6237.82,2684.18,UPI
8285,2024-12-05,New Peggy,South,Speaker,Electronics,1,2307,0,2307.0,1402.61,904.39,Cash
8286,2024-01-08,Jamesfort,West,Keyboard,Office,4,4332,20,13862.4,9098.58,4763.82,Cash
8287,2023-10-10,Bakerchester,West,Headphones,Accessories,2,4954,10,8917.2,6641.02,2276.18,UPI
8288,2025-02-04,Freyside,East,Printer,Accessories,1,2854,5,2711.3,1897.49,813.81,Net Banking
8289,2024-01-03,West Nathan,South,Laptop,Electronics,2,245,0,490.0,275.06,214.94,UPI
8290,2024-01-14,Lake Amandabury,West,Laptop,Electronics,1,1211,15,1029.35,717.37,311.98,Net Banking
8291,2024-07-17,Lake Jennifer,East,Monitor,Accessories,2,4257,10,7662.6,4574.46,3088.14,UPI
8292,2024-06-24,South Melissa,West,Tablet,Electronics,3,879,20,2109.6,1113.01,996.59,Cash
8293,2025-05-14,Hansonport,East,Keyboard,Accessories,2,3263,15,5547.1,3004.12,2542.98,Net Banking
8294,2025-01-25,Port Barbara,North,Phone,Electronics,4,125,10,450.0,309.97,140.03,UPI
8295,2025-11-30,New Sharibury,North,Keyboard,Accessories,1,1563,15,1328.55,1020.41,308.14,Net Banking
8296,2026-07-26,Ethanview,West,Mouse,Electronics,3,4409,20,10581.6,6430.83,4150.77,Cash
8297,2025-09-18,Joditon,North,Camera,Accessories,2,4127,10,7428.6,5373.71,2054.89,UPI
8298,2025-07-24,East Michaelmouth,East,Tablet,Accessories,1,3071,5,2917.45,1845.4,1072.05,Net Banking
8299,2023-12-23,West Richard,East,Keyboard,Accessories,2,1806,15,3070.2,1717.39,1352.81,UPI
8300,2025-01-02,Lake Brianberg,North,Laptop,Electronics,5,595,0,2975.0,2165.77,809.23,Cash
8301,2025-08-20,East Patrickside,West,Camera,Accessories,2,281,0,562.0,416.49,145.51,UPI
8302,2024-03-18,North Ericshire,East,Camera,Office,4,3359,5,12764.2,7811.32,4952.88,Net Banking
8303,2024-09-05,Jacksonfort,East,Printer,Accessories,3,2543,0,7629.0,4036.83,3592.17,Card
8304,2024-01-03,South Veronica,West,Mouse,Office,1,4065,5,3861.75,3084.55,777.2,Card
8305,2026-03-18,Lake Shirleystad,East,Camera,Office,1,2198,0,2198.0,1533.79,664.21,UPI
8306,2025-12-28,Lake Cynthiafurt,North,Tablet,Office,2,3643,15,6193.1,3302.25,2890.85,Cash
8307,2025-12-07,Lake Miguel,North,Headphones,Accessories,5,4226,20,16904.0,11490.97,5413.03,Card
8308,2023-11-17,Penaside,East,Phone,Accessories,5,1139,15,4840.75,3698.07,1142.68,Cash
8309,2024-12-11,Williamport,South,Keyboard,Electronics,3,126,20,302.4,193.44,108.96,Net Banking
8310,2024-02-27,Lake Janetshire,East,Headphones,Office,1,1916,20,1532.8,840.67,692.13,Cash
8311,2025-03-25,West Bryanport,West,Keyboard,Accessories,2,4165,0,8330.0,4895.13,3434.87,Cash
8312,2024-12-03,Shawnland,East,Tablet,Accessories,3,3293,5,9385.05,6961.67,2423.38,Net Banking
8313,2024-07-22,Port Kathleentown,North,Keyboard,Electronics,3,4763,15,12145.65,9174.81,2970.84,UPI
8314,2024-08-16,West Max,South,Phone,Office,1,676,10,608.4,327.4,281.0,UPI
8315,2024-02-05,South Krista,North,Headphones,Electronics,3,4891,10,13205.7,10317.61,2888.09,Net Banking
8316,2024-04-07,Hutchinsonport,South,Keyboard,Electronics,5,4415,15,18763.75,11544.61,7219.14,Card
8317,2024-01-06,Port Patricia,East,Headphones,Electronics,3,928,0,2784.0,1597.79,1186.21,Cash
8318,2026-07-27,Seantown,North,Keyboard,Electronics,3,4813,10,12995.1,7907.25,5087.85,Net Banking
8319,2024-08-22,North Jasontown,North,Keyboard,Electronics,4,4571,0,18284.0,9448.75,8835.25,Cash
8320,2024-06-18,New Cynthia,North,Mouse,Electronics,4,541,15,1839.4,1023.45,815.95,Cash
8321,2024-08-23,Andreachester,East,Monitor,Office,2,1925,15,3272.5,1987.81,1284.69,Cash
8322,2026-05-04,Port Dustinport,South,Keyboard,Electronics,3,1103,15,2812.65,2047.34,765.31,UPI
8323,2025-06-15,New Jamesmouth,West,Tablet,Accessories,4,2874,10,10346.4,7783.67,2562.73,Net Banking
8324,2023-09-05,Jamietown,North,Tablet,Accessories,5,840,10,3780.0,2725.38,1054.62,Cash
8325,2025-11-23,New Devinshire,West,Mouse,Electronics,3,861,15,2195.55,1193.31,1002.24,UPI
8326,2023-08-04,Ariastown,West,Phone,Accessories,2,3656,0,7312.0,5609.7,1702.3,Net Banking
8327,2025-07-19,Port Gregory,East,Monitor,Electronics,2,1521,5,2889.9,1971.49,918.41,UPI
8328,2023-09-26,South Stephanie,East,Mouse,Electronics,5,3421,10,15394.5,8072.92,7321.58,UPI
8329,2026-02-07,North Natashatown,East,Keyboard,Office,3,2296,0,6888.0,3501.65,3386.35,UPI
8330,2025-12-05,Stoneburgh,West,Speaker,Accessories,5,2338,5,11105.5,5616.08,5489.42,UPI
8331,2025-03-07,Jessicafurt,West,Speaker,Office,5,4943,0,24715.0,18737.84,5977.16,Net Banking
8332,2026-03-21,West Danielle,North,Printer,Accessories,3,4819,0,14457.0,8209.38,6247.62,UPI
8333,2026-04-27,Barkerfurt,East,Camera,Accessories,5,3862,20,15448.0,11158.55,4289.45,UPI
8334,2026-01-05,Patriciastad,East,Tablet,Accessories,4,4081,0,16324.0,10236.49,6087.51,UPI
8335,2025-05-16,Ericahaven,East,Phone,Office,5,4408,15,18734.0,11786.0,6948.0,Net Banking
8336,2024-08-28,New Mary,East,Headphones,Office,5,1557,0,7785.0,4362.65,3422.35,Cash
8337,2026-07-01,Rogersview,East,Mouse,Office,4,2548,0,10192.0,5297.76,4894.24,UPI
8338,2025-10-22,Kramerstad,East,Phone,Electronics,3,248,15,632.4,413.75,218.65,UPI
8339,2024-09-26,Johnsonport,West,Keyboard,Accessories,1,3217,15,2734.45,2174.58,559.87,UPI
8340,2026-04-20,East Waynehaven,West,Tablet,Accessories,5,2724,0,13620.0,9660.75,3959.25,Cash
8341,2023-08-19,Palmertown,East,Laptop,Electronics,4,920,15,3128.0,2100.15,1027.85,Card
8342,2025-12-26,Port Thomasland,West,Printer,Electronics,1,1744,10,1569.6,1238.81,330.79,Net Banking
8343,2023-09-25,South Lynn,South,Speaker,Accessories,5,2918,15,12401.5,6554.52,5846.98,Net Banking
8344,2026-03-04,East Dianamouth,East,Monitor,Electronics,1,472,0,472.0,295.82,176.18,Card
8345,2025-05-13,Brianton,West,Printer,Office,2,2319,0,4638.0,2561.31,2076.69,Card
8346,2025-08-25,Danieltown,East,Camera,Accessories,1,1763,20,1410.4,753.98,656.42,UPI
8347,2026-07-21,East Dawn,South,Tablet,Electronics,3,121,20,290.4,179.71,110.69,Card
8348,2024-09-18,North Mary,East,Keyboard,Accessories,2,2963,20,4740.8,3485.25,1255.55,Net Banking
8349,2025-08-07,Lake Ruthland,East,Keyboard,Electronics,2,1073,0,2146.0,1539.28,606.72,Net Banking
8350,2026-01-14,New Carolyn,North,Tablet,Accessories,2,3699,5,7028.1,5195.19,1832.91,Net Banking
8351,2024-04-25,Port Caitlinstad,East,Speaker,Accessories,3,2346,20,5630.4,3908.9,1721.5,Card
8352,2025-02-03,Debraport,South,Camera,Accessories,1,2070,15,1759.5,1050.59,708.91,Cash
8353,2025-08-08,Paulside,West,Printer,Electronics,1,4250,20,3400.0,1907.82,1492.18,Cash
8354,2024-03-16,Paulberg,North,Mouse,Office,5,1107,15,4704.75,3655.33,1049.42,Net Banking
8355,2026-01-10,Wumouth,West,Speaker,Electronics,4,1320,20,4224.0,2490.34,1733.66,UPI
8356,2023-12-03,Cervantesstad,North,Laptop,Accessories,4,1838,15,6249.2,4425.27,1823.93,Net Banking
8357,2023-10-15,Jayfort,South,Keyboard,Office,2,112,5,212.8,150.63,62.17,Net Banking
8358,2025-12-27,Victorberg,West,Camera,Electronics,5,4099,0,20495.0,14963.84,5531.16,UPI
8359,2026-01-14,Whitneyland,East,Mouse,Electronics,3,1477,10,3987.9,2814.8,1173.1,UPI
8360,2023-10-22,Mitchellburgh,South,Phone,Electronics,1,1134,20,907.2,609.69,297.51,Card
8361,2026-05-31,Kimberlyburgh,North,Speaker,Electronics,4,3964,10,14270.4,10632.25,3638.15,Cash
8362,2024-05-26,Michaelfort,South,Phone,Office,3,1304,15,3325.2,1686.5,1638.7,UPI
8363,2026-05-02,South Jessica,South,Laptop,Accessories,5,596,5,2831.0,2074.88,756.12,UPI
8364,2023-11-18,West Katrina,North,Monitor,Office,3,4533,20,10879.2,7535.53,3343.67,Cash
8365,2025-02-12,South Bradmouth,West,Monitor,Office,3,304,20,729.6,393.7,335.9,Net Banking
8366,2024-08-30,North Michael,West,Mouse,Office,5,3120,20,12480.0,6602.48,5877.52,Cash
8367,2025-05-31,South Hectorborough,South,Headphones,Electronics,4,3699,10,13316.4,8842.46,4473.94,Card
8368,2024-09-05,East Stephenberg,East,Laptop,Accessories,5,3365,10,15142.5,8321.18,6821.32,Net Banking
8369,2024-11-27,North Heather,West,Mouse,Electronics,3,3882,0,11646.0,9078.05,2567.95,Net Banking
8370,2025-09-02,Willieborough,East,Laptop,Accessories,3,4558,20,10939.2,8416.19,2523.01,Net Banking
8371,2025-06-27,Petersfort,North,Phone,Accessories,1,1329,10,1196.1,721.83,474.27,UPI
8372,2025-08-06,South Ellen,North,Printer,Electronics,1,1385,10,1246.5,886.46,360.04,UPI
8373,2025-02-15,Lake Shannon,North,Laptop,Office,4,532,15,1808.8,1119.95,688.85,Net Banking
8374,2024-06-24,Alexanderside,North,Tablet,Office,5,1435,15,6098.75,4391.97,1706.78,Cash
8375,2024-11-11,East Natasha,West,Keyboard,Electronics,4,1579,0,6316.0,3454.49,2861.51,Cash
8376,2025-08-22,North Eric,East,Keyboard,Electronics,1,384,20,307.2,165.65,141.55,Cash
8377,2024-12-10,Port Carol,West,Mouse,Electronics,3,134,10,361.8,267.45,94.35,Net Banking
8378,2024-10-11,South Deannabury,West,Headphones,Accessories,1,4126,5,3919.7,2861.76,1057.94,Card
8379,2025-03-16,Douglasland,North,Tablet,Electronics,1,4399,20,3519.2,2360.75,1158.45,Cash
8380,2026-02-01,Nicholsonmouth,West,Mouse,Accessories,3,3289,5,9373.65,4735.56,4638.09,Cash
8381,2025-11-11,Conleychester,West,Camera,Electronics,4,700,20,2240.0,1539.75,700.25,Cash
8382,2024-10-28,Amymouth,North,Phone,Accessories,2,706,10,1270.8,690.52,580.28,UPI
8383,2026-06-25,Lake Mark,West,Tablet,Accessories,4,4673,0,18692.0,14187.91,4504.09,Card
8384,2025-06-02,New Stephaniestad,South,Speaker,Accessories,5,181,15,769.25,397.85,371.4,Card
8385,2024-09-16,Andreachester,South,Mouse,Accessories,4,1038,5,3944.4,2832.72,1111.68,UPI
8386,2023-11-23,Evelynstad,South,Monitor,Office,4,2535,20,8112.0,4381.37,3730.63,Net Banking
8387,2024-02-02,Moorebury,North,Mouse,Office,1,3550,10,3195.0,1645.0,1550.0,Cash
8388,2024-01-11,Lake Larry,East,Monitor,Accessories,2,2259,0,4518.0,2619.66,1898.34,Cash
8389,2024-08-29,Michellebury,North,Printer,Electronics,4,3332,5,12661.6,8623.25,4038.35,UPI
8390,2026-07-31,Bryanfort,East,Camera,Accessories,2,465,15,790.5,444.42,346.08,Net Banking
8391,2024-03-14,Perryview,West,Camera,Accessories,5,2337,20,9348.0,5985.27,3362.73,Net Banking
8392,2024-09-26,Port Lisa,West,Camera,Accessories,3,3202,15,8165.1,5297.6,2867.5,UPI
8393,2026-06-06,Braytown,East,Laptop,Electronics,2,2579,20,4126.4,2190.94,1935.46,Card
8394,2025-06-10,East Theresatown,East,Monitor,Electronics,3,1261,5,3593.85,1916.18,1677.67,Card
8395,2026-05-06,South Brian,West,Phone,Electronics,3,2450,5,6982.5,3742.61,3239.89,UPI
8396,2024-02-08,Andersonfort,North,Laptop,Accessories,3,4787,20,11488.8,6404.95,5083.85,UPI
8397,2025-10-14,South Brandon,North,Mouse,Accessories,5,4692,5,22287.0,13968.17,8318.83,UPI
8398,2024-01-26,Edwardbury,South,Camera,Accessories,3,4977,0,14931.0,9870.57,5060.43,Cash
8399,2024-04-24,Richardborough,North,Monitor,Accessories,2,3846,20,6153.6,4464.58,1689.02,Card
8400,2023-09-04,Codyfurt,West,Monitor,Electronics,3,847,0,2541.0,1684.37,856.63,Cash
8401,2024-05-31,Lake Robert,East,Phone,Electronics,1,1833,10,1649.7,959.66,690.04,Net Banking
8402,2023-12-11,Port Garrett,East,Headphones,Office,3,406,5,1157.1,830.31,326.79,Card
8403,2023-08-14,North Carol,North,Keyboard,Electronics,1,4695,10,4225.5,2855.22,1370.28,Card
8404,2025-10-01,Lake Vincent,East,Speaker,Office,1,3048,10,2743.2,2120.84,622.36,Cash
8405,2024-03-17,North Adam,West,Phone,Accessories,5,1516,10,6822.0,3554.48,3267.52,Net Banking
8406,2025-06-09,Victoriachester,North,Phone,Office,3,2743,5,7817.55,4797.81,3019.74,UPI
8407,2024-12-11,New Mitchell,North,Keyboard,Electronics,1,3953,0,3953.0,2219.16,1733.84,Cash
8408,2023-11-02,Baxterville,East,Mouse,Office,2,4501,5,8551.9,5294.26,3257.64,UPI
8409,2025-09-04,North Kenneth,West,Monitor,Electronics,4,4847,5,18418.6,13758.06,4660.54,Cash
8410,2023-09-27,New Brittneyfort,East,Tablet,Office,5,1088,0,5440.0,2882.39,2557.61,Net Banking
8411,2025-09-21,Hallland,South,Camera,Electronics,2,3207,0,6414.0,3434.47,2979.53,Card
8412,2025-03-11,Rowefurt,East,Monitor,Electronics,1,3171,5,3012.45,1998.82,1013.63,Card
8413,2024-06-10,East Kelly,West,Keyboard,Electronics,3,2768,20,6643.2,4515.07,2128.13,Card
8414,2025-08-11,East Valeriehaven,North,Headphones,Accessories,1,1343,0,1343.0,753.25,589.75,Card
8415,2024-02-11,North Kimberlyborough,South,Speaker,Electronics,3,3222,15,8216.1,5826.38,2389.72,Card
8416,2024-08-20,East Ricky,East,Mouse,Electronics,4,1560,0,6240.0,3746.4,2493.6,Net Banking
8417,2023-11-16,North Michele,North,Headphones,Electronics,1,729,10,656.1,410.54,245.56,Cash
8418,2026-01-06,Carlsontown,East,Camera,Accessories,5,2354,20,9416.0,6283.92,3132.08,Card
8419,2026-07-03,Lake Nicholas,North,Camera,Accessories,5,1739,15,7390.75,5707.56,1683.19,UPI
8420,2025-06-01,Port Nicholasview,South,Tablet,Office,2,1647,10,2964.6,1691.81,1272.79,Cash
8421,2025-12-14,Port Racheltown,North,Laptop,Accessories,1,3729,10,3356.1,1789.86,1566.24,Cash
8422,2023-10-24,Dawnstad,East,Mouse,Office,4,3110,20,9952.0,5399.83,4552.17,Card
8423,2026-01-20,Jordanview,West,Phone,Electronics,5,3588,20,14352.0,10388.15,3963.85,Card
8424,2025-10-14,East Brandy,East,Laptop,Accessories,3,4369,15,11140.95,7608.52,3532.43,Card
8425,2023-09-29,Hendersonborough,South,Speaker,Accessories,1,4985,0,4985.0,3212.19,1772.81,Cash
8426,2026-03-22,Roblestown,West,Keyboard,Electronics,4,2134,15,7255.6,4555.24,2700.36,Card
8427,2025-03-26,South Lisatown,West,Keyboard,Electronics,5,3412,5,16207.0,11457.62,4749.38,Net Banking
8428,2026-06-12,Swansonport,North,Headphones,Electronics,3,2621,15,6683.55,3388.11,3295.44,Cash
8429,2024-12-06,West Yolanda,South,Speaker,Electronics,2,3037,20,4859.2,3632.17,1227.03,Cash
8430,2023-08-02,Castilloton,South,Printer,Office,2,3744,5,7113.6,4648.9,2464.7,UPI
8431,2024-04-08,South Walter,West,Laptop,Accessories,3,3513,10,9485.1,6857.22,2627.88,UPI
8432,2025-11-15,Ericborough,West,Camera,Electronics,2,4648,15,7901.6,4618.32,3283.28,Net Banking
8433,2026-03-15,West Toddport,East,Camera,Office,3,4547,0,13641.0,7662.02,5978.98,Card
8434,2024-04-29,South Darlenemouth,East,Headphones,Electronics,5,4924,5,23389.0,13575.94,9813.06,Cash
8435,2024-06-20,Port Jenniferhaven,South,Speaker,Electronics,1,3425,20,2740.0,1795.01,944.99,Card
8436,2026-04-07,Lake Marcus,South,Tablet,Electronics,5,3289,0,16445.0,10156.55,6288.45,Card
8437,2025-05-23,Petershire,East,Camera,Office,2,998,20,1596.8,864.18,732.62,Net Banking
8438,2025-05-14,East Kelly,West,Laptop,Electronics,3,3007,10,8118.9,6019.39,2099.51,UPI
8439,2024-07-03,Port Pedro,West,Monitor,Office,5,3470,20,13880.0,10673.67,3206.33,Card
8440,2023-10-17,Batesmouth,North,Headphones,Office,4,4994,20,15980.8,12195.16,3785.64,Net Banking
8441,2023-09-22,Mathewborough,South,Camera,Accessories,3,2739,10,7395.3,4850.63,2544.67,UPI
8442,2023-11-15,East Stephen,North,Speaker,Office,5,2947,20,11788.0,6179.24,5608.76,Cash
8443,2023-12-30,Millertown,West,Camera,Electronics,1,1962,15,1667.7,982.69,685.01,UPI
8444,2025-08-13,West Michaelland,East,Laptop,Office,1,4543,20,3634.4,2904.68,729.72,UPI
8445,2024-04-07,Michaelchester,South,Phone,Office,3,3763,0,11289.0,7529.51,3759.49,Net Banking
8446,2024-11-14,Lloydfort,South,Printer,Accessories,1,3964,5,3765.8,2281.56,1484.24,Cash
8447,2025-03-07,North Eric,North,Mouse,Accessories,2,3722,0,7444.0,5149.3,2294.7,Cash
8448,2025-11-16,New Angelastad,East,Phone,Electronics,5,849,5,4032.75,3137.0,895.75,UPI
8449,2025-11-06,Hunterville,East,Tablet,Office,4,2605,10,9378.0,6970.1,2407.9,Card
8450,2024-08-01,South Ryanbury,South,Camera,Electronics,4,2900,0,11600.0,8765.99,2834.01,Cash
8451,2025-08-12,Coltonborough,West,Phone,Office,4,445,5,1691.0,943.33,747.67,Card
8452,2026-06-11,Charlesport,South,Phone,Office,3,285,15,726.75,534.77,191.98,Card
8453,2025-02-11,Jonathanmouth,South,Speaker,Office,1,1894,10,1704.6,1115.34,589.26,Net Banking
8454,2025-08-07,Thompsonchester,West,Headphones,Office,5,2811,0,14055.0,9652.05,4402.95,Cash
8455,2023-10-19,New Taylor,East,Printer,Office,3,1327,10,3582.9,1825.09,1757.81,Net Banking
8456,2024-12-27,New Johnfurt,East,Monitor,Electronics,2,2008,10,3614.4,2452.75,1161.65,Card
8457,2025-07-02,Morrischester,North,Headphones,Accessories,5,1376,20,5504.0,3476.67,2027.33,Cash
8458,2024-10-19,Sandraside,East,Headphones,Electronics,3,4690,10,12663.0,9800.88,2862.12,UPI
8459,2024-11-15,Christopherland,West,Headphones,Office,3,2511,20,6026.4,4324.13,1702.27,UPI
8460,2025-05-30,New Christinaland,South,Keyboard,Office,2,4228,20,6764.8,4198.51,2566.29,Cash
8461,2023-09-27,South Miranda,West,Keyboard,Electronics,2,3835,0,7670.0,5776.66,1893.34,Card
8462,2023-10-11,Thomasshire,East,Monitor,Accessories,1,128,0,128.0,80.91,47.09,Net Banking
8463,2024-03-13,Glennmouth,North,Tablet,Accessories,2,1186,20,1897.6,1451.98,445.62,Card
8464,2025-11-15,South Valerieton,West,Mouse,Office,1,2950,15,2507.5,1731.66,775.84,Net Banking
8465,2026-03-16,North Tarabury,North,Keyboard,Office,2,4169,10,7504.2,5590.43,1913.77,UPI
8466,2025-06-13,Charlesshire,West,Laptop,Electronics,2,3490,15,5933.0,3399.62,2533.38,Net Banking
8467,2024-06-04,East Eric,East,Printer,Accessories,5,3827,0,19135.0,13475.83,5659.17,UPI
8468,2024-02-11,Hoffmanshire,West,Monitor,Office,3,1954,0,5862.0,3865.57,1996.43,Cash
8469,2025-02-17,New Valerie,West,Tablet,Office,2,1626,20,2601.6,1702.15,899.45,UPI
8470,2024-05-31,Lake Jeremyville,West,Laptop,Electronics,4,1385,15,4709.0,2739.68,1969.32,Card
8471,2024-07-14,South Beverly,South,Printer,Accessories,3,836,0,2508.0,1827.75,680.25,UPI
8472,2024-09-11,Langbury,East,Speaker,Accessories,2,3155,0,6310.0,4057.56,2252.44,Cash
8473,2024-07-15,Lake Meganview,North,Tablet,Accessories,3,223,0,669.0,455.69,213.31,Cash
8474,2025-07-03,North Travis,East,Keyboard,Accessories,1,3972,0,3972.0,2748.79,1223.21,Net Banking
8475,2025-05-10,North Christinechester,East,Monitor,Electronics,1,894,10,804.6,606.45,198.15,Cash
8476,2024-06-29,Marquezmouth,South,Laptop,Electronics,1,1226,15,1042.1,696.17,345.93,Cash
8477,2025-02-23,North Lonnieburgh,North,Printer,Office,5,622,0,3110.0,1768.75,1341.25,Card
8478,2025-07-07,Teresamouth,West,Speaker,Accessories,5,2973,5,14121.75,7532.18,6589.57,UPI
8479,2025-06-24,Lake Manuelland,South,Mouse,Accessories,3,1143,5,3257.55,2493.61,763.94,UPI
8480,2024-09-16,South Katelynfort,West,Phone,Office,5,4726,15,20085.5,10218.42,9867.08,Card
8481,2024-03-08,South Carolmouth,North,Printer,Electronics,4,3240,15,11016.0,8177.58,2838.42,Net Banking
8482,2024-12-18,West Sandraberg,North,Tablet,Accessories,1,3606,0,3606.0,2808.6,797.4,UPI
8483,2024-03-18,Port Arielhaven,South,Printer,Office,3,882,0,2646.0,1751.96,894.04,Cash
8484,2025-06-28,Fritzville,North,Camera,Office,1,896,10,806.4,578.63,227.77,UPI
8485,2023-12-19,Lake Paul,South,Monitor,Electronics,3,1755,20,4212.0,3360.3,851.7,UPI
8486,2025-07-08,Heathton,West,Phone,Accessories,4,1657,5,6296.6,4780.77,1515.83,Cash
8487,2026-03-04,Lake James,North,Phone,Electronics,2,1370,10,2466.0,1714.66,751.34,Cash
8488,2023-09-23,Sanchezstad,North,Headphones,Accessories,1,2504,20,2003.2,1496.57,506.63,Card
8489,2023-11-29,Ginashire,East,Headphones,Accessories,4,3130,20,10016.0,7098.24,2917.76,Card
8490,2024-08-08,Michaelmouth,East,Tablet,Electronics,5,1776,20,7104.0,4425.75,2678.25,Net Banking
8491,2024-06-18,Lake Alexander,East,Camera,Electronics,5,2298,10,10341.0,7514.0,2827.0,Card
8492,2024-04-15,West Stanleyfort,West,Monitor,Office,1,3170,15,2694.5,1806.08,888.42,UPI
8493,2024-08-12,Port Sarafurt,East,Speaker,Accessories,2,2099,20,3358.4,2432.22,926.18,Card
8494,2025-12-28,Rosetown,West,Printer,Accessories,1,3892,20,3113.6,1845.37,1268.23,Cash
8495,2026-07-11,West Nicholasland,South,Laptop,Accessories,5,607,5,2883.25,2141.45,741.8,Net Banking
8496,2025-06-06,Jeremyville,North,Headphones,Office,1,2636,15,2240.6,1674.3,566.3,Net Banking
8497,2025-04-11,Rebeccaberg,West,Tablet,Office,1,714,0,714.0,465.74,248.26,UPI
8498,2026-05-17,Stephanieton,North,Keyboard,Accessories,1,4283,0,4283.0,3150.26,1132.74,UPI
8499,2026-04-09,Julieport,North,Printer,Office,1,1007,0,1007.0,589.56,417.44,Cash
8500,2026-05-21,South Lori,South,Headphones,Accessories,3,2172,10,5864.4,3488.01,2376.39,Net Banking
8501,2026-03-03,New Kaylaland,North,Speaker,Office,4,1196,0,4784.0,3788.79,995.21,Cash
8502,2024-09-20,Richardmouth,East,Headphones,Accessories,1,808,0,808.0,541.75,266.25,Cash
8503,2024-07-28,Lake Richard,East,Phone,Accessories,5,1187,0,5935.0,3691.45,2243.55,Net Banking
8504,2024-08-04,Fosterland,West,Tablet,Accessories,2,189,0,378.0,189.78,188.22,UPI
8505,2024-09-08,Whitefort,South,Headphones,Electronics,3,2065,15,5265.75,4049.19,1216.56,Cash
8506,2023-11-27,East Katherineshire,South,Phone,Accessories,3,3619,20,8685.6,6856.28,1829.32,Card
8507,2024-02-08,Charlesland,North,Camera,Electronics,3,2453,20,5887.2,3930.08,1957.12,Card
8508,2026-01-26,Davidland,North,Keyboard,Accessories,4,3509,0,14036.0,9506.02,4529.98,Net Banking
8509,2024-06-22,West Jessica,South,Monitor,Office,4,2123,0,8492.0,4494.16,3997.84,Card
8510,2024-08-02,New Amberchester,East,Printer,Accessories,4,2708,20,8665.6,4902.87,3762.73,UPI
8511,2025-05-22,Michaelburgh,North,Laptop,Accessories,3,657,10,1773.9,1192.74,581.16,Cash
8512,2025-01-31,Katieshire,West,Speaker,Office,4,3974,5,15101.2,8580.41,6520.79,UPI
8513,2026-03-26,Lake Brian,North,Camera,Accessories,1,4399,20,3519.2,1912.1,1607.1,UPI
8514,2023-09-09,Lake Sharon,West,Laptop,Accessories,3,4834,10,13051.8,10018.66,3033.14,Card
8515,2026-01-09,East Maryhaven,West,Speaker,Office,3,1929,15,4918.95,3800.78,1118.17,Net Banking
8516,2025-12-21,Murrayshire,East,Speaker,Accessories,4,2144,5,8147.2,6126.84,2020.36,Net Banking
8517,2024-12-05,Jasonbury,West,Keyboard,Accessories,1,4080,0,4080.0,2255.44,1824.56,Card
8518,2025-11-15,Stewartside,North,Headphones,Electronics,2,4604,0,9208.0,5600.59,3607.41,Net Banking
8519,2024-01-10,East Brian,West,Printer,Office,4,1573,20,5033.6,3097.34,1936.26,Card
8520,2024-03-28,West Lisa,North,Mouse,Electronics,4,1974,10,7106.4,3913.73,3192.67,Net Banking
8521,2026-02-28,Roberttown,North,Tablet,Office,5,2759,10,12415.5,7290.12,5125.38,Cash
8522,2026-05-14,Richardstown,North,Keyboard,Electronics,5,2059,5,9780.25,5096.44,4683.81,UPI
8523,2023-10-19,South Maurice,East,Keyboard,Accessories,3,2535,5,7224.75,3818.17,3406.58,Cash
8524,2024-03-25,Manuelland,East,Mouse,Accessories,4,2162,10,7783.2,5638.32,2144.88,Card
8525,2025-12-10,North Jonathan,East,Phone,Accessories,3,303,10,818.1,577.17,240.93,Card
8526,2023-11-30,Longside,East,Phone,Accessories,1,3579,15,3042.15,2221.97,820.18,UPI
8527,2023-08-26,North Ashleyberg,North,Mouse,Accessories,1,611,5,580.45,328.35,252.1,Cash
8528,2024-12-08,Ronaldland,North,Tablet,Office,2,1056,5,2006.4,1453.76,552.64,Net Banking
8529,2025-01-05,Markland,East,Tablet,Office,1,3171,20,2536.8,1288.3,1248.5,UPI
8530,2024-01-10,South Alan,West,Laptop,Office,2,4680,20,7488.0,3961.44,3526.56,UPI
8531,2025-05-20,Breannaland,North,Camera,Accessories,4,1252,10,4507.2,2456.92,2050.28,Card
8532,2023-10-05,Lake Jasmineland,South,Headphones,Accessories,1,4699,15,3994.15,3041.05,953.1,Net Banking
8533,2025-11-06,Lake Jose,East,Printer,Office,4,3745,5,14231.0,8306.12,5924.88,Net Banking
8534,2024-07-19,Christianmouth,North,Printer,Accessories,1,831,10,747.9,534.27,213.63,Cash
8535,2024-10-01,Matthewfurt,West,Monitor,Electronics,3,4813,0,14439.0,10303.26,4135.74,Net Banking
8536,2024-05-23,Aliciashire,South,Camera,Electronics,4,4888,5,18574.4,14631.8,3942.6,Cash
8537,2024-03-11,Guychester,West,Camera,Electronics,2,3424,0,6848.0,4416.52,2431.48,Net Banking
8538,2025-01-18,Staceyshire,North,Phone,Accessories,5,2068,15,8789.0,4764.48,4024.52,Cash
8539,2024-08-19,East Barbara,South,Keyboard,Electronics,5,2680,10,12060.0,7703.7,4356.3,Cash
8540,2025-12-15,New Louis,South,Mouse,Office,5,850,20,3400.0,2418.72,981.28,UPI
8541,2026-03-22,Susanport,South,Tablet,Electronics,2,248,0,496.0,293.19,202.81,Cash
8542,2025-09-08,New David,South,Speaker,Office,4,4745,0,18980.0,13294.75,5685.25,Card
8543,2024-07-08,Singhchester,North,Printer,Accessories,1,2914,20,2331.2,1716.75,614.45,Net Banking
8544,2025-11-12,Port Meghan,West,Tablet,Electronics,2,2411,0,4822.0,2817.13,2004.87,UPI
8545,2025-08-24,East Ariana,North,Speaker,Accessories,1,386,15,328.1,259.42,68.68,UPI
8546,2023-10-24,Lake Sharonton,South,Speaker,Office,4,850,20,2720.0,1859.69,860.31,Net Banking
8547,2026-04-15,New Destinyshire,North,Mouse,Accessories,3,1680,15,4284.0,3415.49,868.51,UPI
8548,2026-05-22,East Melissabury,East,Laptop,Electronics,1,4633,0,4633.0,3096.83,1536.17,Net Banking
8549,2024-03-02,New Patrick,South,Monitor,Electronics,3,1761,15,4490.55,3115.75,1374.8,Cash
8550,2024-10-10,Port Kimbury,North,Headphones,Accessories,2,3271,0,6542.0,5163.23,1378.77,UPI
8551,2024-09-18,Feliciaside,South,Keyboard,Office,3,1410,0,4230.0,2312.41,1917.59,Net Banking
8552,2025-02-09,North Michelle,North,Keyboard,Office,2,240,0,480.0,338.33,141.67,Card
8553,2023-11-16,Lucaston,East,Camera,Electronics,5,4928,15,20944.0,14254.97,6689.03,Net Banking
8554,2025-10-06,Fisherview,East,Phone,Electronics,4,3110,15,10574.0,8300.53,2273.47,Cash
8555,2025-07-26,Sandrastad,East,Speaker,Accessories,3,1229,0,3687.0,2373.06,1313.94,UPI
8556,2025-06-26,Veronicaville,East,Phone,Electronics,2,4157,15,7066.9,4089.31,2977.59,Card
8557,2025-03-21,Jonestown,East,Monitor,Accessories,1,4959,20,3967.2,3012.48,954.72,Card
8558,2025-08-01,Lake Andrewstad,East,Headphones,Electronics,2,3167,10,5700.6,3346.86,2353.74,Cash
8559,2024-10-27,Jennaland,West,Keyboard,Electronics,1,2223,0,2223.0,1706.85,516.15,Cash
8560,2026-02-18,West Margaret,South,Keyboard,Office,3,4424,15,11281.2,8540.2,2741.0,Card
8561,2024-10-19,Williamsonfort,South,Phone,Electronics,2,188,10,338.4,212.61,125.79,UPI
8562,2024-02-08,Villafurt,West,Camera,Office,2,4135,5,7856.5,6148.34,1708.16,UPI
8563,2024-06-11,South Anthony,East,Headphones,Office,5,1577,0,7885.0,6178.5,1706.5,Card
8564,2024-02-22,Armstrongfort,North,Speaker,Office,1,1060,0,1060.0,563.02,496.98,Card
8565,2024-12-06,Port Mikefort,South,Keyboard,Electronics,1,4256,15,3617.6,2443.42,1174.18,UPI
8566,2024-09-15,North Sandra,North,Speaker,Office,5,617,5,2930.75,1919.29,1011.46,Net Banking
8567,2025-01-10,East Nancy,South,Printer,Office,1,1424,0,1424.0,1078.72,345.28,Net Banking
8568,2025-11-03,Sotostad,South,Keyboard,Accessories,5,1068,20,4272.0,2288.77,1983.23,Net Banking
8569,2026-06-01,Port Jameshaven,East,Printer,Office,2,4542,5,8629.8,6601.21,2028.59,UPI
8570,2026-02-01,South Jessica,West,Camera,Office,3,4546,20,10910.4,8698.89,2211.51,Net Banking
8571,2023-09-29,Port Paulmouth,West,Speaker,Electronics,5,396,15,1683.0,1047.43,635.57,Card
8572,2026-06-11,Port Jesseborough,South,Keyboard,Office,3,2424,15,6181.2,3575.08,2606.12,Cash
8573,2024-09-10,Leehaven,East,Laptop,Office,5,4438,15,18861.5,10968.67,7892.83,Card
8574,2024-05-29,Port Melissa,West,Monitor,Accessories,4,339,5,1288.2,867.01,421.19,Card
8575,2026-05-06,Walkerberg,North,Phone,Accessories,2,2259,20,3614.4,2439.19,1175.21,Net Banking
8576,2023-10-26,Port Linda,South,Tablet,Electronics,4,4530,20,14496.0,9640.21,4855.79,UPI
8577,2025-08-22,Montgomeryport,West,Tablet,Office,3,3308,10,8931.6,6514.61,2416.99,UPI
8578,2026-01-30,Garciaborough,East,Monitor,Accessories,3,542,5,1544.7,1159.25,385.45,Cash
8579,2025-10-11,Kaisermouth,South,Headphones,Accessories,2,3551,15,6036.7,4044.62,1992.08,Card
8580,2025-04-24,East Logan,North,Printer,Office,2,2234,10,4021.2,2833.79,1187.41,UPI
8581,2023-10-03,Roseview,West,Tablet,Electronics,1,3982,10,3583.8,2846.03,737.77,Cash
8582,2025-12-28,Lake Jorge,East,Speaker,Electronics,3,3572,15,9108.6,5573.99,3534.61,Cash
8583,2025-05-25,Lake Dana,West,Phone,Electronics,4,1106,0,4424.0,2853.56,1570.44,Cash
8584,2025-08-06,Jamieville,East,Speaker,Accessories,1,1540,5,1463.0,1020.61,442.39,UPI
8585,2024-11-01,Lake Troy,East,Headphones,Electronics,4,2973,20,9513.6,5712.17,3801.43,Cash
8586,2026-06-30,Jamesstad,West,Laptop,Office,1,4978,10,4480.2,2628.13,1852.07,Cash
8587,2025-12-05,Jeremymouth,West,Phone,Office,5,4311,10,19399.5,12806.5,6593.0,UPI
8588,2024-08-18,Port Nicole,East,Camera,Accessories,4,2428,10,8740.8,5523.22,3217.58,Card
8589,2024-11-09,West Jacqueline,North,Laptop,Office,4,1849,15,6286.6,4271.88,2014.72,Net Banking
8590,2023-10-06,Evansfort,North,Camera,Accessories,2,487,5,925.3,580.34,344.96,Cash
8591,2025-04-03,Jacobton,East,Laptop,Office,4,3684,10,13262.4,7486.77,5775.63,Net Banking
8592,2024-11-20,Lake Emma,North,Phone,Office,1,2725,10,2452.5,1474.37,978.13,Card
8593,2024-02-26,Rodriguezhaven,South,Phone,Accessories,2,1694,10,3049.2,2315.18,734.02,Card
8594,2025-10-03,North Richardland,South,Phone,Office,4,2465,20,7888.0,6172.26,1715.74,Cash
8595,2025-05-06,Matthewberg,West,Phone,Office,2,2208,0,4416.0,3219.08,1196.92,UPI
8596,2026-01-16,Nathanhaven,South,Tablet,Electronics,1,2817,20,2253.6,1697.78,555.82,Card
8597,2025-05-09,Port Laurashire,East,Camera,Accessories,2,786,0,1572.0,995.83,576.17,Cash
8598,2023-10-02,Riversfort,East,Headphones,Electronics,4,1255,0,5020.0,3069.9,1950.1,UPI
8599,2023-10-21,Riosview,South,Camera,Electronics,1,4347,15,3694.95,2282.62,1412.33,Net Banking
8600,2024-05-20,North Benjamin,North,Mouse,Office,2,2585,0,5170.0,2708.43,2461.57,Net Banking
8601,2023-10-09,South Christopherport,North,Printer,Office,4,2198,0,8792.0,5845.96,2946.04,Card
8602,2024-07-24,Ryanfurt,North,Keyboard,Electronics,4,751,10,2703.6,2125.93,577.67,Cash
8603,2026-04-17,Kimport,South,Camera,Accessories,5,1488,20,5952.0,3976.57,1975.43,Card
8604,2023-09-13,South Christineburgh,South,Monitor,Accessories,3,1819,20,4365.6,2527.44,1838.16,UPI
8605,2025-04-06,Port Dale,South,Monitor,Accessories,5,4430,15,18827.5,13010.51,5816.99,Net Banking
8606,2024-10-30,New Adrian,North,Mouse,Office,2,3922,10,7059.6,4234.81,2824.79,Net Banking
8607,2024-05-31,Lake Michelebury,West,Speaker,Electronics,2,3772,10,6789.6,5309.66,1479.94,UPI
8608,2023-12-08,South Zacharyside,South,Keyboard,Electronics,5,4523,0,22615.0,14307.59,8307.41,Net Banking
8609,2026-05-27,New Allisonfurt,North,Monitor,Accessories,4,4300,0,17200.0,12127.89,5072.11,Cash
8610,2024-08-23,Port Maryborough,West,Camera,Office,2,1897,15,3224.9,1849.65,1375.25,UPI
8611,2025-10-14,Cindyside,East,Printer,Office,3,943,10,2546.1,1908.63,637.47,Net Banking
8612,2024-03-04,East Christina,South,Keyboard,Accessories,1,1874,15,1592.9,925.48,667.42,UPI
8613,2025-03-15,Stevenshire,West,Camera,Accessories,4,2085,5,7923.0,6076.44,1846.56,Cash
8614,2025-02-02,Lake Jennyville,North,Mouse,Electronics,3,4204,10,11350.8,5803.02,5547.78,UPI
8615,2024-07-10,Cranetown,East,Camera,Accessories,1,4989,20,3991.2,2577.87,1413.33,UPI
8616,2025-02-01,Port Sharonton,West,Camera,Office,1,4780,15,4063.0,2904.86,1158.14,Card
8617,2024-11-09,Lauratown,South,Tablet,Office,5,4738,5,22505.5,14584.12,7921.38,UPI
8618,2024-01-20,Chelseamouth,West,Printer,Office,4,4864,20,15564.8,10571.45,4993.35,Card
8619,2026-03-04,Jacksontown,South,Keyboard,Office,1,4194,20,3355.2,2192.51,1162.69,UPI
8620,2026-05-19,North Chadhaven,South,Mouse,Electronics,1,985,5,935.75,581.24,354.51,Card
8621,2025-08-09,North Ashley,West,Mouse,Accessories,1,2838,5,2696.1,1926.74,769.36,Net Banking
8622,2025-11-26,South Patriciamouth,South,Headphones,Electronics,3,2166,10,5848.2,3645.48,2202.72,Cash
8623,2026-06-05,North Matthewstad,West,Printer,Office,1,3093,10,2783.7,1933.57,850.13,Cash
8624,2024-07-04,Mauricemouth,East,Speaker,Accessories,5,4652,0,23260.0,16877.66,6382.34,Cash
8625,2024-12-07,Lake Sabrinaburgh,South,Printer,Office,4,2449,5,9306.2,4673.7,4632.5,Card
8626,2025-11-30,Paulborough,North,Mouse,Electronics,2,2588,5,4917.2,3434.9,1482.3,Cash
8627,2024-11-26,West Kelli,North,Keyboard,Office,2,4223,20,6756.8,3500.3,3256.5,Net Banking
8628,2025-05-28,North Samuel,East,Laptop,Office,2,2332,20,3731.2,2041.24,1689.96,Net Banking
8629,2026-04-23,Markport,East,Keyboard,Office,5,3534,10,15903.0,10297.33,5605.67,Net Banking
8630,2026-03-04,Adamtown,North,Camera,Electronics,3,993,5,2830.05,2209.14,620.91,UPI
8631,2023-09-17,Timothyborough,North,Monitor,Accessories,3,4772,20,11452.8,7902.76,3550.04,UPI
8632,2024-05-13,West Lorifort,North,Keyboard,Electronics,2,1606,5,3051.4,1772.02,1279.38,UPI
8633,2024-11-16,Sharifurt,North,Laptop,Accessories,2,1662,15,2825.4,1865.73,959.67,Cash
8634,2025-03-31,Heathchester,South,Speaker,Electronics,1,3450,10,3105.0,2470.53,634.47,Cash
8635,2026-04-26,Hollowayland,South,Headphones,Electronics,3,3100,0,9300.0,5874.29,3425.71,UPI
8636,2024-08-04,Lake Christineborough,East,Mouse,Office,5,1192,5,5662.0,4192.01,1469.99,UPI
8637,2023-09-10,Davismouth,North,Printer,Accessories,2,423,15,719.1,541.52,177.58,Cash
8638,2025-12-31,Tylermouth,South,Tablet,Accessories,4,548,10,1972.8,1058.13,914.67,UPI
8639,2023-08-26,Alyssaside,North,Phone,Office,4,2345,0,9380.0,5744.2,3635.8,Card
8640,2023-12-04,Hamiltonfurt,South,Speaker,Accessories,2,1493,10,2687.4,1434.55,1252.85,UPI
8641,2024-03-25,Christinahaven,South,Headphones,Office,1,308,5,292.6,167.78,124.82,UPI
8642,2026-07-14,Rivasview,South,Printer,Accessories,2,4761,20,7617.6,5265.77,2351.83,UPI
8643,2025-06-01,Petertown,North,Headphones,Electronics,3,1628,15,4151.4,2366.45,1784.95,UPI
8644,2024-11-20,Lindachester,North,Phone,Office,3,794,15,2024.7,1527.52,497.18,Cash
8645,2025-08-23,Lake Williamburgh,West,Printer,Office,2,1262,0,2524.0,1262.05,1261.95,Cash
8646,2024-12-18,Robinsonland,South,Monitor,Electronics,2,4525,0,9050.0,6692.7,2357.3,Cash
8647,2025-05-25,Milesville,North,Camera,Accessories,1,4777,15,4060.45,3180.02,880.43,Card
8648,2026-07-28,Jonesfort,North,Phone,Accessories,1,969,20,775.2,577.14,198.06,Cash
8649,2023-10-21,Moratown,North,Phone,Office,2,1033,15,1756.1,1242.02,514.08,Cash
8650,2025-11-29,Ericborough,South,Laptop,Accessories,1,110,10,99.0,69.53,29.47,Cash
8651,2025-04-02,Gregoryville,North,Laptop,Office,3,3216,5,9165.6,6363.63,2801.97,Card
8652,2025-04-28,New Nicholasborough,East,Headphones,Office,2,4153,5,7890.7,4971.31,2919.39,Card
8653,2023-08-03,Bradfordfurt,South,Laptop,Office,5,3832,5,18202.0,11139.17,7062.83,Cash
8654,2023-09-07,South Robert,West,Speaker,Office,4,2973,15,10108.2,7139.41,2968.79,UPI
8655,2024-01-28,Turnerville,South,Camera,Office,4,3742,0,14968.0,11496.4,3471.6,Cash
8656,2025-01-22,Port Jeffrey,East,Speaker,Accessories,3,255,0,765.0,434.89,330.11,Card
8657,2025-05-14,Candacefurt,South,Mouse,Office,3,1755,5,5001.75,3474.14,1527.61,Net Banking
8658,2026-02-28,Port Karen,West,Printer,Office,1,3853,5,3660.35,1848.12,1812.23,Net Banking
8659,2025-10-11,Amberborough,North,Headphones,Office,5,3679,0,18395.0,12367.12,6027.88,Card
8660,2024-01-07,Matthewstad,North,Headphones,Accessories,5,2923,10,13153.5,6754.72,6398.78,UPI
8661,2024-12-14,East Bradley,East,Laptop,Electronics,4,3296,20,10547.2,7351.13,3196.07,Cash
8662,2023-10-11,South Tammyhaven,East,Printer,Electronics,4,1164,5,4423.2,2666.02,1757.18,UPI
8663,2025-01-17,East Brittany,South,Camera,Office,4,207,10,745.2,446.9,298.3,UPI
8664,2024-11-12,New Troystad,West,Mouse,Office,3,3981,0,11943.0,7195.07,4747.93,Net Banking
8665,2025-12-10,Johnsonberg,South,Tablet,Office,1,4062,5,3858.9,2602.79,1256.11,UPI
8666,2026-01-26,North Anthony,East,Keyboard,Electronics,3,2097,5,5976.45,3473.43,2503.02,Cash
8667,2024-05-27,New Amy,West,Speaker,Accessories,2,271,20,433.6,299.64,133.96,Card
8668,2025-03-30,Kaitlynview,South,Laptop,Office,2,1065,0,2130.0,1692.03,437.97,Cash
8669,2026-06-14,Richardtown,East,Speaker,Office,2,454,10,817.2,506.69,310.51,UPI
8670,2025-11-15,North Ashleymouth,East,Tablet,Accessories,2,2215,10,3987.0,2055.46,1931.54,Cash
8671,2025-12-20,East Seantown,South,Speaker,Accessories,1,4883,15,4150.55,3005.28,1145.27,UPI
8672,2023-09-05,Lake Shelleyton,South,Laptop,Office,3,2530,10,6831.0,5191.94,1639.06,Cash
8673,2025-01-31,Michelleberg,North,Headphones,Office,3,2722,10,7349.4,4270.83,3078.57,Card
8674,2024-10-10,North Amanda,East,Speaker,Accessories,1,901,15,765.85,587.13,178.72,Cash
8675,2025-10-21,East Jessefurt,East,Printer,Accessories,2,1605,20,2568.0,1466.27,1101.73,Cash
8676,2023-09-20,South Bradley,West,Keyboard,Electronics,2,3690,20,5904.0,4414.62,1489.38,Cash
8677,2025-06-03,Josephfort,East,Camera,Office,5,2727,10,12271.5,6221.32,6050.18,Net Banking
8678,2024-01-17,South Christopher,South,Printer,Office,3,650,15,1657.5,926.83,730.67,UPI
8679,2024-11-09,Reidtown,East,Phone,Electronics,1,2855,20,2284.0,1662.07,621.93,UPI
8680,2026-02-19,Port Nicole,East,Tablet,Electronics,1,4228,20,3382.4,2429.76,952.64,Card
8681,2025-02-17,Rodriguezbury,West,Monitor,Accessories,1,784,15,666.4,528.81,137.59,Net Banking
8682,2025-01-20,West Mary,East,Keyboard,Electronics,2,3589,5,6819.1,3410.49,3408.61,Cash
8683,2024-08-05,Crawfordchester,East,Laptop,Accessories,5,432,0,2160.0,1305.77,854.23,Cash
8684,2023-10-24,Gutierrezberg,North,Mouse,Accessories,3,3404,20,8169.6,4785.05,3384.55,Net Banking
8685,2024-06-19,Joneschester,South,Printer,Electronics,2,2886,20,4617.6,3631.72,985.88,Net Banking
8686,2026-07-21,North Victoria,East,Phone,Office,2,3119,15,5302.3,4035.24,1267.06,Net Banking
8687,2023-08-17,Scotthaven,West,Monitor,Accessories,1,3568,10,3211.2,2006.52,1204.68,Net Banking
8688,2024-09-11,Davidland,West,Monitor,Accessories,3,211,15,538.05,303.35,234.7,Net Banking
8689,2025-09-30,South Bobby,West,Speaker,Accessories,1,3766,0,3766.0,1978.17,1787.83,Net Banking
8690,2024-05-04,Trujillochester,South,Mouse,Office,5,3296,20,13184.0,7483.79,5700.21,Net Banking
8691,2024-10-19,Rickyhaven,West,Speaker,Electronics,2,1956,10,3520.8,2059.72,1461.08,Cash
8692,2024-01-24,Anthonyshire,South,Camera,Office,1,2923,15,2484.55,1380.64,1103.91,Cash
8693,2025-07-28,North Michaelfort,South,Keyboard,Office,4,3764,10,13550.4,7056.53,6493.87,Card
8694,2025-07-06,Port Bradborough,West,Printer,Accessories,4,557,0,2228.0,1149.57,1078.43,Net Banking
8695,2024-12-16,Carlaton,East,Laptop,Electronics,4,469,10,1688.4,952.96,735.44,Cash
8696,2025-05-24,Petersenside,East,Mouse,Office,5,917,15,3897.25,2734.86,1162.39,UPI
8697,2025-12-03,Port Richard,West,Mouse,Office,4,993,20,3177.6,2395.33,782.27,Net Banking
8698,2025-07-03,Heathburgh,East,Camera,Accessories,4,150,20,480.0,336.26,143.74,Cash
8699,2025-04-18,Port Desiree,South,Headphones,Accessories,4,310,5,1178.0,890.08,287.92,Card
8700,2026-07-05,Johnton,West,Phone,Office,5,3631,15,15431.75,8542.66,6889.09,Card
8701,2024-07-29,East Aimee,East,Tablet,Accessories,1,3841,5,3648.95,2273.41,1375.54,Net Banking
8702,2024-09-30,New Catherineland,North,Camera,Electronics,2,557,15,946.9,732.79,214.11,Net Banking
8703,2025-01-13,Leachfort,West,Tablet,Electronics,4,1436,5,5456.8,3405.34,2051.46,Cash
8704,2026-04-27,Stephaniehaven,West,Phone,Accessories,4,3642,15,12382.8,7501.38,4881.42,Cash
8705,2025-05-14,Port Matthewborough,South,Keyboard,Accessories,1,1381,5,1311.95,811.42,500.53,Cash
8706,2026-02-14,Bradleyburgh,East,Speaker,Electronics,3,3774,5,10755.9,6238.42,4517.48,Net Banking
8707,2023-08-07,Micheleberg,South,Tablet,Electronics,4,2319,20,7420.8,5308.38,2112.42,Cash
8708,2025-10-31,Lake Brenda,East,Camera,Office,5,698,0,3490.0,2350.47,1139.53,UPI
8709,2026-05-17,Moraleshaven,North,Camera,Electronics,5,2100,5,9975.0,6541.73,3433.27,Card
8710,2025-02-13,New Toni,West,Camera,Electronics,2,1049,10,1888.2,1167.14,721.06,Cash
8711,2026-07-02,North Haleystad,East,Phone,Office,2,2135,0,4270.0,2817.51,1452.49,Card
8712,2025-03-04,Phillipland,West,Headphones,Accessories,5,3257,0,16285.0,10083.59,6201.41,Cash
8713,2024-10-26,Jamesfort,South,Laptop,Office,4,4785,0,19140.0,9934.72,9205.28,Net Banking
8714,2025-10-11,Loveside,North,Mouse,Electronics,3,4424,15,11281.2,6361.16,4920.04,Cash
8715,2025-12-11,North Christianstad,West,Phone,Electronics,3,900,15,2295.0,1198.71,1096.29,UPI
8716,2024-09-03,Arnoldview,East,Keyboard,Office,4,1746,10,6285.6,3678.51,2607.09,Net Banking
8717,2024-04-07,Andreabury,North,Printer,Office,1,205,10,184.5,135.7,48.8,UPI
8718,2025-04-04,Novakberg,West,Monitor,Office,3,4019,10,10851.3,8666.32,2184.98,Cash
8719,2024-01-13,South Christian,South,Printer,Accessories,1,1486,10,1337.4,974.91,362.49,UPI
8720,2024-04-01,Lyonsville,South,Camera,Office,2,4511,20,7217.6,4904.44,2313.16,Card
8721,2025-12-11,Morrowview,East,Printer,Office,3,2404,10,6490.8,4581.74,1909.06,UPI
8722,2024-09-20,Karenshire,North,Speaker,Office,3,3685,5,10502.25,7305.38,3196.87,Cash
8723,2024-10-03,Port Timothyfurt,East,Camera,Office,2,3342,0,6684.0,4878.75,1805.25,Card
8724,2025-08-20,Dannyfurt,West,Keyboard,Electronics,3,3112,15,7935.6,4978.64,2956.96,Cash
8725,2026-02-26,Donaldmouth,West,Keyboard,Accessories,1,1232,20,985.6,763.82,221.78,Net Banking
8726,2024-07-18,Kleinhaven,South,Printer,Accessories,2,831,15,1412.7,809.06,603.64,Net Banking
8727,2026-06-09,Wongside,East,Camera,Electronics,5,2147,15,9124.75,6125.75,2999.0,UPI
8728,2023-10-29,Maryside,South,Mouse,Electronics,1,2797,0,2797.0,2104.59,692.41,UPI
8729,2025-02-28,Debraland,East,Tablet,Electronics,4,1357,20,4342.4,2402.05,1940.35,UPI
8730,2025-07-14,North Jenniferfurt,West,Phone,Electronics,2,2245,5,4265.5,2438.97,1826.53,UPI
8731,2026-02-20,Richardsonchester,North,Keyboard,Office,3,4092,10,11048.4,7569.09,3479.31,Net Banking
8732,2026-05-02,New Oliviaburgh,West,Headphones,Office,1,3212,20,2569.6,1428.92,1140.68,Net Banking
8733,2024-11-08,East Joannaberg,East,Monitor,Electronics,1,1263,10,1136.7,694.54,442.16,UPI
8734,2025-10-04,South Richard,North,Camera,Electronics,1,3953,15,3360.05,2324.38,1035.67,UPI
8735,2025-06-06,New Jennifermouth,West,Camera,Accessories,5,3259,0,16295.0,10832.01,5462.99,Cash
8736,2024-07-06,Kruegerview,East,Monitor,Office,2,2745,20,4392.0,3208.56,1183.44,Net Banking
8737,2023-10-22,North Ericbury,East,Tablet,Electronics,1,3429,0,3429.0,2681.71,747.29,Card
8738,2023-10-03,Keithmouth,North,Laptop,Office,4,254,15,863.6,607.69,255.91,UPI
8739,2026-06-15,Reevestown,South,Laptop,Electronics,2,1440,5,2736.0,1425.08,1310.92,Net Banking
8740,2023-10-28,Troyton,West,Keyboard,Electronics,4,1406,15,4780.4,3112.63,1667.77,UPI
8741,2025-11-10,Davidview,North,Keyboard,Office,4,4971,0,19884.0,11121.48,8762.52,Cash
8742,2024-08-05,Evansmouth,East,Printer,Office,2,459,15,780.3,424.28,356.02,UPI
8743,2023-08-21,North Denise,East,Phone,Office,3,1219,10,3291.3,2527.08,764.22,UPI
8744,2025-04-11,New Michael,South,Phone,Electronics,4,4404,20,14092.8,10152.26,3940.54,Cash
8745,2026-05-20,South Loganfort,West,Keyboard,Electronics,2,3192,15,5426.4,3609.23,1817.17,Cash
8746,2025-12-13,South Ronnie,West,Printer,Electronics,4,3200,15,10880.0,6838.59,4041.41,Card
8747,2025-06-15,Lindsayfurt,North,Keyboard,Office,1,315,15,267.75,150.64,117.11,Net Banking
8748,2025-06-11,North Dennis,East,Keyboard,Office,4,2480,15,8432.0,6363.63,2068.37,Cash
8749,2025-12-20,New Megan,East,Camera,Electronics,1,4399,20,3519.2,2659.47,859.73,Cash
8750,2024-06-09,Williamport,South,Monitor,Office,3,2861,10,7724.7,4450.32,3274.38,Net Banking
8751,2024-08-26,Lake Christinebury,East,Keyboard,Office,3,1508,0,4524.0,2325.77,2198.23,UPI
8752,2023-08-29,Elizabethberg,East,Printer,Office,3,2406,15,6135.3,4617.34,1517.96,Card
8753,2025-03-20,Coreymouth,West,Laptop,Office,1,1082,20,865.6,630.34,235.26,UPI
8754,2026-01-09,Lorihaven,South,Speaker,Office,4,3111,5,11821.8,9456.56,2365.24,Cash
8755,2024-08-03,Juliaside,North,Mouse,Electronics,4,3798,15,12913.2,9491.84,3421.36,Net Banking
8756,2025-12-30,Laurieview,West,Monitor,Accessories,1,4933,20,3946.4,2256.95,1689.45,Cash
8757,2024-11-16,Robertview,North,Monitor,Electronics,2,1871,20,2993.6,2076.38,917.22,Net Banking
8758,2024-04-10,Hendersonville,North,Tablet,Accessories,2,2162,15,3675.4,2708.88,966.52,UPI
8759,2025-10-06,Meganfurt,East,Mouse,Accessories,3,3737,20,8968.8,4650.74,4318.06,Card
8760,2026-07-12,South Jeanne,East,Speaker,Electronics,5,1505,10,6772.5,4431.93,2340.57,Cash
8761,2024-03-19,Lisamouth,East,Speaker,Electronics,5,154,20,616.0,390.82,225.18,UPI
8762,2025-10-24,Morrisonview,North,Monitor,Office,5,4794,5,22771.5,12053.63,10717.87,Net Banking
8763,2025-09-12,Port Samanthaville,East,Tablet,Electronics,4,4364,15,14837.6,11013.5,3824.1,Cash
8764,2026-02-12,Ortizberg,North,Mouse,Electronics,1,3247,10,2922.3,2103.95,818.35,Net Banking
8765,2025-07-07,East Mark,North,Laptop,Accessories,5,3807,10,17131.5,13524.53,3606.97,Net Banking
8766,2024-12-31,Port Joseph,South,Mouse,Accessories,4,1689,5,6418.2,4001.55,2416.65,Card
8767,2026-05-26,Lake Angela,West,Printer,Office,1,1576,10,1418.4,1095.33,323.07,Net Banking
8768,2026-01-04,Cynthiaborough,West,Tablet,Accessories,3,2006,10,5416.2,3488.93,1927.27,Net Banking
8769,2025-01-02,Troyville,South,Phone,Electronics,2,3594,0,7188.0,4066.08,3121.92,Card
8770,2025-07-14,West Jillian,East,Mouse,Accessories,3,2734,20,6561.6,4126.26,2435.34,Cash
8771,2025-03-21,Danielsport,North,Speaker,Office,3,929,20,2229.6,1568.56,661.04,Net Banking
8772,2025-05-07,Freemanberg,West,Headphones,Office,5,1766,5,8388.5,5404.35,2984.15,UPI
8773,2024-10-17,Reedfurt,North,Monitor,Office,5,1277,5,6065.75,3915.39,2150.36,Net Banking
8774,2023-11-01,East Valerie,North,Mouse,Accessories,1,1446,5,1373.7,779.93,593.77,Card
8775,2026-01-23,West Dennisside,South,Camera,Accessories,2,4120,5,7828.0,4216.7,3611.3,UPI
8776,2024-05-11,Claudiamouth,West,Speaker,Office,1,3589,5,3409.55,2056.57,1352.98,Net Banking
8777,2026-01-17,East Deniseberg,East,Camera,Accessories,1,4224,10,3801.6,1981.21,1820.39,Net Banking
8778,2024-05-05,Savannahtown,East,Speaker,Electronics,1,3244,5,3081.8,1648.43,1433.37,UPI
8779,2026-06-05,Port Abigail,West,Printer,Accessories,5,3389,5,16097.75,11191.28,4906.47,UPI
8780,2023-10-02,North Jessicafort,South,Printer,Electronics,1,4347,20,3477.6,1807.13,1670.47,Cash
8781,2026-01-12,New Donna,North,Printer,Electronics,3,400,5,1140.0,718.33,421.67,Cash
8782,2025-12-03,Ianchester,South,Monitor,Office,5,4541,20,18164.0,11613.47,6550.53,Cash
8783,2026-03-26,Port James,East,Headphones,Electronics,1,4270,10,3843.0,2814.95,1028.05,Cash
8784,2025-06-15,North Adrian,South,Printer,Accessories,5,3068,10,13806.0,10728.33,3077.67,Net Banking
8785,2023-09-05,Lake Steven,South,Printer,Accessories,4,2877,15,9781.8,6215.08,3566.72,Net Banking
8786,2024-03-30,Port Rodney,East,Keyboard,Office,5,4335,0,21675.0,12865.49,8809.51,Card
8787,2025-06-14,New Brad,South,Camera,Electronics,3,813,5,2317.05,1674.89,642.16,Card
8788,2024-06-24,New Victor,North,Speaker,Office,2,3337,10,6006.6,4515.9,1490.7,Cash
8789,2023-09-09,West Kristin,North,Headphones,Electronics,3,2447,20,5872.8,3941.63,1931.17,Cash
8790,2024-01-22,Stacyside,North,Speaker,Electronics,2,3930,5,7467.0,4532.18,2934.82,UPI
8791,2023-09-28,Angelaview,East,Mouse,Office,3,4003,20,9607.2,6037.17,3570.03,Card
8792,2024-04-29,Michaelland,North,Monitor,Electronics,5,3648,0,18240.0,13528.59,4711.41,Net Banking
8793,2023-09-19,Atkinsonfort,West,Headphones,Accessories,1,391,0,391.0,262.93,128.07,Net Banking
8794,2025-12-16,Gregoryville,South,Headphones,Accessories,3,1346,0,4038.0,2780.14,1257.86,Net Banking
8795,2024-02-01,Lake Aaron,West,Headphones,Office,2,2167,10,3900.6,2206.45,1694.15,Card
8796,2025-06-29,Andersonstad,East,Monitor,Accessories,1,3572,15,3036.2,2359.27,676.93,Net Banking
8797,2025-07-01,Garymouth,North,Camera,Electronics,4,541,5,2055.8,1299.5,756.3,UPI
8798,2024-05-23,West Douglasfurt,East,Camera,Accessories,1,4736,10,4262.4,3373.67,888.73,Card
8799,2024-11-23,South Rosstown,West,Printer,Accessories,5,4429,5,21037.75,16725.05,4312.7,Card
8800,2024-02-29,Robertside,North,Printer,Accessories,4,861,0,3444.0,2213.36,1230.64,Net Banking
8801,2024-03-04,Vaughanland,West,Printer,Electronics,5,975,0,4875.0,3487.34,1387.66,Net Banking
8802,2026-02-21,Lake Ronald,North,Printer,Office,3,4236,0,12708.0,7724.26,4983.74,Net Banking
8803,2024-05-20,East Mathew,East,Laptop,Office,2,2032,20,3251.2,1825.92,1425.28,Net Banking
8804,2026-02-11,Port Susanville,East,Tablet,Electronics,1,4810,10,4329.0,2783.75,1545.25,UPI
8805,2025-01-20,Port Jamesborough,West,Phone,Office,1,500,0,500.0,288.75,211.25,Cash
8806,2023-11-07,Richardfort,East,Speaker,Electronics,1,3657,10,3291.3,2530.1,761.2,UPI
8807,2025-05-30,Port Erica,West,Phone,Accessories,2,3738,0,7476.0,5731.31,1744.69,Net Banking
8808,2024-04-10,Griffinville,West,Mouse,Electronics,2,4925,0,9850.0,5084.79,4765.21,Card
8809,2024-01-09,New Amanda,West,Headphones,Electronics,4,4247,5,16138.6,10229.26,5909.34,UPI
8810,2025-01-19,Lake Steven,South,Tablet,Office,3,3964,0,11892.0,9511.87,2380.13,UPI
8811,2024-09-04,Andremouth,South,Tablet,Accessories,3,3433,5,9784.05,7821.9,1962.15,Card
8812,2023-09-08,East Margaret,North,Keyboard,Accessories,2,3276,5,6224.4,3209.68,3014.72,Card
8813,2025-05-13,Robinsonview,West,Keyboard,Electronics,1,2160,20,1728.0,1288.67,439.33,Card
8814,2026-03-25,Jonesland,North,Phone,Office,5,4200,15,17850.0,14277.93,3572.07,UPI
8815,2024-11-21,Andrewmouth,East,Keyboard,Accessories,2,1080,20,1728.0,1066.5,661.5,UPI
8816,2025-04-20,South Stevenfurt,West,Keyboard,Accessories,2,2960,20,4736.0,2633.24,2102.76,Cash
8817,2024-10-21,Joshuaberg,South,Mouse,Accessories,4,4400,20,14080.0,10679.65,3400.35,UPI
8818,2025-04-01,South Andreatown,South,Keyboard,Office,5,4365,15,18551.25,12246.32,6304.93,UPI
8819,2023-08-07,Danielview,South,Keyboard,Office,4,1317,5,5004.6,3645.99,1358.61,Card
8820,2024-10-27,Flemingshire,South,Printer,Accessories,4,2718,10,9784.8,5164.44,4620.36,UPI
8821,2024-03-19,East Sarahchester,North,Monitor,Office,3,2712,10,7322.4,5431.3,1891.1,Cash
8822,2024-02-24,South Austinville,East,Phone,Electronics,4,2745,10,9882.0,5510.68,4371.32,Net Banking
8823,2024-06-13,North Steven,South,Mouse,Office,5,432,15,1836.0,936.84,899.16,UPI
8824,2023-11-25,Lake Josephland,North,Camera,Office,3,961,0,2883.0,2038.33,844.67,Net Banking
8825,2023-10-02,East Andrea,East,Keyboard,Office,5,4728,15,20094.0,13035.43,7058.57,Net Banking
8826,2023-10-09,West Andrew,East,Mouse,Accessories,1,104,10,93.6,70.21,23.39,Net Banking
8827,2025-09-06,Lake Michelebury,East,Keyboard,Accessories,5,2409,5,11442.75,7424.87,4017.88,Card
8828,2023-10-30,Carterburgh,East,Keyboard,Accessories,4,1800,5,6840.0,5272.46,1567.54,Card
8829,2025-01-27,Stewartmouth,West,Phone,Electronics,3,2658,10,7176.6,4814.23,2362.37,Card
8830,2024-04-09,Patrickview,East,Keyboard,Accessories,4,4946,10,17805.6,13901.02,3904.58,Card
8831,2025-04-28,Keithport,South,Monitor,Office,1,592,20,473.6,250.5,223.1,Cash
8832,2024-05-15,West Eugene,West,Laptop,Office,2,2655,0,5310.0,2869.13,2440.87,Cash
8833,2024-01-13,Jasonfort,West,Mouse,Electronics,2,4258,20,6812.8,4371.43,2441.37,UPI
8834,2025-05-06,North Michael,West,Camera,Office,2,4147,10,7464.6,4973.9,2490.7,Card
8835,2026-03-21,Jaredport,South,Mouse,Accessories,4,1923,15,6538.2,4014.94,2523.26,UPI
8836,2024-02-14,Oscarmouth,South,Phone,Office,1,2810,20,2248.0,1548.83,699.17,UPI
8837,2026-04-18,East Ruth,North,Monitor,Electronics,3,2558,15,6522.9,4453.42,2069.48,Cash
8838,2023-08-10,Jacobsfurt,North,Tablet,Electronics,1,2831,20,2264.8,1318.03,946.77,Card
8839,2025-06-12,West John,North,Tablet,Electronics,3,3539,5,10086.15,6438.9,3647.25,UPI
8840,2024-02-03,East Kenneth,North,Camera,Electronics,3,424,0,1272.0,1013.25,258.75,Cash
8841,2025-09-04,Lake Johnmouth,North,Camera,Accessories,2,3711,5,7050.9,4701.69,2349.21,Cash
8842,2025-02-21,Lewisfurt,East,Camera,Office,1,4671,20,3736.8,2493.69,1243.11,Net Banking
8843,2026-05-28,Christopherborough,North,Monitor,Office,3,1838,0,5514.0,4053.21,1460.79,Cash
8844,2024-10-19,South Mary,South,Speaker,Office,3,624,15,1591.2,938.31,652.89,Card
8845,2023-10-16,North Dianemouth,West,Laptop,Electronics,5,4479,5,21275.25,13099.67,8175.58,Net Banking
8846,2025-09-11,Port James,South,Printer,Office,3,960,20,2304.0,1530.91,773.09,Net Banking
8847,2026-02-24,North Erica,West,Headphones,Office,3,4110,0,12330.0,8338.52,3991.48,Card
8848,2026-04-06,North Josephberg,East,Camera,Office,1,3697,10,3327.3,2356.04,971.26,Net Banking
8849,2025-10-30,Port Laurabury,East,Phone,Office,1,3209,10,2888.1,2188.96,699.14,Card
8850,2026-04-27,Bellville,South,Headphones,Electronics,1,403,20,322.4,180.96,141.44,Net Banking
8851,2024-09-30,West Kimberly,West,Camera,Electronics,3,3391,5,9664.35,4894.56,4769.79,Card
8852,2026-07-04,Austinchester,North,Laptop,Electronics,4,795,20,2544.0,1750.51,793.49,Card
8853,2025-08-02,South Gwendolynside,North,Headphones,Accessories,5,3403,5,16164.25,11582.51,4581.74,Cash
8854,2024-10-25,North Tonishire,North,Monitor,Electronics,5,1358,20,5432.0,2804.88,2627.12,Card
8855,2025-04-11,Thomasville,North,Camera,Accessories,2,3629,10,6532.2,4524.88,2007.32,Card
8856,2026-04-26,South Lisahaven,South,Tablet,Electronics,5,1611,10,7249.5,4643.08,2606.42,Net Banking
8857,2024-08-25,New Antoniofurt,East,Keyboard,Electronics,5,977,5,4640.75,2630.19,2010.56,Cash
8858,2024-03-28,Danielview,North,Printer,Office,2,3586,0,7172.0,3673.72,3498.28,UPI
8859,2023-09-29,West Daniel,North,Phone,Office,2,2102,0,4204.0,2707.58,1496.42,Card
8860,2025-02-08,Gabriellaburgh,South,Tablet,Accessories,2,815,5,1548.5,896.85,651.65,Card
8861,2026-04-30,East Samanthaville,East,Monitor,Electronics,1,593,0,593.0,302.15,290.85,UPI
8862,2024-03-19,Montgomerymouth,North,Phone,Office,3,519,0,1557.0,1053.66,503.34,Net Banking
8863,2024-10-23,Buckleyberg,East,Phone,Electronics,1,2734,20,2187.2,1112.06,1075.14,UPI
8864,2024-05-19,Stevenview,South,Monitor,Electronics,3,290,10,783.0,416.7,366.3,UPI
8865,2026-01-02,Beverlystad,East,Laptop,Office,1,1464,20,1171.2,745.69,425.51,Card
8866,2024-04-24,Rickhaven,North,Speaker,Accessories,4,3929,0,15716.0,8777.94,6938.06,Card
8867,2025-12-30,Prestonmouth,North,Mouse,Office,5,167,15,709.75,486.14,223.61,Card
8868,2025-10-07,East Thomas,East,Monitor,Electronics,4,980,20,3136.0,1655.73,1480.27,Cash
8869,2024-01-02,Port Christine,North,Camera,Accessories,1,2195,15,1865.75,1327.07,538.68,Net Banking
8870,2026-01-23,Clarktown,South,Mouse,Office,1,445,20,356.0,215.31,140.69,Card
8871,2024-08-18,Thomashaven,West,Monitor,Electronics,3,4983,0,14949.0,11136.46,3812.54,Net Banking
8872,2025-05-07,North Sara,North,Monitor,Electronics,2,2567,15,4363.9,2985.92,1377.98,Card
8873,2024-02-21,Port Andrewstad,North,Camera,Office,2,2622,15,4457.4,2680.14,1777.26,Card
8874,2023-09-05,Port Samantha,West,Mouse,Electronics,3,3554,5,10128.9,7856.19,2272.71,Cash
8875,2024-01-11,Frazierchester,North,Printer,Accessories,5,2808,20,11232.0,7478.15,3753.85,Cash
8876,2024-02-12,Juanport,North,Camera,Accessories,4,3992,0,15968.0,10239.79,5728.21,Cash
8877,2026-07-23,New Peggyton,West,Phone,Electronics,4,3591,15,12209.4,9435.64,2773.76,Net Banking
8878,2023-10-10,South Williamland,North,Keyboard,Electronics,1,376,10,338.4,186.72,151.68,Net Banking
8879,2025-06-13,Lake Billyborough,South,Printer,Electronics,2,2958,5,5620.2,3757.4,1862.8,Cash
8880,2024-08-14,Lake Christina,West,Printer,Accessories,5,3924,20,15696.0,7947.63,7748.37,UPI
8881,2026-06-18,North Kristentown,East,Keyboard,Accessories,4,105,0,420.0,313.51,106.49,Net Banking
8882,2024-12-08,South Davidbury,East,Printer,Electronics,3,2677,0,8031.0,5813.95,2217.05,Cash
8883,2024-12-30,New Felicia,East,Mouse,Accessories,3,2604,5,7421.4,5408.82,2012.58,Card
8884,2024-04-04,West Dustin,South,Speaker,Accessories,4,3367,5,12794.6,7986.63,4807.97,UPI
8885,2024-06-23,Port Jonbury,South,Printer,Electronics,5,4378,0,21890.0,15637.63,6252.37,Card
8886,2026-02-25,Paulborough,East,Headphones,Office,3,2592,0,7776.0,4631.81,3144.19,Card
8887,2025-11-23,Lisaland,West,Phone,Electronics,4,3877,15,13181.8,10520.18,2661.62,Cash
8888,2024-12-02,West Andrew,West,Laptop,Electronics,5,3471,0,17355.0,13453.6,3901.4,UPI
8889,2026-07-14,Sarahhaven,West,Printer,Accessories,2,955,0,1910.0,1093.95,816.05,UPI
8890,2025-07-09,Rachelmouth,South,Speaker,Electronics,5,3962,20,15848.0,11658.08,4189.92,UPI
8891,2024-01-22,Lake Jessicashire,South,Monitor,Office,5,571,15,2426.75,1906.27,520.48,Cash
8892,2025-08-09,Michelleton,West,Headphones,Office,1,524,20,419.2,290.24,128.96,Cash
8893,2024-07-02,West William,West,Tablet,Electronics,1,4897,10,4407.3,2743.51,1663.79,Cash
8894,2023-08-26,South Reginald,South,Monitor,Office,1,3510,20,2808.0,1881.69,926.31,Cash
8895,2026-04-04,Rosehaven,West,Keyboard,Accessories,2,4241,20,6785.6,4956.83,1828.77,Cash
8896,2026-02-01,Williamburgh,North,Speaker,Electronics,1,3720,0,3720.0,2153.61,1566.39,Card
8897,2026-06-05,Munoztown,North,Camera,Accessories,3,1088,15,2774.4,2192.84,581.56,Card
8898,2024-10-14,East Catherineville,South,Laptop,Office,2,4182,20,6691.2,4616.47,2074.73,UPI
8899,2023-10-11,New Jason,North,Speaker,Electronics,3,1937,5,5520.45,4019.11,1501.34,Cash
8900,2024-04-17,North Melvinport,North,Mouse,Office,1,4416,15,3753.6,2194.6,1559.0,Cash
8901,2025-04-08,North Craig,South,Camera,Office,3,474,5,1350.9,758.19,592.71,Cash
8902,2023-09-24,Port Taylorfort,West,Monitor,Electronics,3,4101,0,12303.0,9307.42,2995.58,Card
8903,2025-08-16,Port Danielle,North,Laptop,Accessories,4,911,10,3279.6,2590.4,689.2,Cash
8904,2023-10-10,Villanuevaville,South,Tablet,Office,5,4318,5,20510.5,15738.28,4772.22,Card
8905,2024-05-26,Port Cassidy,North,Monitor,Electronics,1,770,5,731.5,373.31,358.19,Net Banking
8906,2025-11-20,Beckside,West,Camera,Office,2,493,15,838.1,584.83,253.27,Cash
8907,2024-11-19,West Michaelbury,West,Speaker,Accessories,4,2664,15,9057.6,4811.34,4246.26,Card
8908,2024-06-25,Lake Edward,West,Keyboard,Accessories,3,228,0,684.0,431.51,252.49,Cash
8909,2024-06-08,Olivialand,South,Keyboard,Electronics,5,3772,20,15088.0,8725.25,6362.75,Cash
8910,2026-02-06,East Devon,North,Camera,Office,1,1001,0,1001.0,763.73,237.27,Card
8911,2025-09-14,Stevensberg,North,Speaker,Electronics,1,1968,10,1771.2,1335.0,436.2,Card
8912,2024-03-23,South Roberthaven,West,Monitor,Office,4,3583,0,14332.0,9246.78,5085.22,UPI
8913,2024-12-28,Watsonview,West,Laptop,Accessories,5,4278,5,20320.5,15058.28,5262.22,UPI
8914,2026-01-29,Jimenezmouth,East,Laptop,Accessories,4,733,5,2785.4,2188.26,597.14,Cash
8915,2024-02-07,Lake Fernando,North,Camera,Office,5,2275,20,9100.0,5084.32,4015.68,Card
8916,2023-09-29,Morrishaven,South,Mouse,Office,4,2279,0,9116.0,6702.39,2413.61,Cash
8917,2025-02-14,East Deborahville,East,Monitor,Office,3,1796,10,4849.2,2513.96,2335.24,UPI
8918,2026-05-16,Smithview,West,Monitor,Accessories,1,4287,15,3643.95,2316.69,1327.26,Net Banking
8919,2023-09-29,Mcconnellfurt,South,Printer,Electronics,2,2667,15,4533.9,3058.34,1475.56,Net Banking
8920,2023-08-26,Elizabethville,West,Keyboard,Office,5,1753,5,8326.75,4315.75,4011.0,Net Banking
8921,2024-12-22,New Danielleland,North,Phone,Electronics,3,2474,5,7050.9,4466.57,2584.33,Net Banking
8922,2025-01-06,Bryantmouth,West,Headphones,Electronics,5,4893,5,23241.75,15281.71,7960.04,Cash
8923,2025-05-12,West Melissa,South,Mouse,Office,5,3745,15,15916.25,8388.29,7527.96,Net Banking
8924,2023-09-29,East Timothychester,North,Laptop,Office,4,3225,0,12900.0,6824.06,6075.94,Net Banking
8925,2023-12-15,Port Mike,North,Monitor,Accessories,2,2238,10,4028.4,2252.66,1775.74,UPI
8926,2026-02-20,South Brandonborough,South,Camera,Electronics,5,1241,15,5274.25,3168.14,2106.11,UPI
8927,2023-08-30,Blackland,West,Monitor,Accessories,4,4442,10,15991.2,9958.68,6032.52,Cash
8928,2026-04-11,Port Zachary,North,Laptop,Electronics,5,2149,0,10745.0,6286.24,4458.76,Net Banking
8929,2025-12-21,Lake Scottside,East,Monitor,Accessories,3,4876,15,12433.8,6938.95,5494.85,Net Banking
8930,2025-02-05,New Kaitlyn,East,Speaker,Office,1,1407,0,1407.0,1000.14,406.86,Net Banking
8931,2024-03-01,Blackport,West,Headphones,Electronics,4,2564,0,10256.0,6117.2,4138.8,Card
8932,2023-12-30,West Katherine,West,Printer,Electronics,1,780,5,741.0,500.02,240.98,UPI
8933,2025-04-19,Lawsonhaven,West,Camera,Office,2,4209,5,7997.1,5382.27,2614.83,Card
8934,2025-05-01,Lindafort,North,Phone,Electronics,2,233,15,396.1,294.29,101.81,Cash
8935,2024-05-09,East Jordan,East,Speaker,Accessories,1,1963,5,1864.85,1160.01,704.84,Card
8936,2025-03-03,Heatherfort,West,Mouse,Accessories,4,4691,5,17825.8,11193.12,6632.68,Net Banking
8937,2026-07-23,Spearsside,North,Speaker,Accessories,2,1486,10,2674.8,1603.61,1071.19,Cash
8938,2024-09-01,Janefurt,West,Headphones,Accessories,3,4733,15,12069.15,7990.0,4079.15,Net Banking
8939,2025-01-11,North Douglasville,South,Printer,Electronics,1,2234,0,2234.0,1733.42,500.58,Net Banking
8940,2025-06-17,Palmerchester,East,Mouse,Accessories,4,1004,15,3413.6,1799.12,1614.48,Card
8941,2023-10-22,Sethland,South,Mouse,Accessories,5,1641,20,6564.0,4027.38,2536.62,UPI
8942,2024-12-16,Lucasborough,East,Monitor,Office,1,2641,5,2508.95,1694.74,814.21,Cash
8943,2024-07-29,West Stephanieton,West,Keyboard,Electronics,4,1045,5,3971.0,2044.65,1926.35,Net Banking
8944,2026-03-15,Berrystad,South,Mouse,Electronics,5,449,20,1796.0,921.55,874.45,Card
8945,2024-03-07,Priceton,West,Monitor,Electronics,5,3982,15,16923.5,10450.69,6472.81,Card
8946,2025-07-26,New Timothyberg,North,Printer,Accessories,5,4751,20,19004.0,12560.15,6443.85,Cash
8947,2024-07-14,West Cassandra,East,Phone,Office,5,4799,0,23995.0,14607.33,9387.67,Cash
8948,2026-01-25,Amychester,East,Phone,Electronics,5,1602,10,7209.0,4507.29,2701.71,UPI
8949,2024-09-15,Lake Jeremy,North,Tablet,Electronics,2,2308,15,3923.6,2493.64,1429.96,Net Banking
8950,2025-02-27,South Ryanhaven,West,Keyboard,Office,5,1859,20,7436.0,5488.14,1947.86,UPI
8951,2024-02-28,Monicashire,North,Camera,Electronics,1,3346,5,3178.7,2064.5,1114.2,UPI
8952,2025-10-08,Aprilland,South,Tablet,Electronics,5,3148,0,15740.0,10519.1,5220.9,Net Banking
8953,2026-02-07,Michaelfurt,West,Mouse,Office,2,2612,0,5224.0,3150.61,2073.39,Cash
8954,2024-06-26,Lake Katherine,South,Mouse,Electronics,5,266,0,1330.0,854.94,475.06,UPI
8955,2025-07-16,Pattersonmouth,East,Speaker,Office,1,3821,10,3438.9,2093.09,1345.81,Card
8956,2023-09-29,East Jeffreyland,North,Headphones,Accessories,3,3785,20,9084.0,4855.74,4228.26,Net Banking
8957,2025-07-16,New Mariaport,West,Speaker,Electronics,1,720,10,648.0,370.6,277.4,Card
8958,2026-04-06,Andreamouth,South,Keyboard,Office,5,1479,20,5916.0,3178.67,2737.33,UPI
8959,2024-08-22,New Markview,North,Laptop,Accessories,1,4632,15,3937.2,2296.93,1640.27,Cash
8960,2026-04-01,Port Tammyland,East,Keyboard,Electronics,2,1274,15,2165.8,1189.8,976.0,Card
8961,2026-05-30,Porterland,South,Monitor,Accessories,4,3249,0,12996.0,10229.71,2766.29,Net Banking
8962,2025-10-09,Port Jeffrey,South,Mouse,Accessories,2,4956,10,8920.8,5192.19,3728.61,Card
8963,2024-08-16,East Jessica,West,Headphones,Office,2,1388,15,2359.6,1382.65,976.95,Card
8964,2024-11-02,New Joelfort,South,Tablet,Electronics,2,1896,10,3412.8,2470.83,941.97,Card
8965,2023-11-20,Patrickbury,East,Tablet,Electronics,2,1215,5,2308.5,1610.31,698.19,Net Banking
8966,2024-12-01,East Nicoleburgh,East,Phone,Accessories,3,4422,5,12602.7,7455.27,5147.43,Card
8967,2026-01-15,Fisherport,North,Speaker,Office,1,4255,0,4255.0,3060.42,1194.58,Card
8968,2026-07-01,North Lee,South,Speaker,Accessories,3,1265,10,3415.5,1819.88,1595.62,Card
8969,2024-07-06,East Mistymouth,South,Headphones,Electronics,3,4132,10,11156.4,6116.88,5039.52,Card
8970,2024-03-20,Gutierrezstad,North,Laptop,Office,5,4114,10,18513.0,12687.8,5825.2,Card
8971,2024-09-03,East Felicia,East,Phone,Accessories,5,1988,15,8449.0,5346.62,3102.38,Cash
8972,2025-02-01,Port Adammouth,East,Mouse,Electronics,3,2308,20,5539.2,3287.54,2251.66,Net Banking
8973,2026-06-09,Elizabethhaven,South,Headphones,Electronics,2,4107,5,7803.3,4904.44,2898.86,Card
8974,2024-08-21,Lisafort,East,Monitor,Office,3,4466,5,12728.1,7138.45,5589.65,Net Banking
8975,2026-04-04,Stephanieport,South,Speaker,Electronics,2,4135,20,6616.0,3983.38,2632.62,UPI
8976,2023-08-19,Mcdanieltown,South,Tablet,Accessories,1,3289,10,2960.1,1671.49,1288.61,Cash
8977,2025-12-24,New Annburgh,West,Laptop,Accessories,4,3198,15,10873.2,8406.27,2466.93,Net Banking
8978,2024-01-07,Pattersonville,North,Printer,Electronics,1,4022,0,4022.0,2447.42,1574.58,Card
8979,2025-08-20,Lauraburgh,East,Monitor,Electronics,2,2003,10,3605.4,2230.44,1374.96,UPI
8980,2025-03-04,Martinborough,North,Keyboard,Office,2,2846,20,4553.6,2693.57,1860.03,Cash
8981,2024-11-29,Lopezchester,South,Laptop,Office,1,739,5,702.05,443.93,258.12,Card
8982,2025-05-21,North Melissaview,West,Keyboard,Office,2,362,0,724.0,574.04,149.96,Card
8983,2023-09-22,East Michaelmouth,West,Printer,Accessories,2,3623,0,7246.0,5713.56,1532.44,Net Banking
8984,2025-02-24,Jessicaborough,North,Speaker,Office,4,1987,0,7948.0,5762.42,2185.58,Net Banking
8985,2025-07-19,Lake Leroyberg,South,Speaker,Office,3,4555,20,10932.0,6802.59,4129.41,Net Banking
8986,2024-12-19,East Angela,South,Speaker,Office,3,3616,20,8678.4,6804.25,1874.15,Cash
8987,2024-02-07,Sarahstad,South,Speaker,Office,5,762,0,3810.0,3013.9,796.1,Cash
8988,2026-05-05,Stephenside,East,Laptop,Office,5,1800,20,7200.0,5458.4,1741.6,Card
8989,2025-05-14,New Rickey,West,Speaker,Accessories,2,3731,10,6715.8,3741.48,2974.32,Net Banking
8990,2025-11-16,New Melissaton,North,Keyboard,Office,2,1128,0,2256.0,1599.6,656.4,UPI
8991,2026-01-18,Port Brandy,South,Speaker,Office,4,2745,5,10431.0,5846.25,4584.75,Net Banking
8992,2026-03-11,Lake Jean,West,Tablet,Accessories,5,679,0,3395.0,2371.1,1023.9,UPI
8993,2024-03-04,West Pamela,West,Mouse,Office,1,2876,0,2876.0,2296.19,579.81,Cash
8994,2023-10-31,Wilsonberg,South,Speaker,Accessories,4,2829,20,9052.8,6902.63,2150.17,Cash
8995,2024-09-07,Wrightview,North,Laptop,Office,5,3969,20,15876.0,8658.8,7217.2,UPI
8996,2024-10-20,South Paul,South,Headphones,Accessories,1,2408,15,2046.8,1025.31,1021.49,UPI
8997,2025-11-29,Port Joshuaport,East,Keyboard,Office,1,4427,20,3541.6,2591.29,950.31,UPI
8998,2024-11-05,Nicholasberg,North,Laptop,Accessories,2,2290,20,3664.0,2337.1,1326.9,Card
8999,2026-03-25,Trevinotown,South,Phone,Electronics,5,4341,20,17364.0,12043.8,5320.2,UPI
9000,2024-07-21,North David,South,Keyboard,Office,3,2331,5,6643.35,4323.92,2319.43,Net Banking
9001,2025-09-16,West Gregoryberg,North,Speaker,Accessories,1,3633,0,3633.0,2649.26,983.74,Card
9002,2023-09-01,Paulberg,South,Phone,Electronics,5,1794,20,7176.0,3957.03,3218.97,UPI
9003,2024-02-03,Lake Kelseychester,North,Speaker,Accessories,3,915,0,2745.0,2125.82,619.18,Cash
9004,2024-05-05,Lake Joanborough,South,Laptop,Office,5,4049,0,20245.0,11832.24,8412.76,Net Banking
9005,2023-08-08,Smithburgh,South,Phone,Electronics,4,3420,15,11628.0,8153.66,3474.34,UPI
9006,2026-04-21,Michaelchester,East,Headphones,Electronics,5,2639,10,11875.5,6654.34,5221.16,Card
9007,2025-06-14,Robertsstad,North,Mouse,Accessories,4,2779,5,10560.2,5801.04,4759.16,Card
9008,2025-03-18,West Keith,South,Keyboard,Electronics,3,206,15,525.3,411.37,113.93,Card
9009,2025-05-14,West Richardland,East,Mouse,Accessories,4,3151,0,12604.0,8501.02,4102.98,Card
9010,2026-07-22,Cynthiafurt,South,Tablet,Electronics,1,4159,10,3743.1,2710.39,1032.71,UPI
9011,2025-07-11,South Jeremychester,West,Tablet,Electronics,4,769,15,2614.6,1868.0,746.6,UPI
9012,2025-02-28,Tinafort,East,Camera,Accessories,4,1739,15,5912.6,3244.78,2667.82,Cash
9013,2024-09-16,South Charles,North,Camera,Electronics,5,2074,15,8814.5,4958.7,3855.8,UPI
9014,2024-01-31,North Richard,North,Laptop,Electronics,2,4305,20,6888.0,4595.73,2292.27,Cash
9015,2024-04-06,South Jack,South,Keyboard,Office,4,4648,20,14873.6,8001.29,6872.31,Cash
9016,2023-10-22,Williamsbury,South,Headphones,Electronics,5,3617,5,17180.75,9695.11,7485.64,Cash
9017,2023-10-07,West Josephhaven,North,Phone,Accessories,2,1281,15,2177.7,1286.22,891.48,Cash
9018,2023-08-23,East Nathaniel,West,Monitor,Accessories,2,1675,0,3350.0,2040.09,1309.91,Net Banking
9019,2025-09-29,Port Samantha,South,Monitor,Electronics,4,202,15,686.8,365.66,321.14,Net Banking
9020,2026-03-27,West Shannon,North,Printer,Accessories,3,2050,10,5535.0,3053.9,2481.1,Card
9021,2024-10-30,Amybury,South,Speaker,Electronics,5,4495,20,17980.0,14016.85,3963.15,Card
9022,2025-11-09,Connorberg,West,Tablet,Office,1,3665,20,2932.0,1828.32,1103.68,UPI
9023,2025-01-31,Blackchester,East,Phone,Office,2,3314,20,5302.4,3407.53,1894.87,UPI
9024,2025-06-18,West Kristen,East,Camera,Office,4,3574,15,12151.6,6493.32,5658.28,Net Banking
9025,2024-10-27,North Emily,West,Mouse,Accessories,5,2770,20,11080.0,7056.23,4023.77,Card
9026,2024-09-10,Jenniferborough,North,Headphones,Office,4,3111,20,9955.2,7001.12,2954.08,Card
9027,2024-05-03,East Gregory,East,Printer,Electronics,4,3826,10,13773.6,8583.39,5190.21,Cash
9028,2025-10-01,Karenfort,East,Mouse,Accessories,3,2667,15,6800.85,4173.78,2627.07,Card
9029,2024-05-20,North Robert,West,Printer,Electronics,1,491,0,491.0,273.72,217.28,Cash
9030,2024-04-09,North Craigville,South,Mouse,Electronics,2,4378,0,8756.0,4994.07,3761.93,UPI
9031,2025-07-11,Joanhaven,East,Headphones,Electronics,3,3536,10,9547.2,5424.61,4122.59,Net Banking
9032,2024-09-25,Hernandezhaven,West,Camera,Office,1,2864,15,2434.4,1315.43,1118.97,Card
9033,2023-09-29,Mayerport,North,Keyboard,Electronics,1,488,5,463.6,332.14,131.46,Cash
9034,2025-03-27,South Brian,West,Camera,Office,2,1744,0,3488.0,2707.13,780.87,UPI
9035,2025-10-22,South Emilystad,East,Keyboard,Electronics,1,854,5,811.3,627.41,183.89,Card
9036,2025-08-12,New Meghanstad,East,Monitor,Accessories,5,4550,10,20475.0,10620.36,9854.64,UPI
9037,2026-01-09,Maryville,North,Laptop,Accessories,4,1421,15,4831.4,2593.61,2237.79,Card
9038,2024-04-07,Martinside,East,Printer,Electronics,1,4980,20,3984.0,2429.77,1554.23,Net Banking
9039,2023-11-11,Morganshire,West,Headphones,Office,4,3786,15,12872.4,7482.43,5389.97,UPI
9040,2025-08-19,Davidsonberg,North,Headphones,Accessories,4,2742,0,10968.0,6796.96,4171.04,Cash
9041,2024-08-21,West Norma,East,Headphones,Office,3,4003,5,11408.55,7355.58,4052.97,UPI
9042,2025-08-26,Mcdanielburgh,West,Camera,Office,3,1077,10,2907.9,1579.96,1327.94,Net Banking
9043,2024-05-31,Hannaborough,East,Mouse,Accessories,1,320,0,320.0,214.48,105.52,UPI
9044,2025-05-05,South David,West,Tablet,Electronics,4,4992,5,18969.6,14069.77,4899.83,Card
9045,2024-09-13,North James,East,Mouse,Office,5,1059,5,5030.25,2808.12,2222.13,Card
9046,2023-08-17,Rodriguezburgh,South,Laptop,Electronics,2,3623,0,7246.0,5718.05,1527.95,Net Banking
9047,2024-01-16,East Jared,North,Camera,Electronics,4,559,5,2124.2,1468.64,655.56,Net Banking
9048,2025-10-17,North Breanna,West,Printer,Electronics,2,3948,5,7501.2,5776.78,1724.42,Card
9049,2023-08-21,Jeffreyville,West,Laptop,Accessories,1,3658,20,2926.4,2027.47,898.93,UPI
9050,2025-06-14,Smithport,East,Monitor,Office,3,3249,15,8284.95,4196.67,4088.28,Card
9051,2025-05-26,Sanchezview,South,Mouse,Accessories,1,4883,20,3906.4,2279.65,1626.75,UPI
9052,2025-03-06,Hernandezmouth,South,Printer,Accessories,4,799,10,2876.4,1971.12,905.28,Card
9053,2026-06-21,Elijahmouth,East,Monitor,Accessories,4,1516,5,5760.8,4512.57,1248.23,Cash
9054,2024-01-09,Stevenchester,North,Printer,Office,1,2237,10,2013.3,1608.96,404.34,UPI
9055,2023-12-28,Barrybury,South,Mouse,Electronics,4,3244,0,12976.0,7391.66,5584.34,UPI
9056,2023-09-20,East Shaneville,North,Keyboard,Electronics,4,740,15,2516.0,1685.03,830.97,Card
9057,2024-12-28,West Joshua,South,Printer,Electronics,4,1744,10,6278.4,3747.31,2531.09,Cash
9058,2025-12-19,Piercefurt,West,Mouse,Accessories,2,1647,5,3129.3,2260.0,869.3,Cash
9059,2026-06-10,East Derrickchester,East,Tablet,Electronics,3,4283,0,12849.0,7986.54,4862.46,Cash
9060,2026-03-20,Lewisburgh,East,Speaker,Electronics,2,4231,15,7192.7,4786.55,2406.15,Cash
9061,2023-08-04,Andersontown,North,Camera,Office,4,3920,10,14112.0,9814.45,4297.55,Cash
9062,2025-02-04,Port Carly,North,Tablet,Electronics,5,882,15,3748.5,2609.51,1138.99,UPI
9063,2024-12-01,South Kelly,West,Laptop,Electronics,2,2917,15,4958.9,3752.56,1206.34,Card
9064,2024-02-28,New Mariaton,West,Phone,Accessories,2,2275,20,3640.0,2458.27,1181.73,Net Banking
9065,2025-01-22,East Charles,West,Monitor,Electronics,1,3456,15,2937.6,1776.7,1160.9,UPI
9066,2025-08-07,Kimberlystad,West,Speaker,Accessories,1,1595,0,1595.0,1122.6,472.4,Net Banking
9067,2025-07-13,East Alexis,West,Laptop,Electronics,3,3744,0,11232.0,7811.03,3420.97,Net Banking
9068,2023-12-08,Richardton,West,Tablet,Electronics,3,3363,0,10089.0,5473.41,4615.59,Cash
9069,2025-11-21,Susanborough,East,Phone,Accessories,4,4867,10,17521.2,9098.32,8422.88,Card
9070,2025-01-22,East Bryan,North,Mouse,Electronics,5,340,5,1615.0,992.58,622.42,Card
9071,2024-03-17,Garciamouth,West,Printer,Accessories,5,2495,15,10603.75,6214.88,4388.87,UPI
9072,2024-11-01,Gomezside,East,Printer,Electronics,2,3558,20,5692.8,2972.22,2720.58,Cash
9073,2026-04-17,West Susanville,North,Laptop,Office,3,3181,5,9065.85,7002.94,2062.91,Card
9074,2025-05-29,Valeriemouth,North,Mouse,Electronics,4,1222,20,3910.4,2064.97,1845.43,UPI
9075,2023-09-30,Hudsonville,East,Printer,Office,2,994,5,1888.6,1289.96,598.64,Cash
9076,2025-02-14,Parkermouth,South,Tablet,Office,1,4879,5,4635.05,3647.47,987.58,Card
9077,2024-08-08,Jillianborough,West,Laptop,Accessories,1,1915,10,1723.5,1164.29,559.21,UPI
9078,2025-08-14,Thomaschester,South,Phone,Office,5,1411,20,5644.0,3393.63,2250.37,Card
9079,2025-07-07,Lake Edward,South,Phone,Electronics,5,2906,5,13803.5,7456.36,6347.14,Cash
9080,2026-03-08,Johnsonmouth,East,Camera,Office,2,1941,0,3882.0,2033.37,1848.63,Net Banking
9081,2024-12-03,Mosesmouth,South,Phone,Office,1,2210,20,1768.0,1272.36,495.64,Card
9082,2025-07-09,Lake Sharon,South,Speaker,Accessories,1,3202,0,3202.0,1902.76,1299.24,Cash
9083,2025-10-11,Tracychester,North,Headphones,Office,2,1467,20,2347.2,1368.57,978.63,Card
9084,2025-06-28,West Keithland,East,Keyboard,Electronics,5,3852,20,15408.0,11960.06,3447.94,UPI
9085,2024-10-15,East William,East,Printer,Accessories,4,2497,20,7990.4,6147.76,1842.64,Net Banking
9086,2023-12-23,South Samuel,North,Speaker,Electronics,3,1563,15,3985.65,2252.17,1733.48,UPI
9087,2025-05-30,Markborough,North,Tablet,Office,1,4467,20,3573.6,2727.97,845.63,Card
9088,2024-04-22,Ericport,North,Phone,Electronics,2,4775,5,9072.5,6751.13,2321.37,Net Banking
9089,2026-03-02,Cindyville,West,Printer,Electronics,2,4276,0,8552.0,4501.27,4050.73,Net Banking
9090,2026-02-26,Tammieville,West,Monitor,Office,2,1507,20,2411.2,1281.33,1129.87,UPI
9091,2023-12-20,North Jacqueline,North,Tablet,Accessories,4,4120,5,15656.0,8176.4,7479.6,Cash
9092,2026-05-02,South Andrew,East,Keyboard,Accessories,1,2838,15,2412.3,1467.89,944.41,UPI
9093,2025-12-18,North Robertview,West,Phone,Accessories,1,1329,15,1129.65,796.21,333.44,UPI
9094,2023-11-26,Yangchester,South,Speaker,Office,4,1204,15,4093.6,2593.28,1500.32,Cash
9095,2025-10-30,Beckerside,West,Phone,Electronics,3,1820,0,5460.0,3874.31,1585.69,Net Banking
9096,2026-05-16,East Jennifer,South,Phone,Office,5,4336,0,21680.0,16587.74,5092.26,Cash
9097,2024-07-16,Lindsayside,North,Laptop,Accessories,5,1576,20,6304.0,4910.05,1393.95,Cash
9098,2024-02-03,North Carlashire,East,Tablet,Office,5,1286,5,6108.5,4712.45,1396.05,Net Banking
9099,2024-06-26,North Randall,North,Phone,Office,4,935,15,3179.0,2373.64,805.36,Cash
9100,2025-11-19,Dianafort,North,Speaker,Electronics,4,397,0,1588.0,838.56,749.44,UPI
9101,2025-05-06,Frederickmouth,West,Tablet,Accessories,4,1991,15,6769.4,4504.83,2264.57,Cash
9102,2025-10-31,Justinshire,East,Camera,Electronics,4,1044,20,3340.8,2007.12,1333.68,UPI
9103,2025-08-18,East Amy,West,Monitor,Electronics,2,2273,0,4546.0,3163.77,1382.23,Net Banking
9104,2025-02-07,East Cynthia,South,Camera,Electronics,4,4167,5,15834.6,10998.74,4835.86,Cash
9105,2025-08-01,South Kimberly,East,Speaker,Office,5,332,15,1411.0,1104.41,306.59,Card
9106,2026-01-25,Patelshire,North,Laptop,Electronics,1,1381,0,1381.0,979.62,401.38,UPI
9107,2025-08-06,Port Mark,East,Printer,Accessories,2,4931,20,7889.6,4374.95,3514.65,UPI
9108,2024-12-10,Kingborough,East,Printer,Electronics,2,782,0,1564.0,782.05,781.95,Net Banking
9109,2025-04-30,West David,North,Headphones,Electronics,4,800,0,3200.0,2457.96,742.04,Cash
9110,2025-08-24,Amyberg,East,Speaker,Accessories,3,4854,5,13833.9,9039.28,4794.62,Card
9111,2024-10-09,Olsonmouth,East,Tablet,Office,5,2578,10,11601.0,6670.11,4930.89,UPI
9112,2024-03-21,Patriciashire,South,Laptop,Electronics,5,3518,15,14951.5,8251.71,6699.79,Card
9113,2025-01-31,Walkerton,East,Camera,Electronics,4,2009,15,6830.6,3818.27,3012.33,UPI
9114,2025-01-08,Mollyland,North,Camera,Accessories,3,622,20,1492.8,1117.59,375.21,Card
9115,2025-06-18,North Stephenborough,North,Mouse,Office,2,3596,20,5753.6,3196.26,2557.34,Cash
9116,2026-04-27,Ibarramouth,West,Monitor,Electronics,4,2264,10,8150.4,6428.82,1721.58,UPI
9117,2024-01-20,Robertsburgh,West,Printer,Office,1,459,5,436.05,347.72,88.33,Net Banking
9118,2024-02-03,Jerryton,North,Mouse,Office,3,1596,15,4069.8,2424.5,1645.3,UPI
9119,2024-12-12,Taylormouth,North,Tablet,Accessories,2,3154,10,5677.2,3062.44,2614.76,Card
9120,2023-08-13,Dianamouth,West,Mouse,Electronics,5,4159,20,16636.0,9566.39,7069.61,UPI
9121,2025-07-20,South Lisa,West,Printer,Accessories,3,4616,15,11770.8,8777.28,2993.52,Card
9122,2026-04-11,East Justin,South,Printer,Electronics,4,1408,10,5068.8,2923.87,2144.93,Card
9123,2026-02-10,West Jamesview,North,Headphones,Electronics,3,339,5,966.15,537.66,428.49,Cash
9124,2026-04-08,South Keithburgh,East,Laptop,Electronics,2,3704,0,7408.0,5860.68,1547.32,UPI
9125,2026-03-23,North Maryshire,East,Headphones,Office,2,2122,20,3395.2,2001.62,1393.58,UPI
9126,2025-12-04,Davidview,West,Camera,Office,1,4756,10,4280.4,2192.17,2088.23,Cash
9127,2025-10-28,Batesfort,South,Headphones,Accessories,5,899,20,3596.0,1986.72,1609.28,Cash
9128,2025-09-25,Port Benjaminville,West,Camera,Electronics,1,1016,0,1016.0,688.01,327.99,Card
9129,2023-08-22,Carpenterville,South,Mouse,Office,3,623,0,1869.0,1356.57,512.43,Net Banking
9130,2025-07-12,West Judy,West,Mouse,Office,5,3810,15,16192.5,10108.4,6084.1,Net Banking
9131,2024-12-27,South Dylan,West,Headphones,Electronics,4,1811,0,7244.0,5132.16,2111.84,Net Banking
9132,2024-03-04,Nancyfort,South,Camera,Office,5,1538,0,7690.0,5339.8,2350.2,UPI
9133,2023-12-12,Teresahaven,West,Mouse,Electronics,1,3412,20,2729.6,1897.52,832.08,Net Banking
9134,2025-02-25,South Amanda,West,Keyboard,Office,2,2566,10,4618.8,3225.81,1392.99,Cash
9135,2024-07-19,Reedmouth,North,Keyboard,Accessories,5,3860,5,18335.0,9701.79,8633.21,Cash
9136,2025-01-07,Stephaniefurt,West,Mouse,Accessories,5,1577,10,7096.5,4743.96,2352.54,Net Banking
9137,2024-12-04,Bethanyville,South,Printer,Electronics,3,2658,5,7575.3,4060.07,3515.23,Cash
9138,2025-08-14,South Nicole,South,Keyboard,Electronics,4,737,5,2800.6,1753.13,1047.47,Card
9139,2024-09-19,South Michaela,North,Printer,Accessories,5,380,10,1710.0,1358.14,351.86,Net Banking
9140,2025-03-25,East Deborah,East,Printer,Electronics,4,2536,0,10144.0,6502.88,3641.12,UPI
9141,2023-10-29,South Jenniferside,West,Phone,Accessories,5,4013,20,16052.0,11018.33,5033.67,UPI
9142,2026-03-27,Amymouth,South,Camera,Accessories,5,2181,20,8724.0,4574.8,4149.2,UPI
9143,2025-02-09,Hamiltonborough,North,Camera,Office,1,3040,5,2888.0,1871.48,1016.52,Card
9144,2023-09-22,Jameschester,East,Laptop,Accessories,4,778,5,2956.4,1644.36,1312.04,Card
9145,2025-01-17,East Kellyland,North,Speaker,Accessories,2,1498,5,2846.2,1753.78,1092.42,UPI
9146,2024-04-26,Theresachester,South,Tablet,Accessories,1,772,5,733.4,372.5,360.9,UPI
9147,2025-09-10,North Larry,West,Speaker,Accessories,5,3417,15,14522.25,11172.53,3349.72,Net Banking
9148,2025-12-10,Lake Jose,West,Camera,Electronics,5,650,15,2762.5,1524.76,1237.74,Cash
9149,2024-02-02,Lake Amandaside,East,Speaker,Accessories,1,3651,20,2920.8,1612.63,1308.17,UPI
9150,2025-02-16,Atkinstown,North,Headphones,Accessories,1,3746,5,3558.7,2774.23,784.47,UPI
9151,2023-08-23,Danielshaven,West,Laptop,Office,2,797,10,1434.6,770.38,664.22,Net Banking
9152,2026-04-05,Kimberlyborough,West,Camera,Electronics,2,3857,5,7328.3,3904.35,3423.95,Cash
9153,2025-01-24,West Jasonchester,South,Tablet,Accessories,5,1326,20,5304.0,3986.74,1317.26,Net Banking
9154,2024-01-28,Robertsville,North,Monitor,Accessories,1,3765,20,3012.0,2268.77,743.23,Cash
9155,2023-11-12,Lake Jimmy,South,Tablet,Office,1,1148,0,1148.0,714.43,433.57,Net Banking
9156,2025-04-16,East Krystal,East,Speaker,Office,2,3949,0,7898.0,4201.08,3696.92,Net Banking
9157,2025-08-16,Port Dennisville,South,Camera,Office,4,929,10,3344.4,2200.31,1144.09,UPI
9158,2026-01-15,Port Martin,South,Speaker,Office,2,3028,20,4844.8,3157.82,1686.98,UPI
9159,2026-05-31,East Charles,West,Mouse,Electronics,5,4126,20,16504.0,9311.19,7192.81,UPI
9160,2025-02-24,Lake Andrew,South,Tablet,Electronics,3,654,0,1962.0,1516.43,445.57,UPI
9161,2026-01-03,Justinfurt,South,Camera,Accessories,5,642,5,3049.5,2007.3,1042.2,Cash
9162,2023-12-27,New Lisafort,South,Camera,Accessories,4,2978,5,11316.4,7718.58,3597.82,Net Banking
9163,2025-09-20,North Christopherhaven,East,Headphones,Accessories,2,1384,15,2352.8,1708.84,643.96,Net Banking
9164,2024-11-20,East James,East,Headphones,Electronics,4,3725,5,14155.0,7195.24,6959.76,Cash
9165,2024-08-18,New Robertside,South,Mouse,Electronics,2,4079,20,6526.4,4582.68,1943.72,Net Banking
9166,2025-06-09,West Joanna,West,Tablet,Accessories,1,3426,5,3254.7,2376.63,878.07,Cash
9167,2025-08-30,Kristamouth,North,Monitor,Accessories,4,4429,10,15944.4,10467.83,5476.57,Cash
9168,2024-08-04,South Joanview,West,Tablet,Accessories,1,1979,0,1979.0,1410.02,568.98,UPI
9169,2025-12-21,Lawrencehaven,East,Phone,Electronics,2,4163,5,7909.7,5414.99,2494.71,Cash
9170,2023-08-30,Obrienside,North,Mouse,Office,4,152,20,486.4,329.59,156.81,UPI
9171,2024-07-01,New Benjaminville,West,Monitor,Office,4,4642,0,18568.0,9610.13,8957.87,Cash
9172,2025-07-20,West Lindsayton,South,Tablet,Electronics,1,1771,15,1505.35,1131.03,374.32,Card
9173,2024-04-16,Cummingsside,East,Keyboard,Electronics,4,2740,0,10960.0,6582.56,4377.44,Card
9174,2024-05-31,Kristinafort,East,Tablet,Office,4,182,5,691.6,445.75,245.85,Card
9175,2026-01-29,New Maryfort,South,Camera,Accessories,3,555,15,1415.25,1090.15,325.1,Cash
9176,2023-08-12,West Amber,North,Headphones,Electronics,3,4403,15,11227.65,8469.35,2758.3,UPI
9177,2024-03-23,Port Philipfort,West,Mouse,Electronics,4,633,0,2532.0,1835.46,696.54,UPI
9178,2026-07-14,Kathleenmouth,West,Camera,Office,4,3787,10,13633.2,7250.02,6383.18,Cash
9179,2024-09-29,North Rileyhaven,West,Mouse,Electronics,2,2450,0,4900.0,3380.66,1519.34,Cash
9180,2026-03-20,New Catherine,West,Mouse,Accessories,3,238,15,606.9,363.89,243.01,Net Banking
9181,2026-04-11,Cartermouth,North,Speaker,Accessories,2,4788,5,9097.2,4810.2,4287.0,Cash
9182,2024-06-30,East Marie,South,Tablet,Accessories,2,2356,0,4712.0,3568.25,1143.75,Cash
9183,2024-10-23,Katherinehaven,West,Laptop,Electronics,3,749,20,1797.6,1437.6,360.0,Card
9184,2023-08-21,West Jorge,East,Tablet,Accessories,2,1343,15,2283.1,1608.17,674.93,Card
9185,2026-04-14,Jamesmouth,East,Phone,Accessories,4,3175,5,12065.0,7126.8,4938.2,UPI
9186,2024-01-18,Youngland,West,Monitor,Office,3,4383,0,13149.0,8693.56,4455.44,Net Banking
9187,2023-10-10,Smithmouth,North,Phone,Office,1,2547,15,2164.95,1480.58,684.37,Card
9188,2026-06-20,East Ian,West,Mouse,Electronics,4,4509,15,15330.6,11117.37,4213.23,Card
9189,2026-06-27,Stephensshire,North,Mouse,Accessories,2,4263,15,7247.1,4555.52,2691.58,Cash
9190,2023-09-03,Drakebury,East,Phone,Electronics,4,681,20,2179.2,1342.63,836.57,UPI
9191,2024-10-23,South Johntown,West,Headphones,Office,3,401,20,962.4,496.29,466.11,Card
9192,2024-02-15,Baileyton,South,Camera,Electronics,3,2783,15,7096.65,3763.35,3333.3,Card
9193,2024-01-22,West Kenneth,North,Headphones,Accessories,1,4979,0,4979.0,3575.35,1403.65,Cash
9194,2026-01-18,Meganhaven,East,Phone,Electronics,2,2844,5,5403.6,3721.19,1682.41,Net Banking
9195,2025-11-04,Jacksonport,North,Tablet,Office,4,3402,5,12927.6,10171.43,2756.17,Cash
9196,2025-08-10,Riosville,North,Headphones,Office,4,3478,0,13912.0,10472.69,3439.31,Cash
9197,2023-08-15,Riverahaven,North,Headphones,Electronics,3,662,0,1986.0,1489.85,496.15,UPI
9198,2023-11-10,West Josephfurt,North,Monitor,Accessories,3,376,5,1071.6,787.09,284.51,Cash
9199,2024-01-21,East Cheryl,North,Mouse,Electronics,2,3898,15,6626.6,4646.48,1980.12,UPI
9200,2023-11-04,South Lisa,West,Tablet,Accessories,3,3031,5,8638.35,6582.45,2055.9,Net Banking
9201,2025-10-09,Wattsshire,North,Mouse,Office,5,4285,0,21425.0,15894.36,5530.64,Cash
9202,2023-12-11,New Jose,North,Printer,Accessories,2,3218,0,6436.0,3865.64,2570.36,Cash
9203,2026-04-07,North William,West,Headphones,Office,4,2365,0,9460.0,7189.81,2270.19,UPI
9204,2025-11-17,Josephfort,East,Mouse,Office,1,1145,5,1087.75,612.04,475.71,Net Banking
9205,2026-02-19,West Felicia,South,Speaker,Accessories,2,3502,15,5953.4,3877.21,2076.19,Cash
9206,2025-03-06,Port Jeanne,West,Monitor,Electronics,3,4561,10,12314.7,8947.99,3366.71,Net Banking
9207,2026-03-24,Darrenside,East,Tablet,Electronics,3,4106,0,12318.0,9201.3,3116.7,Cash
9208,2023-09-14,Lake Christine,North,Printer,Electronics,3,1679,5,4785.15,3285.09,1500.06,UPI
9209,2025-04-08,Brandonview,South,Speaker,Office,4,455,20,1456.0,1150.84,305.16,Card
9210,2025-05-06,North Holly,West,Phone,Accessories,5,2774,15,11789.5,6218.21,5571.29,UPI
9211,2024-12-31,Clarkstad,South,Phone,Electronics,1,159,5,151.05,97.99,53.06,UPI
9212,2024-01-21,Danielfort,West,Laptop,Electronics,5,3535,20,14140.0,10995.04,3144.96,Net Banking
9213,2026-04-21,Mccarthyborough,East,Monitor,Accessories,4,2786,15,9472.4,7366.52,2105.88,Net Banking
9214,2025-03-22,Nancyberg,West,Tablet,Accessories,2,1643,20,2628.8,1853.66,775.14,Net Banking
9215,2024-02-13,Lake Thomas,West,Printer,Accessories,5,615,10,2767.5,2076.8,690.7,UPI
9216,2024-09-09,Jeremiahside,North,Speaker,Accessories,5,2854,0,14270.0,9713.6,4556.4,UPI
9217,2025-10-13,Hillville,South,Tablet,Accessories,3,3181,0,9543.0,7213.45,2329.55,Card
9218,2026-04-18,Danielstad,East,Keyboard,Electronics,3,896,0,2688.0,1531.76,1156.24,Net Banking
9219,2024-07-13,North Nicoleberg,South,Mouse,Accessories,1,2056,5,1953.2,977.06,976.14,Net Banking
9220,2025-11-09,Levinetown,West,Laptop,Accessories,4,3531,20,11299.2,8176.99,3122.21,Cash
9221,2024-12-17,New Robert,North,Laptop,Accessories,1,563,20,450.4,232.42,217.98,Card
9222,2026-03-14,Johnchester,East,Printer,Accessories,5,3654,15,15529.5,8561.9,6967.6,Cash
9223,2025-10-01,Port Jessicaberg,South,Mouse,Electronics,1,2895,15,2460.75,1256.87,1203.88,Cash
9224,2026-07-12,South Cindy,North,Laptop,Electronics,5,859,15,3650.75,2709.29,941.46,Card
9225,2025-01-17,West Michael,South,Keyboard,Office,3,4133,0,12399.0,7443.94,4955.06,Cash
9226,2024-02-04,Judithport,East,Camera,Accessories,5,2400,5,11400.0,7840.29,3559.71,UPI
9227,2024-05-25,New Elizabethton,East,Keyboard,Office,4,1804,15,6133.6,4722.47,1411.13,Card
9228,2025-05-04,Grossberg,South,Mouse,Office,5,3368,5,15998.0,9802.74,6195.26,UPI
9229,2023-08-02,West Sarahside,East,Phone,Office,1,3080,5,2926.0,1775.55,1150.45,Net Banking
9230,2026-07-01,Port Lindsay,East,Keyboard,Office,3,503,15,1282.65,1006.63,276.02,Card
9231,2024-06-15,West Angieside,West,Speaker,Accessories,1,2928,10,2635.2,1365.81,1269.39,Cash
9232,2024-05-02,Morrisshire,South,Camera,Electronics,1,2360,20,1888.0,1023.76,864.24,Cash
9233,2024-11-16,North Brittany,North,Speaker,Office,4,2119,20,6780.8,3894.31,2886.49,Card
9234,2023-08-08,Dodsonview,West,Phone,Accessories,2,2381,0,4762.0,2511.51,2250.49,Cash
9235,2025-11-25,Christinaburgh,West,Mouse,Electronics,2,3614,15,6143.8,3518.19,2625.61,UPI
9236,2024-03-20,Adamstad,South,Tablet,Office,1,2903,5,2757.85,1463.48,1294.37,Card
9237,2024-10-26,Hooverfurt,North,Camera,Electronics,4,158,20,505.6,341.93,163.67,Cash
9238,2026-05-08,Port Williamchester,South,Speaker,Office,3,920,5,2622.0,1384.71,1237.29,Net Banking
9239,2026-02-19,Griffinburgh,East,Phone,Electronics,5,4362,15,18538.5,10350.93,8187.57,Card
9240,2024-04-13,Austinview,West,Mouse,Accessories,1,3969,10,3572.1,2192.01,1380.09,Card
9241,2024-05-17,Gonzalesview,East,Headphones,Electronics,4,4109,0,16436.0,11213.23,5222.77,Cash
9242,2024-05-17,Donaldhaven,North,Tablet,Electronics,4,1807,20,5782.4,4236.74,1545.66,Card
9243,2025-02-23,Port Kristinahaven,North,Mouse,Accessories,1,1364,0,1364.0,999.49,364.51,Card
9244,2024-09-04,Victoriafurt,East,Laptop,Electronics,2,4532,0,9064.0,5379.46,3684.54,Card
9245,2024-08-22,Morganland,West,Mouse,Electronics,4,2326,0,9304.0,5608.3,3695.7,Card
9246,2024-05-14,Joneston,South,Camera,Electronics,3,3129,20,7509.6,4068.58,3441.02,Card
9247,2024-12-04,Jaredborough,North,Mouse,Office,1,3952,10,3556.8,2071.65,1485.15,Net Banking
9248,2025-12-10,Port Thomas,South,Printer,Accessories,2,4088,20,6540.8,4911.85,1628.95,Cash
9249,2024-07-28,North Jennifer,North,Tablet,Accessories,2,4366,0,8732.0,6350.89,2381.11,UPI
9250,2026-05-13,Stephanieport,South,Tablet,Office,3,197,0,591.0,426.35,164.65,Net Banking
9251,2024-11-21,South Lisashire,East,Phone,Office,1,642,15,545.7,296.56,249.14,Cash
9252,2024-06-08,West Kenneth,North,Laptop,Accessories,4,2418,10,8704.8,6429.66,2275.14,Cash
9253,2023-08-25,North Derekburgh,West,Mouse,Office,2,838,5,1592.2,856.78,735.42,Card
9254,2023-10-04,Sharonhaven,East,Monitor,Electronics,2,1374,15,2335.8,1283.7,1052.1,Card
9255,2023-12-21,South Geoffreyville,West,Mouse,Office,5,4835,5,22966.25,13581.92,9384.33,Cash
9256,2023-10-05,Sarahville,South,Camera,Accessories,2,1636,5,3108.4,2345.42,762.98,Cash
9257,2026-03-26,Karenmouth,North,Tablet,Accessories,2,1391,15,2364.7,1720.62,644.08,Cash
9258,2025-08-23,Tonyaside,East,Tablet,Electronics,2,2917,0,5834.0,3418.73,2415.27,Net Banking
9259,2025-11-19,Charlesport,East,Monitor,Accessories,1,2744,10,2469.6,1404.3,1065.3,Cash
9260,2026-03-07,Mariastad,North,Keyboard,Accessories,5,4929,0,24645.0,17750.32,6894.68,Net Banking
9261,2023-09-07,Lake Julia,East,Printer,Accessories,4,2164,10,7790.4,5636.25,2154.15,Card
9262,2025-10-01,South Raymond,North,Keyboard,Electronics,5,959,0,4795.0,3481.29,1313.71,Card
9263,2026-06-08,Jeremyport,West,Phone,Office,2,771,5,1464.9,778.46,686.44,Net Banking
9264,2026-07-09,East Brittney,West,Keyboard,Office,4,1241,10,4467.6,3501.21,966.39,UPI
9265,2025-12-31,Sandershaven,South,Keyboard,Electronics,1,1312,20,1049.6,687.69,361.91,Card
9266,2023-12-11,Cantustad,North,Laptop,Electronics,4,2769,5,10522.2,7322.45,3199.75,Net Banking
9267,2026-01-20,Schmittview,West,Phone,Electronics,3,4576,20,10982.4,7668.98,3313.42,Cash
9268,2023-10-12,North Stephanie,South,Printer,Electronics,3,4383,10,11834.1,6048.77,5785.33,UPI
9269,2025-05-16,Barbaraside,North,Monitor,Electronics,5,3217,15,13672.25,8520.19,5152.06,Card
9270,2024-07-09,Port Jaredchester,South,Keyboard,Office,4,1375,5,5225.0,3985.72,1239.28,Card
9271,2024-06-10,East Adam,East,Speaker,Office,4,2361,15,8027.4,5393.63,2633.77,Cash
9272,2024-06-17,Andreaport,South,Laptop,Accessories,4,3046,20,9747.2,7519.71,2227.49,Cash
9273,2025-03-27,West Richard,West,Keyboard,Electronics,5,4667,20,18668.0,11362.45,7305.55,Cash
9274,2025-08-20,Bettychester,North,Camera,Accessories,4,817,15,2777.8,1542.84,1234.96,Card
9275,2024-09-01,New Rhondachester,South,Laptop,Office,4,1153,10,4150.8,2307.53,1843.27,Net Banking
9276,2025-09-27,New Michael,South,Monitor,Electronics,4,1298,15,4413.2,3509.68,903.52,Net Banking
9277,2024-12-01,North Daniellemouth,North,Printer,Accessories,1,668,5,634.6,464.43,170.17,UPI
9278,2026-03-07,West Molly,South,Headphones,Accessories,4,3092,20,9894.4,6466.35,3428.05,Card
9279,2024-01-02,West Eric,South,Phone,Accessories,3,4299,10,11607.3,7867.62,3739.68,Cash
9280,2026-05-05,Alyssabury,West,Keyboard,Accessories,5,3956,20,15824.0,11816.41,4007.59,UPI
9281,2025-04-05,East Chadfort,West,Tablet,Accessories,3,2007,20,4816.8,2980.54,1836.26,Net Banking
9282,2024-05-11,Alexisshire,South,Camera,Office,1,1643,15,1396.55,1070.89,325.66,Net Banking
9283,2023-11-29,New Amanda,South,Tablet,Accessories,4,1259,20,4028.8,3017.97,1010.83,UPI
9284,2026-06-05,Port Anthony,West,Monitor,Electronics,5,4824,20,19296.0,11100.16,8195.84,UPI
9285,2024-04-23,Lake Mariatown,South,Headphones,Electronics,2,1682,10,3027.6,1952.62,1074.98,Cash
9286,2026-01-08,East Chrisborough,South,Mouse,Electronics,5,3876,0,19380.0,15066.31,4313.69,Net Banking
9287,2025-12-26,West Keithmouth,South,Tablet,Accessories,2,3180,5,6042.0,4152.87,1889.13,Cash
9288,2026-06-26,Prattport,West,Camera,Office,1,2321,20,1856.8,1404.09,452.71,Cash
9289,2026-01-29,East Erinmouth,South,Tablet,Office,3,4770,20,11448.0,6670.49,4777.51,UPI
9290,2023-11-26,Lake Rhondastad,North,Speaker,Electronics,5,4852,20,19408.0,15069.36,4338.64,Card
9291,2023-10-26,North Lorettatown,East,Printer,Electronics,1,3695,20,2956.0,1823.86,1132.14,Net Banking
9292,2024-11-21,Lynnville,South,Speaker,Electronics,3,3007,5,8569.95,6379.64,2190.31,Card
9293,2024-12-10,Lake Diane,North,Laptop,Electronics,3,2734,5,7791.9,6036.24,1755.66,UPI
9294,2023-11-12,Hughesside,West,Tablet,Electronics,5,4816,15,20468.0,15898.66,4569.34,Card
9295,2024-12-03,Davidsonton,South,Keyboard,Electronics,4,4346,15,14776.4,7636.91,7139.49,UPI
9296,2024-12-18,Johnsonfurt,South,Laptop,Electronics,3,4203,5,11978.55,8251.03,3727.52,Card
9297,2026-06-23,Lake Jill,West,Camera,Accessories,5,2925,20,11700.0,8428.62,3271.38,Card
9298,2025-07-06,Jonesfort,South,Keyboard,Accessories,4,284,10,1022.4,665.74,356.66,Card
9299,2024-04-26,South Christine,East,Laptop,Accessories,5,1035,15,4398.75,3165.73,1233.02,UPI
9300,2026-04-12,New David,North,Printer,Office,5,2504,15,10642.0,8439.54,2202.46,UPI
9301,2026-02-04,North Kathy,South,Phone,Office,4,2929,0,11716.0,8832.18,2883.82,UPI
9302,2025-09-21,Codychester,South,Laptop,Accessories,3,1438,20,3451.2,2146.36,1304.84,Cash
9303,2025-06-21,Lake Joseville,West,Mouse,Accessories,4,4591,15,15609.4,11269.72,4339.68,UPI
9304,2024-11-18,Evanport,North,Headphones,Accessories,1,3833,20,3066.4,2167.95,898.45,Net Banking
9305,2024-02-10,Powersmouth,West,Monitor,Accessories,5,2205,20,8820.0,4733.89,4086.11,Card
9306,2025-02-06,South Bryanview,West,Laptop,Accessories,2,633,15,1076.1,769.65,306.45,UPI
9307,2026-04-15,Lake Robert,East,Tablet,Electronics,3,1074,20,2577.6,2011.39,566.21,Card
9308,2024-05-03,North Jenniferton,South,Phone,Accessories,2,1790,20,2864.0,2155.15,708.85,Net Banking
9309,2023-10-09,Mcdonaldport,West,Headphones,Office,2,4858,0,9716.0,4959.44,4756.56,Cash
9310,2025-02-03,North Joseph,North,Speaker,Accessories,4,583,20,1865.6,1303.86,561.74,UPI
9311,2024-04-10,Brandihaven,East,Headphones,Office,2,529,15,899.3,529.91,369.39,UPI
9312,2025-01-14,Guerreroville,South,Laptop,Accessories,1,1722,10,1549.8,1060.39,489.41,Net Banking
9313,2026-05-21,Westfort,South,Headphones,Accessories,1,4634,5,4402.3,2969.03,1433.27,Card
9314,2025-03-14,New Mackenzie,South,Camera,Electronics,1,1785,0,1785.0,1158.47,626.53,Net Banking
9315,2025-12-06,North Samanthachester,West,Phone,Electronics,3,1308,20,3139.2,1828.99,1310.21,Cash
9316,2025-12-26,Stevenland,South,Keyboard,Electronics,4,4486,0,17944.0,13518.48,4425.52,UPI
9317,2025-03-11,Scottburgh,South,Monitor,Accessories,4,337,5,1280.6,660.09,620.51,Card
9318,2026-05-05,Hernandezborough,South,Phone,Accessories,1,815,10,733.5,565.91,167.59,Card
9319,2025-03-07,Terrichester,North,Headphones,Accessories,1,4268,0,4268.0,3168.84,1099.16,Net Banking
9320,2023-08-23,Jennamouth,North,Headphones,Office,1,3923,15,3334.55,2213.31,1121.24,Card
9321,2023-09-09,West Davidberg,East,Mouse,Electronics,2,1181,5,2243.9,1307.5,936.4,Card
9322,2025-05-13,South Dianaburgh,North,Tablet,Electronics,2,798,15,1356.6,955.21,401.39,UPI
9323,2026-04-04,Lake Christopher,West,Monitor,Accessories,3,1411,15,3598.05,2247.15,1350.9,UPI
9324,2024-02-16,Lake Brandonland,East,Phone,Accessories,4,3574,5,13581.2,7065.86,6515.34,Card
9325,2026-05-26,Laurafort,South,Phone,Electronics,3,550,5,1567.5,813.92,753.58,Net Banking
9326,2025-08-25,North Richard,North,Tablet,Accessories,1,1099,10,989.1,754.36,234.74,Cash
9327,2024-11-26,South Kathleenstad,East,Phone,Office,3,4223,5,12035.55,6041.38,5994.17,Card
9328,2024-11-15,Hudsonmouth,North,Speaker,Accessories,3,2177,10,5877.9,3158.37,2719.53,Net Banking
9329,2024-04-24,Adamsborough,South,Keyboard,Office,3,2126,15,5421.3,2714.62,2706.68,Net Banking
9330,2023-10-03,Mirandaburgh,South,Keyboard,Electronics,5,4345,5,20638.75,15297.16,5341.59,Card
9331,2025-10-10,Davisville,East,Keyboard,Accessories,4,3713,15,12624.2,9491.64,3132.56,Card
9332,2025-08-02,Port Davidtown,South,Monitor,Office,3,643,15,1639.65,849.34,790.31,UPI
9333,2024-03-08,East Emily,East,Headphones,Accessories,2,1089,10,1960.2,1200.12,760.08,Card
9334,2026-04-25,Rebeccaview,North,Phone,Accessories,1,4237,15,3601.45,1933.85,1667.6,UPI
9335,2024-06-14,Arthurport,North,Phone,Office,5,4382,0,21910.0,12984.18,8925.82,Card
9336,2026-03-19,Lake Courtney,North,Tablet,Office,1,1169,15,993.65,533.37,460.28,UPI
9337,2024-06-11,Martinezland,West,Camera,Accessories,1,1220,20,976.0,715.65,260.35,Net Banking
9338,2026-02-09,Port Troyside,South,Mouse,Office,5,3947,15,16774.75,10960.2,5814.55,Card
9339,2025-06-26,Davisburgh,South,Mouse,Office,1,3669,5,3485.55,2497.53,988.02,Card
9340,2026-03-14,Davischester,North,Printer,Accessories,3,3075,15,7841.25,4654.55,3186.7,Net Banking
9341,2025-08-29,Tarastad,North,Monitor,Accessories,3,4094,0,12282.0,7950.27,4331.73,Net Banking
9342,2025-05-31,New Randall,East,Keyboard,Electronics,3,4373,20,10495.2,7421.9,3073.3,Card
9343,2024-12-07,Lake Katrinabury,North,Printer,Office,3,3312,20,7948.8,4895.81,3052.99,UPI
9344,2026-04-03,Stephaniefort,North,Speaker,Office,3,4466,20,10718.4,7330.25,3388.15,Card
9345,2023-08-09,East Kimberlyborough,North,Speaker,Electronics,2,3278,5,6228.2,3584.07,2644.13,Net Banking
9346,2024-02-19,New Maryville,East,Laptop,Electronics,2,259,10,466.2,304.77,161.43,Cash
9347,2024-11-15,Ryanchester,North,Laptop,Electronics,2,675,15,1147.5,837.84,309.66,Net Banking
9348,2024-01-08,Jamesberg,West,Phone,Accessories,2,1785,5,3391.5,1985.44,1406.06,Card
9349,2026-01-17,Dustinport,West,Camera,Electronics,3,4663,20,11191.2,7662.7,3528.5,UPI
9350,2026-06-01,Lake Michaelbury,South,Printer,Electronics,2,944,15,1604.8,1076.32,528.48,Cash
9351,2025-04-09,Port Adrienne,East,Keyboard,Electronics,5,2151,0,10755.0,6852.14,3902.86,UPI
9352,2024-12-16,Lake Benjaminstad,East,Tablet,Office,5,3005,15,12771.25,9069.2,3702.05,Net Banking
9353,2025-10-15,Pooleland,West,Laptop,Electronics,4,2882,20,9222.4,6868.47,2353.93,Cash
9354,2024-08-12,East Biancaland,West,Laptop,Office,3,1344,5,3830.4,3001.53,828.87,Cash
9355,2025-09-25,Port Amandamouth,South,Laptop,Electronics,3,3996,15,10189.8,7776.74,2413.06,Cash
9356,2026-02-26,Sandratown,North,Printer,Office,2,3499,20,5598.4,4159.85,1438.55,Net Banking
9357,2024-07-15,Jessicafort,South,Printer,Electronics,3,1907,10,5148.9,3984.93,1163.97,UPI
9358,2024-03-09,Port William,West,Phone,Electronics,1,4518,15,3840.3,2483.6,1356.7,Cash
9359,2023-08-05,Port Sarahborough,North,Speaker,Electronics,3,731,0,2193.0,1340.08,852.92,Card
9360,2024-06-03,East Troy,West,Tablet,Electronics,4,561,15,1907.4,1064.34,843.06,UPI
9361,2024-05-13,Gonzalezport,East,Camera,Electronics,4,1339,15,4552.6,2447.03,2105.57,Net Banking
9362,2026-06-22,North Kennethland,North,Tablet,Electronics,4,2229,10,8024.4,4044.74,3979.66,Card
9363,2024-12-11,Clintonbury,East,Monitor,Accessories,5,1370,10,6165.0,3328.64,2836.36,Net Banking
9364,2026-02-02,New Rebecca,North,Phone,Electronics,3,3737,15,9529.35,7309.98,2219.37,UPI
9365,2025-10-23,Alexisland,East,Monitor,Electronics,1,3030,15,2575.5,1936.59,638.91,UPI
9366,2025-05-26,South Melissa,East,Keyboard,Office,3,267,15,680.85,503.46,177.39,Card
9367,2024-11-14,Lake Teresaberg,West,Laptop,Accessories,5,3857,5,18320.75,14032.0,4288.75,Cash
9368,2025-09-15,West Richardfort,South,Mouse,Electronics,5,1858,5,8825.5,5344.69,3480.81,Card
9369,2024-12-06,Port Tarachester,South,Keyboard,Office,5,2554,10,11493.0,7657.16,3835.84,Card
9370,2025-06-18,Nicolemouth,West,Phone,Electronics,5,4930,0,24650.0,13042.16,11607.84,Net Banking
9371,2024-04-24,Port Jessicashire,North,Printer,Accessories,2,4087,20,6539.2,5114.19,1425.01,Card
9372,2024-05-08,West Ericchester,East,Mouse,Electronics,5,1828,20,7312.0,5159.12,2152.88,Cash
9373,2024-10-29,South Jorgeshire,East,Laptop,Electronics,3,4189,0,12567.0,6787.34,5779.66,Cash
9374,2026-04-26,Port Brianton,West,Laptop,Accessories,1,3115,20,2492.0,1902.28,589.72,UPI
9375,2024-09-26,West Billy,West,Keyboard,Electronics,5,1726,0,8630.0,5731.17,2898.83,Card
9376,2024-09-14,Lisaview,East,Laptop,Office,2,2776,0,5552.0,3720.37,1831.63,Net Banking
9377,2024-04-28,Schroederland,North,Monitor,Office,2,1648,5,3131.2,1851.82,1279.38,Card
9378,2026-04-26,Sanchezberg,South,Keyboard,Accessories,5,4556,5,21641.0,12398.51,9242.49,Net Banking
9379,2023-08-12,Brettburgh,North,Monitor,Office,2,1982,10,3567.6,2581.56,986.04,Card
9380,2026-05-27,North Sergio,East,Speaker,Office,5,4899,20,19596.0,13338.77,6257.23,UPI
9381,2024-11-26,North Travis,East,Phone,Accessories,3,4339,20,10413.6,5244.47,5169.13,Cash
9382,2026-06-20,Port Stephanie,South,Headphones,Accessories,4,4098,10,14752.8,9161.64,5591.16,Card
9383,2026-05-05,Jonesfurt,East,Camera,Electronics,1,404,15,343.4,196.39,147.01,Cash
9384,2024-09-26,Jamesfort,South,Printer,Office,5,4022,0,20110.0,11827.06,8282.94,UPI
9385,2024-04-20,North Micheal,South,Speaker,Accessories,3,4530,20,10872.0,5790.72,5081.28,Cash
9386,2025-07-08,Myersborough,West,Camera,Office,4,3557,5,13516.6,7551.48,5965.12,Card
9387,2026-06-06,Port Jeff,North,Phone,Electronics,5,255,10,1147.5,842.2,305.3,UPI
9388,2026-05-20,New Laurabury,East,Speaker,Electronics,2,3816,15,6487.2,4919.15,1568.05,UPI
9389,2024-02-06,Terrychester,East,Camera,Office,4,4972,20,15910.4,10188.75,5721.65,Net Banking
9390,2024-11-11,Cardenasview,South,Camera,Office,2,916,0,1832.0,1193.09,638.91,UPI
9391,2024-11-06,Natalieview,South,Monitor,Accessories,2,3558,5,6760.2,5044.1,1716.1,Net Banking
9392,2026-04-03,North Douglasberg,North,Keyboard,Electronics,5,2412,0,12060.0,9645.75,2414.25,Card
9393,2023-10-18,Thomasshire,West,Speaker,Office,2,707,0,1414.0,800.51,613.49,UPI
9394,2023-12-24,South Lori,West,Laptop,Office,5,3416,15,14518.0,11027.19,3490.81,Cash
9395,2025-05-22,New Rachelland,West,Headphones,Accessories,1,4865,10,4378.5,3481.91,896.59,UPI
9396,2025-12-25,North Melaniemouth,East,Monitor,Office,4,4666,10,16797.6,12137.84,4659.76,Card
9397,2025-09-26,Wesleyton,North,Laptop,Accessories,4,4741,20,15171.2,12035.18,3136.02,Card
9398,2025-02-12,East Brianburgh,West,Mouse,Office,3,176,10,475.2,269.25,205.95,Card
9399,2026-03-07,South Noahmouth,North,Camera,Office,2,440,20,704.0,365.94,338.06,Card
9400,2025-09-26,West Ericfort,South,Speaker,Office,3,3000,15,7650.0,4645.84,3004.16,UPI
9401,2025-02-15,North Angelachester,East,Monitor,Electronics,4,1480,15,5032.0,3202.45,1829.55,Card
9402,2024-01-16,Port Christy,North,Camera,Office,5,3175,5,15081.25,8974.6,6106.65,UPI
9403,2025-12-10,Julieport,South,Camera,Electronics,2,4039,0,8078.0,4808.03,3269.97,Net Banking
9404,2023-10-10,South Lauraburgh,West,Phone,Accessories,2,1241,15,2109.7,1181.17,928.53,UPI
9405,2024-10-26,Martinezland,South,Monitor,Office,4,4704,0,18816.0,10496.6,8319.4,UPI
9406,2025-02-10,North Melinda,East,Headphones,Accessories,4,4252,0,17008.0,8652.85,8355.15,Cash
9407,2026-06-18,Nathanside,South,Monitor,Accessories,1,1639,10,1475.1,938.3,536.8,Card
9408,2025-05-12,Port Patricia,East,Camera,Office,1,1054,5,1001.3,765.25,236.05,Net Banking
9409,2024-01-07,South Brittanyville,North,Monitor,Accessories,1,2639,10,2375.1,1399.0,976.1,Net Banking
9410,2025-09-14,West Brittanychester,East,Headphones,Electronics,5,4594,10,20673.0,11704.56,8968.44,Net Banking
9411,2024-09-24,West William,West,Mouse,Accessories,5,790,0,3950.0,1990.39,1959.61,Cash
9412,2026-07-25,Mcdonaldshire,South,Laptop,Electronics,3,431,15,1099.05,671.35,427.7,UPI
9413,2025-01-01,East Eddie,East,Headphones,Electronics,1,3569,20,2855.2,2069.14,786.06,Card
9414,2026-05-03,North Lauren,East,Headphones,Electronics,1,2584,5,2454.8,1841.22,613.58,Cash
9415,2023-11-29,Jenniferton,East,Printer,Accessories,4,178,10,640.8,350.49,290.31,UPI
9416,2026-05-28,Thomasfort,East,Monitor,Electronics,1,1747,15,1484.95,957.45,527.5,Card
9417,2024-04-01,Jacquelinefurt,West,Monitor,Electronics,2,537,0,1074.0,707.08,366.92,UPI
9418,2024-01-08,Brownstad,East,Mouse,Office,5,1952,5,9272.0,5701.86,3570.14,Net Banking
9419,2026-04-20,Lake Michellemouth,North,Headphones,Electronics,3,1899,0,5697.0,2882.02,2814.98,Net Banking
9420,2023-11-06,Brianberg,East,Camera,Electronics,4,2897,20,9270.4,5230.5,4039.9,Net Banking
9421,2025-09-12,Port Katieshire,South,Camera,Office,5,3568,5,16948.0,8539.37,8408.63,Net Banking
9422,2024-05-17,Lake Jeffton,South,Speaker,Accessories,5,1672,10,7524.0,5017.71,2506.29,UPI
9423,2023-08-09,Edwardbury,North,Phone,Accessories,4,2272,5,8633.6,5358.25,3275.35,Cash
9424,2025-09-22,New Scott,East,Camera,Accessories,1,880,15,748.0,481.23,266.77,UPI
9425,2024-06-14,North Jerryville,North,Monitor,Accessories,2,723,15,1229.1,940.73,288.37,Card
9426,2024-08-13,Sandraport,West,Printer,Electronics,4,3609,10,12992.4,9327.72,3664.68,UPI
9427,2025-10-04,Richardport,North,Printer,Office,2,312,0,624.0,351.37,272.63,UPI
9428,2025-11-09,Devonfurt,West,Tablet,Accessories,5,3873,0,19365.0,13580.67,5784.33,Cash
9429,2025-06-14,North Scottside,East,Laptop,Electronics,3,2466,0,7398.0,4938.85,2459.15,Net Banking
9430,2025-06-27,New Candace,East,Phone,Office,2,652,20,1043.2,585.74,457.46,UPI
9431,2025-08-07,East Christopher,West,Laptop,Office,5,2544,20,10176.0,5492.56,4683.44,Cash
9432,2023-11-24,South Mario,West,Keyboard,Office,4,1384,0,5536.0,4116.68,1419.32,Cash
9433,2026-02-14,Jenniferberg,West,Keyboard,Accessories,2,1237,5,2350.3,1245.46,1104.84,Card
9434,2024-05-25,Smithtown,South,Monitor,Electronics,5,4082,15,17348.5,13097.83,4250.67,Card
9435,2024-02-12,Devinmouth,West,Mouse,Electronics,5,882,10,3969.0,2897.22,1071.78,Card
9436,2024-11-02,Lake Julietown,East,Monitor,Electronics,5,3018,10,13581.0,10080.86,3500.14,Card
9437,2025-12-05,South Kimville,East,Phone,Electronics,3,355,15,905.25,699.81,205.44,UPI
9438,2026-03-13,Lake Stevenstad,West,Speaker,Electronics,4,2345,10,8442.0,4850.0,3592.0,UPI
9439,2026-02-11,West Nathanstad,South,Keyboard,Office,2,1220,5,2318.0,1244.84,1073.16,Net Banking
9440,2023-12-16,North Jill,South,Printer,Office,1,1981,5,1881.95,1299.29,582.66,Net Banking
9441,2024-11-30,Lake Michaelside,East,Headphones,Electronics,1,1582,15,1344.7,684.59,660.11,Net Banking
9442,2023-11-06,Josephhaven,North,Tablet,Office,1,349,20,279.2,163.66,115.54,Net Banking
9443,2025-06-25,South Samueltown,South,Keyboard,Office,4,3884,10,13982.4,7780.34,6202.06,Net Banking
9444,2024-06-25,North Joy,West,Mouse,Electronics,2,4067,15,6913.9,3883.28,3030.62,UPI
9445,2024-07-17,Ericafurt,West,Headphones,Electronics,4,4576,10,16473.6,11758.23,4715.37,UPI
9446,2026-07-06,Thomasfurt,West,Mouse,Electronics,3,1930,15,4921.5,3349.61,1571.89,Card
9447,2023-09-11,New Corey,North,Speaker,Electronics,5,534,20,2136.0,1347.27,788.73,UPI
9448,2024-04-30,Port Eileenborough,East,Monitor,Accessories,5,4514,0,22570.0,17442.47,5127.53,Card
9449,2025-04-28,Lake Taylor,North,Laptop,Accessories,4,2721,5,10339.8,6707.87,3631.93,UPI
9450,2026-05-05,North Emmaview,West,Headphones,Office,1,1519,5,1443.05,816.43,626.62,Net Banking
9451,2023-10-16,Christinabury,South,Camera,Accessories,3,745,0,2235.0,1380.41,854.59,UPI
9452,2026-05-31,North Daniel,North,Keyboard,Office,2,4620,20,7392.0,4212.41,3179.59,Net Banking
9453,2023-10-26,Port Nathanburgh,West,Monitor,Accessories,3,4867,0,14601.0,10828.07,3772.93,UPI
9454,2025-02-02,Smithmouth,South,Speaker,Office,4,4422,20,14150.4,9610.56,4539.84,Card
9455,2024-04-17,Donaldhaven,North,Printer,Accessories,1,346,0,346.0,177.05,168.95,Cash
9456,2023-08-20,New Jackson,East,Mouse,Office,3,192,10,518.4,377.03,141.37,Net Banking
9457,2026-03-25,Cooperton,West,Phone,Accessories,1,1906,20,1524.8,801.67,723.13,Cash
9458,2026-03-05,New Lynnmouth,North,Camera,Office,4,2482,20,7942.4,6074.34,1868.06,Card
9459,2024-06-03,Catherineshire,South,Camera,Electronics,2,1267,20,2027.2,1238.64,788.56,Net Banking
9460,2026-02-14,Lake William,West,Tablet,Electronics,2,1728,0,3456.0,2446.35,1009.65,UPI
9461,2023-11-21,South Joseph,South,Phone,Office,4,1464,15,4977.6,3854.98,1122.62,Cash
9462,2023-10-02,Kramerstad,North,Printer,Accessories,5,2881,5,13684.75,10747.34,2937.41,Card
9463,2026-04-07,East Steven,West,Keyboard,Office,3,1916,20,4598.4,2793.23,1805.17,Cash
9464,2023-12-02,Jenniferfort,East,Keyboard,Office,5,4130,10,18585.0,10328.87,8256.13,Cash
9465,2026-04-17,Manuelside,South,Mouse,Electronics,5,569,20,2276.0,1706.54,569.46,Net Banking
9466,2026-03-17,Lake Patrick,East,Mouse,Accessories,5,1380,15,5865.0,3322.48,2542.52,Card
9467,2026-05-03,Garymouth,East,Mouse,Accessories,1,2157,0,2157.0,1665.43,491.57,Net Banking
9468,2024-01-11,New Tiffany,West,Camera,Electronics,1,674,20,539.2,306.07,233.13,Net Banking
9469,2025-11-08,Carterville,North,Camera,Electronics,4,2696,15,9166.4,5694.62,3471.78,Cash
9470,2024-10-10,Lake Donnamouth,North,Camera,Office,3,3862,0,11586.0,5874.03,5711.97,UPI
9471,2025-03-19,Alisonhaven,South,Tablet,Accessories,4,2980,10,10728.0,8088.24,2639.76,Net Banking
9472,2025-05-03,Johnfort,West,Mouse,Electronics,2,1193,5,2266.7,1185.57,1081.13,UPI
9473,2023-11-08,North Michaelberg,West,Speaker,Accessories,2,204,15,346.8,214.45,132.35,Net Banking
9474,2026-04-17,Browntown,South,Mouse,Electronics,4,2959,20,9468.8,4963.45,4505.35,Cash
9475,2025-04-10,West Hannah,West,Headphones,Electronics,3,3897,15,9937.35,7456.94,2480.41,Net Banking
9476,2026-01-05,Matthewston,West,Printer,Accessories,5,3252,15,13821.0,9701.63,4119.37,UPI
9477,2025-03-25,West Lindafort,West,Camera,Accessories,2,142,10,255.6,201.32,54.28,Net Banking
9478,2024-04-08,South Abigail,North,Tablet,Office,3,567,10,1530.9,1049.99,480.91,Card
9479,2024-08-04,Rollinshaven,North,Phone,Accessories,3,796,20,1910.4,1492.68,417.72,Cash
9480,2023-10-11,South Daniel,South,Camera,Office,4,2912,5,11065.6,7579.02,3486.58,UPI
9481,2025-10-23,East Kellyfurt,North,Mouse,Accessories,2,3419,5,6496.1,3751.64,2744.46,Net Banking
9482,2023-12-19,Jordanbury,East,Laptop,Electronics,4,1892,5,7189.6,4794.35,2395.25,Net Banking
9483,2024-05-23,Port Lorraineville,West,Keyboard,Office,5,3265,5,15508.75,10896.65,4612.1,UPI
9484,2025-09-02,East Kimberlyshire,North,Keyboard,Office,3,835,5,2379.75,1416.12,963.63,Net Banking
9485,2026-04-27,South Michaelbury,North,Headphones,Electronics,5,2667,0,13335.0,7866.73,5468.27,UPI
9486,2026-07-19,Port Kelseymouth,West,Keyboard,Accessories,1,4866,0,4866.0,2994.79,1871.21,Cash
9487,2023-10-15,Port Greg,East,Camera,Accessories,2,2029,15,3449.3,2689.07,760.23,UPI
9488,2024-10-08,Bakerport,East,Speaker,Office,1,2838,10,2554.2,1684.33,869.87,Net Banking
9489,2025-12-14,North Ianville,North,Phone,Electronics,2,4255,10,7659.0,3851.82,3807.18,Cash
9490,2026-07-27,West Erinmouth,West,Tablet,Office,2,846,5,1607.4,931.26,676.14,Net Banking
9491,2025-12-22,Lake Miranda,North,Speaker,Office,4,4383,15,14902.2,10587.2,4315.0,Net Banking
9492,2024-03-17,Lake Marilynton,South,Camera,Electronics,4,2472,10,8899.2,4987.9,3911.3,Card
9493,2024-08-28,Simmonsburgh,East,Camera,Accessories,1,474,15,402.9,300.89,102.01,UPI
9494,2025-09-30,Port Dillonport,West,Keyboard,Office,2,806,0,1612.0,1033.12,578.88,Cash
9495,2024-08-07,Durhamfurt,North,Mouse,Accessories,2,2031,20,3249.6,2023.97,1225.63,UPI
9496,2024-11-19,Hodgesmouth,North,Headphones,Accessories,2,4039,10,7270.2,4681.7,2588.5,Card
9497,2024-01-13,New Jerrystad,East,Phone,Electronics,1,1715,10,1543.5,847.66,695.84,UPI
9498,2026-06-01,Darylmouth,East,Monitor,Accessories,5,4445,15,18891.25,15039.95,3851.3,Net Banking
9499,2024-11-24,Dawnstad,East,Printer,Accessories,4,561,0,2244.0,1314.67,929.33,UPI
9500,2024-08-08,Tracychester,West,Laptop,Electronics,1,1187,20,949.6,480.3,469.3,Cash
9501,2024-03-06,Michaelstad,West,Phone,Electronics,1,1086,15,923.1,515.87,407.23,UPI
9502,2025-07-12,Patricktown,East,Keyboard,Accessories,1,4440,5,4218.0,2176.89,2041.11,Card
9503,2025-05-03,Deanfort,East,Tablet,Electronics,4,4659,0,18636.0,9571.2,9064.8,Net Banking
9504,2024-03-14,South Stephanietown,West,Headphones,Office,2,4669,10,8404.2,4417.82,3986.38,Cash
9505,2026-03-23,Hernandeztown,West,Speaker,Electronics,1,2242,10,2017.8,1274.38,743.42,Cash
9506,2025-01-31,North Taylorland,North,Printer,Electronics,4,4845,5,18411.0,10578.9,7832.1,Cash
9507,2025-05-14,Cassandrafurt,East,Keyboard,Office,4,3502,20,11206.4,8589.4,2617.0,Card
9508,2024-06-22,Jasontown,East,Phone,Office,2,2780,15,4726.0,2541.7,2184.3,Cash
9509,2024-11-22,South Allen,North,Printer,Office,1,3916,20,3132.8,1943.92,1188.88,Card
9510,2026-01-15,Jenniferhaven,East,Tablet,Office,4,4346,15,14776.4,10131.05,4645.35,Net Banking
9511,2024-11-18,West Benjaminland,West,Speaker,Office,5,3248,15,13804.0,9808.72,3995.28,Cash
9512,2024-07-23,New Jessica,East,Speaker,Office,4,4478,20,14329.6,10638.83,3690.77,Net Banking
9513,2024-10-14,Gonzalezfurt,West,Keyboard,Office,4,2957,5,11236.6,6017.6,5219.0,Cash
9514,2025-12-04,Flynnberg,West,Mouse,Office,5,3999,20,15996.0,12751.43,3244.57,UPI
9515,2024-02-11,Port Marilynberg,North,Printer,Accessories,1,521,10,468.9,364.94,103.96,Card
9516,2025-03-13,North Richardmouth,South,Headphones,Electronics,4,2593,0,10372.0,7491.52,2880.48,Cash
9517,2025-09-16,Lake Johnnyborough,East,Camera,Office,5,2060,10,9270.0,6242.79,3027.21,UPI
9518,2024-12-02,Emilystad,South,Camera,Electronics,5,1929,10,8680.5,4689.38,3991.12,Card
9519,2024-04-29,North John,West,Laptop,Accessories,4,3347,0,13388.0,8446.43,4941.57,Card
9520,2025-12-05,Reginaview,West,Speaker,Electronics,3,136,20,326.4,171.08,155.32,Net Banking
9521,2025-05-16,South Terri,North,Speaker,Accessories,1,871,20,696.8,547.47,149.33,Net Banking
9522,2026-04-11,Port Barbara,South,Keyboard,Electronics,1,3182,20,2545.6,1738.22,807.38,Card
9523,2024-10-25,Rodriguezchester,East,Mouse,Office,4,4116,5,15640.8,9696.25,5944.55,UPI
9524,2024-12-31,East Kathryn,North,Phone,Electronics,1,4710,15,4003.5,2258.81,1744.69,UPI
9525,2024-08-12,Riverahaven,West,Keyboard,Electronics,2,3902,5,7413.8,4102.47,3311.33,Net Banking
9526,2026-05-13,Michaeltown,South,Printer,Office,3,882,20,2116.8,1435.7,681.1,Card
9527,2024-01-03,Armstrongfort,North,Speaker,Office,4,2087,5,7930.6,6312.09,1618.51,Cash
9528,2026-07-23,Port Marcus,West,Speaker,Electronics,5,3336,5,15846.0,9445.24,6400.76,Card
9529,2026-03-11,Christinafort,South,Speaker,Office,2,3240,15,5508.0,2983.82,2524.18,Net Banking
9530,2025-09-09,Port Melindahaven,West,Mouse,Electronics,4,1926,20,6163.2,3113.36,3049.84,Net Banking
9531,2025-11-01,North Amandatown,North,Headphones,Electronics,4,1768,5,6718.4,4370.56,2347.84,UPI
9532,2026-01-23,Lake Gerald,North,Tablet,Electronics,1,1617,5,1536.15,1064.15,472.0,Card
9533,2026-01-01,Jacobsmouth,South,Keyboard,Accessories,1,2441,0,2441.0,1556.09,884.91,UPI
9534,2026-03-27,Sarastad,North,Printer,Office,2,2018,20,3228.8,1825.14,1403.66,Cash
9535,2026-05-07,Holtport,East,Phone,Office,3,2391,20,5738.4,4470.03,1268.37,Cash
9536,2024-04-05,Baxterbury,West,Headphones,Accessories,2,2075,20,3320.0,2338.49,981.51,UPI
9537,2025-12-01,South Melissaberg,South,Keyboard,Accessories,4,3843,0,15372.0,8721.99,6650.01,UPI
9538,2025-10-16,North Josephtown,East,Tablet,Accessories,5,232,5,1102.0,585.58,516.42,Cash
9539,2025-10-06,Josephfurt,South,Keyboard,Office,2,181,0,362.0,216.73,145.27,Cash
9540,2023-11-26,Rodriguezton,West,Monitor,Electronics,5,1938,5,9205.5,6514.33,2691.17,UPI
9541,2025-06-10,West Scottton,East,Printer,Office,1,1528,20,1222.4,637.08,585.32,Card
9542,2024-06-18,East Nancyland,North,Keyboard,Office,4,2554,10,9194.4,6254.25,2940.15,UPI
9543,2026-01-10,South Rebecca,North,Keyboard,Accessories,1,3274,15,2782.9,2166.94,615.96,Net Banking
9544,2025-10-18,Lake Virginia,North,Tablet,Accessories,5,423,15,1797.75,1237.52,560.23,Net Banking
9545,2025-07-19,South William,West,Mouse,Accessories,1,1285,0,1285.0,901.81,383.19,Card
9546,2024-03-09,East Vincentshire,North,Tablet,Office,4,4073,5,15477.4,8722.16,6755.24,Net Banking
9547,2025-07-01,Christinemouth,East,Keyboard,Office,4,1321,15,4491.4,3289.76,1201.64,Net Banking
9548,2026-02-15,Lake Craigshire,North,Camera,Electronics,4,4600,20,14720.0,10405.56,4314.44,Cash
9549,2026-03-31,Port Lisa,North,Printer,Office,2,937,20,1499.2,1155.43,343.77,Card
9550,2026-04-14,Port Stephanieton,South,Camera,Office,1,3355,20,2684.0,1748.69,935.31,Cash
9551,2026-07-07,Port Victoriafurt,North,Monitor,Accessories,2,2569,5,4881.1,3436.11,1444.99,Net Banking
9552,2024-08-15,North Felicia,East,Headphones,Accessories,5,288,15,1224.0,694.33,529.67,Net Banking
9553,2025-08-27,South Lori,North,Monitor,Electronics,3,3282,10,8861.4,6773.26,2088.14,UPI
9554,2024-02-11,Lake Elizabethmouth,North,Mouse,Office,2,3354,0,6708.0,3372.11,3335.89,Net Banking
9555,2025-03-08,Wattstown,North,Phone,Office,1,2822,0,2822.0,1412.83,1409.17,Cash
9556,2025-10-31,Coleshire,West,Headphones,Accessories,1,480,20,384.0,284.61,99.39,Cash
9557,2025-01-21,Port Michael,West,Monitor,Electronics,4,1274,15,4331.6,2298.07,2033.53,UPI
9558,2025-08-27,Johnsontown,East,Mouse,Electronics,3,4798,5,13674.3,10620.77,3053.53,Cash
9559,2025-09-15,Kimberlyland,East,Headphones,Accessories,4,1390,5,5282.0,3558.68,1723.32,Net Banking
9560,2024-01-03,Wyattchester,North,Speaker,Office,3,1321,10,3566.7,2362.04,1204.66,Cash
9561,2024-09-26,South John,East,Phone,Office,5,4128,10,18576.0,11676.42,6899.58,Cash
9562,2024-11-24,Mendozafurt,North,Tablet,Electronics,4,3166,15,10764.4,6064.4,4700.0,Card
9563,2024-05-04,Tonyamouth,East,Printer,Office,2,4692,20,7507.2,4905.45,2601.75,Net Banking
9564,2025-08-24,Brianland,West,Headphones,Accessories,5,2581,0,12905.0,9139.24,3765.76,Card
9565,2026-05-17,Charlesburgh,North,Printer,Electronics,3,1194,20,2865.6,1906.3,959.3,Card
9566,2025-07-07,Nataliemouth,North,Headphones,Accessories,1,2656,5,2523.2,2012.92,510.28,Card
9567,2024-07-06,East Elizabethland,North,Mouse,Electronics,1,194,5,184.3,135.02,49.28,Net Banking
9568,2025-01-31,North Geraldport,South,Monitor,Electronics,5,4583,0,22915.0,15185.29,7729.71,Cash
9569,2024-04-29,Hendersonberg,West,Printer,Office,4,4156,0,16624.0,11237.24,5386.76,Cash
9570,2023-10-23,North Kimberly,South,Phone,Office,1,3667,0,3667.0,2254.98,1412.02,Card
9571,2023-11-19,Lake Kimberlyburgh,North,Tablet,Office,1,3862,20,3089.6,2039.65,1049.95,Card
9572,2024-07-20,Hernandezstad,West,Mouse,Electronics,4,3560,15,12104.0,8272.09,3831.91,Card
9573,2025-11-05,New Meganton,East,Mouse,Accessories,2,1964,20,3142.4,2442.82,699.58,Net Banking
9574,2023-11-07,South Kelly,East,Mouse,Office,1,846,15,719.1,482.07,237.03,Cash
9575,2024-06-11,Douglasside,North,Mouse,Office,4,651,0,2604.0,1646.58,957.42,Cash
9576,2024-12-20,New Dakota,West,Phone,Accessories,3,682,10,1841.4,1435.75,405.65,Cash
9577,2025-05-30,Davidmouth,South,Headphones,Electronics,1,4537,5,4310.15,2250.87,2059.28,UPI
9578,2023-12-13,East Ryan,North,Monitor,Accessories,4,3976,0,15904.0,9391.6,6512.4,UPI
9579,2026-06-22,Danielsburgh,North,Camera,Accessories,1,578,15,491.3,264.5,226.8,Cash
9580,2025-12-18,Ashleymouth,North,Tablet,Accessories,1,3548,10,3193.2,2550.56,642.64,UPI
9581,2024-04-24,South Ericberg,East,Mouse,Accessories,1,2856,20,2284.8,1666.48,618.32,UPI
9582,2026-04-29,North Megan,South,Speaker,Accessories,2,4217,5,8012.3,6392.77,1619.53,Card
9583,2024-01-11,Santiagostad,West,Tablet,Accessories,5,4558,0,22790.0,12148.07,10641.93,Net Banking
9584,2024-04-02,Adrianborough,South,Monitor,Office,2,2310,20,3696.0,2676.35,1019.65,Cash
9585,2024-03-09,Lake Jordanside,North,Keyboard,Electronics,4,2558,20,8185.6,4991.02,3194.58,Net Banking
9586,2023-12-04,Jesseville,South,Mouse,Accessories,3,4859,20,11661.6,8531.26,3130.34,Card
9587,2026-03-02,Davidchester,West,Phone,Accessories,2,4591,20,7345.6,3867.61,3477.99,Cash
9588,2025-10-26,North Travisville,South,Speaker,Office,4,3697,10,13309.2,8380.99,4928.21,Card
9589,2026-07-24,South Hannah,West,Headphones,Accessories,3,3837,15,9784.35,6416.05,3368.3,Net Banking
9590,2026-03-19,East Robertville,North,Keyboard,Electronics,5,3725,10,16762.5,12615.72,4146.78,Cash
9591,2024-03-18,Karinaville,West,Headphones,Electronics,3,3526,5,10049.1,6300.39,3748.71,Card
9592,2025-06-03,Walkerside,East,Speaker,Accessories,4,200,15,680.0,370.1,309.9,Cash
9593,2023-11-23,South Tammyborough,East,Monitor,Office,4,1600,15,5440.0,2940.59,2499.41,Net Banking
9594,2024-02-21,East Timothyport,West,Monitor,Electronics,4,4911,20,15715.2,10376.4,5338.8,UPI
9595,2026-07-21,Lake Sarah,South,Keyboard,Office,5,2436,20,9744.0,6602.89,3141.11,Card
9596,2025-11-22,Madisonville,West,Laptop,Electronics,4,1816,20,5811.2,3892.5,1918.7,Cash
9597,2026-01-03,Virginiastad,West,Camera,Office,3,4135,0,12405.0,7558.86,4846.14,UPI
9598,2023-08-28,North Emily,East,Speaker,Accessories,5,2218,10,9981.0,5973.54,4007.46,UPI
9599,2023-10-15,Sarahfort,West,Camera,Accessories,3,416,20,998.4,766.69,231.71,UPI
9600,2026-07-12,Josephfort,South,Tablet,Accessories,5,2406,0,12030.0,9008.31,3021.69,UPI
9601,2024-04-05,South Thomas,South,Headphones,Electronics,3,2123,10,5732.1,3098.58,2633.52,Net Banking
9602,2023-10-19,Lake Monicahaven,North,Monitor,Accessories,4,4908,15,16687.2,9297.17,7390.03,Card
9603,2026-03-22,Cristinahaven,South,Headphones,Office,1,4278,15,3636.3,2122.53,1513.77,Net Banking
9604,2025-08-01,Campbellchester,East,Speaker,Office,1,3393,20,2714.4,1419.43,1294.97,Card
9605,2025-02-14,North Jennifer,South,Camera,Office,5,2376,10,10692.0,7407.29,3284.71,UPI
9606,2025-01-13,West Heidiport,East,Camera,Electronics,5,188,10,846.0,502.71,343.29,UPI
9607,2025-01-20,Susanmouth,South,Laptop,Office,4,4677,20,14966.4,9659.29,5307.11,Card
9608,2026-06-10,New Williamtown,East,Tablet,Office,5,3518,5,16710.5,8480.06,8230.44,Card
9609,2023-12-21,West Darius,West,Tablet,Electronics,2,3303,10,5945.4,3058.17,2887.23,Card
9610,2025-06-25,Russelltown,South,Tablet,Electronics,4,797,5,3028.6,2192.61,835.99,UPI
9611,2025-09-10,West Brian,West,Headphones,Accessories,1,4755,15,4041.75,2934.75,1107.0,Cash
9612,2024-07-27,Port Maryton,East,Printer,Office,1,3704,15,3148.4,2301.38,847.02,UPI
9613,2024-05-11,Petersshire,East,Keyboard,Electronics,4,4259,5,16184.2,12614.96,3569.24,UPI
9614,2024-05-30,New Lauraland,West,Camera,Accessories,2,3882,15,6599.4,3731.16,2868.24,Card
9615,2026-05-27,Browntown,East,Keyboard,Accessories,4,4491,20,14371.2,11395.78,2975.42,Net Banking
9616,2026-04-28,East Danny,North,Mouse,Electronics,2,2311,5,4390.9,2803.02,1587.88,Net Banking
9617,2025-04-10,New Valerie,East,Keyboard,Electronics,3,569,10,1536.3,1019.81,516.49,Net Banking
9618,2024-09-25,Johnsontown,East,Printer,Office,3,3714,0,11142.0,6820.48,4321.52,Net Banking
9619,2025-12-03,West Kim,South,Headphones,Office,3,1664,10,4492.8,2294.79,2198.01,Cash
9620,2025-08-07,Hillview,South,Headphones,Electronics,3,3180,20,7632.0,4987.18,2644.82,UPI
9621,2023-12-28,Cameronhaven,South,Printer,Electronics,4,813,0,3252.0,2161.25,1090.75,Cash
9622,2024-11-18,Lake Robertfurt,West,Camera,Accessories,1,1857,5,1764.15,1018.02,746.13,Card
9623,2024-07-06,Perezfurt,South,Monitor,Office,2,3245,15,5516.5,4046.96,1469.54,Cash
9624,2025-01-13,Aaronton,West,Camera,Office,3,2343,20,5623.2,2866.15,2757.05,UPI
9625,2024-06-15,South Nicholasside,North,Phone,Office,2,4224,5,8025.6,5820.05,2205.55,Net Banking
9626,2023-09-17,Wernerside,South,Keyboard,Accessories,4,3355,10,12078.0,7676.78,4401.22,Net Banking
9627,2025-02-02,Port Jonathonburgh,South,Printer,Electronics,4,2117,20,6774.4,4435.19,2339.21,Card
9628,2025-02-10,Joshuaside,West,Camera,Accessories,4,172,15,584.8,455.93,128.87,Net Banking
9629,2026-04-07,Lake Douglas,South,Speaker,Office,2,371,20,593.6,441.75,151.85,Cash
9630,2025-03-26,Gonzalezville,South,Keyboard,Accessories,1,3790,15,3221.5,1648.43,1573.07,UPI
9631,2023-11-22,Kathyborough,West,Keyboard,Electronics,1,2223,15,1889.55,1389.37,500.18,UPI
9632,2025-11-09,New Adamborough,South,Phone,Accessories,1,2921,10,2628.9,1610.7,1018.2,UPI
9633,2025-09-23,Marissafort,West,Camera,Electronics,2,1590,20,2544.0,2033.45,510.55,UPI
9634,2024-02-21,Brittanyville,East,Speaker,Electronics,5,2231,0,11155.0,8375.36,2779.64,Net Banking
9635,2025-03-10,Salinasport,North,Headphones,Electronics,3,948,0,2844.0,1875.53,968.47,Card
9636,2023-10-22,West Christine,South,Phone,Office,2,854,10,1537.2,1059.53,477.67,UPI
9637,2026-01-17,Jeffreyburgh,South,Laptop,Electronics,5,3465,0,17325.0,9474.04,7850.96,Cash
9638,2026-06-10,Gloriaton,South,Laptop,Office,2,2758,20,4412.8,2834.68,1578.12,UPI
9639,2024-04-18,Port Carmen,South,Printer,Electronics,4,2716,15,9234.4,5021.08,4213.32,UPI
9640,2025-10-20,Hallfurt,East,Tablet,Electronics,4,2871,20,9187.2,5438.83,3748.37,Card
9641,2026-04-02,New Linda,East,Keyboard,Accessories,3,2934,10,7921.8,5727.08,2194.72,UPI
9642,2025-11-20,Adamshaven,East,Mouse,Office,4,2780,15,9452.0,6162.49,3289.51,UPI
9643,2026-01-26,Stevenville,North,Camera,Office,5,4364,10,19638.0,13850.43,5787.57,Net Banking
9644,2024-04-01,West Heather,South,Speaker,Electronics,2,4737,15,8052.9,4340.8,3712.1,Card
9645,2023-11-30,East Kelseyburgh,East,Mouse,Accessories,3,3476,15,8863.8,4716.78,4147.02,UPI
9646,2026-04-02,Port Derek,South,Laptop,Office,4,1653,5,6281.4,3993.53,2287.87,Net Banking
9647,2024-11-05,Michaelastad,East,Laptop,Electronics,4,3245,15,11033.0,8324.1,2708.9,UPI
9648,2023-12-21,Kaitlynville,West,Tablet,Office,5,2556,15,10863.0,8036.18,2826.82,Cash
9649,2024-01-30,Guzmanshire,West,Phone,Electronics,2,2921,20,4673.6,2863.65,1809.95,Cash
9650,2023-10-10,Michaelberg,West,Monitor,Office,1,4605,10,4144.5,2906.67,1237.83,Card
9651,2023-10-29,Yangfurt,East,Camera,Electronics,1,2943,15,2501.55,1381.46,1120.09,UPI
9652,2026-06-23,Harveystad,East,Keyboard,Accessories,2,4324,20,6918.4,5169.93,1748.47,UPI
9653,2026-06-14,North Carolyn,South,Tablet,Electronics,1,2447,10,2202.3,1525.86,676.44,Net Banking
9654,2023-08-29,East Andrea,West,Speaker,Accessories,1,314,15,266.9,158.7,108.2,Cash
9655,2026-07-09,North Albertside,North,Tablet,Accessories,2,1418,0,2836.0,1805.71,1030.29,Net Banking
9656,2025-10-15,Port Kristinamouth,South,Laptop,Office,4,2592,20,8294.4,4322.01,3972.39,UPI
9657,2025-05-24,Port Ericaburgh,East,Headphones,Accessories,4,1761,15,5987.4,3895.95,2091.45,Card
9658,2024-06-05,East Ronald,North,Keyboard,Accessories,2,3680,0,7360.0,4888.03,2471.97,Cash
9659,2025-01-27,North Jeffrey,West,Headphones,Office,5,3667,10,16501.5,10514.49,5987.01,Net Banking
9660,2024-02-27,Lake Sherishire,East,Phone,Office,5,1020,20,4080.0,3006.2,1073.8,Cash
9661,2024-09-30,Smithborough,South,Printer,Electronics,4,3213,5,12209.4,9061.78,3147.62,Card
9662,2024-09-24,New Rachel,East,Tablet,Electronics,4,4100,0,16400.0,12053.43,4346.57,Net Banking
9663,2025-11-19,Paulton,West,Mouse,Electronics,4,4063,0,16252.0,12410.07,3841.93,UPI
9664,2025-07-04,Robertborough,North,Headphones,Office,3,3540,0,10620.0,6124.28,4495.72,Card
9665,2025-11-12,Wilsonland,North,Headphones,Office,4,1739,5,6608.2,3595.77,3012.43,Net Banking
9666,2025-01-28,Karenfurt,North,Keyboard,Accessories,5,4283,0,21415.0,15748.66,5666.34,Net Banking
9667,2024-04-26,Walterland,South,Printer,Office,2,446,20,713.6,449.71,263.89,Net Banking
9668,2025-12-28,West Frank,West,Monitor,Electronics,4,4055,10,14598.0,7594.67,7003.33,Net Banking
9669,2026-07-14,Jamesborough,South,Camera,Accessories,4,3846,0,15384.0,8810.39,6573.61,UPI
9670,2024-01-12,Livingstonberg,West,Monitor,Electronics,3,1998,20,4795.2,2738.31,2056.89,Cash
9671,2026-03-14,East Stephenmouth,South,Keyboard,Accessories,2,213,20,340.8,264.89,75.91,UPI
9672,2025-09-06,New James,West,Phone,Accessories,1,2500,15,2125.0,1689.13,435.87,UPI
9673,2025-04-09,West Lisamouth,South,Camera,Electronics,1,4522,20,3617.6,2369.04,1248.56,Card
9674,2024-03-25,Nelsonhaven,North,Keyboard,Accessories,2,1490,10,2682.0,1921.94,760.06,UPI
9675,2023-09-12,Jennifermouth,East,Camera,Office,3,1699,15,4332.45,2514.2,1818.25,Net Banking
9676,2024-01-28,Underwoodbury,North,Printer,Electronics,4,2125,20,6800.0,5153.4,1646.6,Card
9677,2025-06-29,West Matthewmouth,East,Printer,Electronics,4,2816,20,9011.2,6631.24,2379.96,Net Banking
9678,2023-11-07,East John,West,Speaker,Electronics,4,3121,20,9987.2,5902.45,4084.75,Card
9679,2024-12-12,Douglasport,South,Mouse,Office,4,527,0,2108.0,1663.9,444.1,Net Banking
9680,2024-08-19,Lake Kellyfort,West,Keyboard,Electronics,4,3008,20,9625.6,5721.45,3904.15,Net Banking
9681,2026-05-08,North Adamstad,North,Camera,Electronics,1,684,20,547.2,306.57,240.63,Net Banking
9682,2023-09-03,Rodriguezview,North,Camera,Electronics,1,3510,10,3159.0,1629.6,1529.4,Card
9683,2024-11-19,North Kimberly,South,Mouse,Electronics,4,3339,0,13356.0,7547.26,5808.74,UPI
9684,2026-05-09,Lake Johnstad,East,Monitor,Accessories,4,4853,10,17470.8,10462.41,7008.39,Cash
9685,2024-08-26,Simmonsmouth,West,Monitor,Electronics,2,3904,5,7417.6,4328.15,3089.45,Net Banking
9686,2023-12-03,Flemingside,South,Speaker,Electronics,5,1188,0,5940.0,3130.06,2809.94,Card
9687,2025-03-18,Martinezborough,West,Printer,Accessories,4,1574,10,5666.4,3984.49,1681.91,Cash
9688,2026-03-15,Jamesstad,North,Tablet,Accessories,1,3208,15,2726.8,1384.31,1342.49,Cash
9689,2026-05-30,Tranhaven,East,Laptop,Electronics,5,3366,10,15147.0,8003.56,7143.44,Cash
9690,2025-08-31,Feliciabury,North,Laptop,Accessories,3,3130,20,7512.0,3987.94,3524.06,Net Banking
9691,2024-05-28,South Kristen,West,Camera,Office,1,3012,15,2560.2,1932.01,628.19,Card
9692,2026-03-22,Randallshire,East,Keyboard,Office,1,1638,15,1392.3,703.55,688.75,UPI
9693,2026-07-17,North Andreburgh,South,Camera,Office,1,3582,5,3402.9,2437.18,965.72,Card
9694,2024-12-18,Robertsonshire,North,Laptop,Office,2,3556,20,5689.6,4042.75,1646.85,Net Banking
9695,2024-01-11,New Jessicashire,North,Speaker,Electronics,5,3810,5,18097.5,13546.79,4550.71,Net Banking
9696,2025-05-29,East Debratown,West,Monitor,Electronics,2,154,20,246.4,188.65,57.75,Net Banking
9697,2024-05-06,Kingstad,West,Headphones,Electronics,5,443,0,2215.0,1286.78,928.22,Cash
9698,2025-06-02,Aliceport,North,Laptop,Office,2,2807,15,4771.9,3659.55,1112.35,Card
9699,2026-02-24,New Andrea,West,Laptop,Electronics,3,4266,15,10878.3,8299.23,2579.07,UPI
9700,2025-07-08,North Laura,East,Laptop,Office,1,2978,10,2680.2,2096.76,583.44,UPI
9701,2024-05-23,Dylanbury,North,Monitor,Electronics,5,3795,20,15180.0,10226.4,4953.6,Cash
9702,2023-10-22,Martinezfurt,East,Keyboard,Office,2,1942,5,3689.8,2238.17,1451.63,Card
9703,2025-10-18,South Riley,North,Headphones,Office,3,1501,5,4277.85,2362.39,1915.46,Cash
9704,2026-03-21,Christianberg,South,Keyboard,Office,2,159,5,302.1,181.05,121.05,UPI
9705,2026-03-27,Hallburgh,South,Camera,Accessories,2,3375,0,6750.0,3858.74,2891.26,UPI
9706,2024-02-28,Lisashire,South,Laptop,Office,3,4061,10,10964.7,6462.93,4501.77,UPI
9707,2024-07-18,West Richard,North,Printer,Accessories,1,351,15,298.35,230.57,67.78,Net Banking
9708,2024-08-21,East Amanda,South,Keyboard,Accessories,4,4036,20,12915.2,7639.11,5276.09,Card
9709,2025-12-12,Carlaview,South,Camera,Electronics,2,2972,15,5052.4,3302.76,1749.64,UPI
9710,2025-10-12,Powellstad,West,Phone,Electronics,1,4256,0,4256.0,2382.35,1873.65,Net Banking
9711,2026-03-14,Port Calvinhaven,North,Monitor,Electronics,2,4038,10,7268.4,3686.63,3581.77,Card
9712,2023-09-26,South Leah,North,Tablet,Electronics,2,3164,0,6328.0,4869.42,1458.58,Net Banking
9713,2024-07-18,East Aaron,West,Keyboard,Accessories,5,2456,10,11052.0,7782.06,3269.94,Card
9714,2025-05-22,Meganside,South,Tablet,Electronics,3,2075,0,6225.0,3570.06,2654.94,Card
9715,2024-11-12,New Jameschester,West,Speaker,Office,4,2035,5,7733.0,6011.87,1721.13,Card
9716,2023-10-07,Carrollfort,South,Headphones,Office,4,1205,20,3856.0,2464.74,1391.26,Cash
9717,2025-07-11,Port Stacy,East,Phone,Electronics,1,233,20,186.4,133.23,53.17,UPI
9718,2024-01-06,South Melanie,East,Laptop,Office,2,4757,5,9038.3,6160.63,2877.67,Net Banking
9719,2024-06-07,New Corybury,East,Tablet,Accessories,3,3524,15,8986.2,6794.94,2191.26,Cash
9720,2024-12-03,Lindseyberg,West,Phone,Electronics,5,4392,0,21960.0,15977.9,5982.1,UPI
9721,2024-12-31,Jasonburgh,East,Mouse,Electronics,2,1418,20,2268.8,1233.14,1035.66,Card
9722,2024-05-29,Joshuafurt,South,Keyboard,Electronics,1,1836,20,1468.8,863.24,605.56,UPI
9723,2024-02-20,Lake Teresa,North,Mouse,Office,2,1986,0,3972.0,3039.4,932.6,Card
9724,2024-04-14,Lake Christopherland,North,Headphones,Office,5,2810,15,11942.5,5976.49,5966.01,Card
9725,2024-08-21,Johnside,West,Headphones,Electronics,1,4862,10,4375.8,3331.06,1044.74,Card
9726,2023-09-20,East Laurabury,North,Headphones,Accessories,1,3811,10,3429.9,1872.58,1557.32,Cash
9727,2026-07-19,East Margaretburgh,West,Laptop,Accessories,4,4966,5,18870.8,9909.85,8960.95,Card
9728,2024-05-27,South Christina,West,Mouse,Accessories,2,1059,10,1906.2,1091.37,814.83,Card
9729,2026-01-12,Harrishaven,East,Speaker,Accessories,4,2111,0,8444.0,5110.08,3333.92,Card
9730,2024-02-03,Lake Jeffrey,West,Tablet,Electronics,4,3488,5,13254.4,6684.14,6570.26,Card
9731,2024-01-11,Lake Johnton,West,Tablet,Accessories,3,1223,15,3118.65,2173.89,944.76,Cash
9732,2023-08-19,New Laurieburgh,North,Mouse,Electronics,5,4591,0,22955.0,13071.84,9883.16,UPI
9733,2025-12-02,Wilcoxville,East,Phone,Accessories,2,4187,10,7536.6,5521.96,2014.64,Card
9734,2024-04-30,Joshuamouth,West,Printer,Accessories,1,2535,0,2535.0,1344.8,1190.2,Card
9735,2025-11-28,Clarkehaven,South,Camera,Electronics,5,3114,5,14791.5,10547.76,4243.74,Cash
9736,2023-12-20,North Amandaview,East,Tablet,Office,2,4488,10,8078.4,4068.02,4010.38,Card
9737,2025-02-28,Lake Timothy,East,Headphones,Electronics,5,166,5,788.5,550.07,238.43,Card
9738,2024-03-07,Terryton,West,Mouse,Office,1,500,10,450.0,311.62,138.38,Cash
9739,2024-07-03,West Alyssa,West,Mouse,Office,1,3113,10,2801.7,1877.78,923.92,Net Banking
9740,2024-06-30,New Rebeccashire,West,Laptop,Electronics,1,1642,5,1559.9,1215.78,344.12,Cash
9741,2024-01-18,New Thomas,East,Headphones,Electronics,1,4589,20,3671.2,2438.61,1232.59,Cash
9742,2026-06-12,Fitzgeraldmouth,North,Tablet,Office,5,2271,0,11355.0,6138.06,5216.94,UPI
9743,2024-04-28,Tylershire,West,Keyboard,Office,4,4620,0,18480.0,10501.23,7978.77,Net Banking
9744,2025-01-30,Johnsonborough,West,Headphones,Accessories,2,1270,10,2286.0,1612.8,673.2,Cash
9745,2026-06-08,Jermainehaven,West,Camera,Electronics,3,3471,0,10413.0,6346.51,4066.49,Card
9746,2026-01-17,West Amyhaven,South,Camera,Accessories,3,2920,0,8760.0,6944.73,1815.27,Cash
9747,2023-11-14,Jessicafort,East,Speaker,Office,4,4975,5,18905.0,12102.13,6802.87,Cash
9748,2026-07-18,West Jason,East,Keyboard,Accessories,3,3195,0,9585.0,6085.84,3499.16,UPI
9749,2024-10-10,Mariashire,West,Laptop,Accessories,4,4199,10,15116.4,11840.25,3276.15,Net Banking
9750,2024-11-18,Brownport,South,Tablet,Electronics,3,138,20,331.2,239.17,92.03,Card
9751,2026-07-23,North Tonya,West,Phone,Electronics,5,3829,0,19145.0,9706.76,9438.24,UPI
9752,2025-02-08,Williamhaven,South,Keyboard,Electronics,4,2527,20,8086.4,4171.78,3914.62,Cash
9753,2026-01-01,Port Jackmouth,North,Laptop,Office,5,3351,20,13404.0,9200.53,4203.47,UPI
9754,2024-04-22,New Shaneside,East,Tablet,Office,3,4401,10,11882.7,7870.11,4012.59,Cash
9755,2026-03-04,Port Toddport,South,Headphones,Office,3,703,0,2109.0,1168.57,940.43,Net Banking
9756,2023-11-16,South Christopher,South,Phone,Accessories,1,3577,20,2861.6,1501.49,1360.11,Card
9757,2026-07-28,Timothyshire,West,Tablet,Accessories,5,2662,5,12644.5,8930.39,3714.11,Card
9758,2025-04-16,Lake Sean,West,Camera,Accessories,2,4855,15,8253.5,5322.68,2930.82,Cash
9759,2025-11-24,Kimberlyville,West,Printer,Accessories,5,2481,20,9924.0,6144.77,3779.23,Cash
9760,2025-05-21,Leonmouth,North,Printer,Office,3,4931,15,12574.05,9779.16,2794.89,Net Banking
9761,2026-03-07,Norrisland,West,Laptop,Accessories,2,2412,20,3859.2,2968.96,890.24,Card
9762,2025-12-29,South William,East,Camera,Electronics,2,4018,20,6428.8,4831.58,1597.22,Net Banking
9763,2026-05-23,Brianatown,North,Keyboard,Accessories,4,1834,5,6969.2,5228.9,1740.3,UPI
9764,2024-01-09,South Alexfort,West,Tablet,Electronics,3,1920,15,4896.0,2901.17,1994.83,UPI
9765,2025-04-02,Andersonmouth,North,Camera,Accessories,2,4512,5,8572.8,6728.18,1844.62,Cash
9766,2023-09-01,South Brandishire,East,Phone,Office,5,3447,5,16373.25,11826.53,4546.72,Card
9767,2024-08-29,Morrisbury,North,Headphones,Electronics,2,2391,10,4303.8,2926.5,1377.3,UPI
9768,2025-02-15,Lake James,East,Printer,Electronics,3,787,10,2124.9,1170.42,954.48,Cash
9769,2025-04-29,Nicoleberg,East,Keyboard,Office,3,2900,0,8700.0,5005.2,3694.8,Card
9770,2025-03-20,Pittmanmouth,West,Speaker,Office,3,599,0,1797.0,1182.72,614.28,Card
9771,2026-05-15,Port Jefferytown,East,Phone,Accessories,1,2956,0,2956.0,1531.17,1424.83,Cash
9772,2025-04-23,West Robert,East,Headphones,Office,5,1221,20,4884.0,2717.06,2166.94,Card
9773,2026-06-10,Brandonshire,North,Camera,Accessories,3,1209,15,3082.95,1597.62,1485.33,UPI
9774,2025-09-17,South James,South,Tablet,Office,3,4020,15,10251.0,6021.82,4229.18,UPI
9775,2023-08-09,Johnview,South,Mouse,Electronics,4,481,5,1827.8,1342.05,485.75,Card
9776,2024-09-22,Cookhaven,West,Speaker,Office,2,2414,0,4828.0,3847.11,980.89,Card
9777,2024-05-13,West Richardborough,East,Headphones,Accessories,1,962,15,817.7,423.42,394.28,Cash
9778,2023-09-03,East Shane,North,Headphones,Accessories,5,3322,0,16610.0,11400.64,5209.36,UPI
9779,2025-09-03,Blackfort,East,Laptop,Electronics,4,1492,0,5968.0,3992.05,1975.95,Net Banking
9780,2023-08-06,Leachshire,North,Monitor,Electronics,1,4810,10,4329.0,2419.43,1909.57,UPI
9781,2025-05-29,East Robertton,West,Headphones,Accessories,1,4112,0,4112.0,2638.53,1473.47,Net Banking
9782,2026-06-14,Jillport,West,Mouse,Office,1,3115,15,2647.75,1515.11,1132.64,Net Banking
9783,2024-12-21,Lisahaven,West,Speaker,Accessories,3,245,10,661.5,481.45,180.05,UPI
9784,2024-11-08,New Craigtown,West,Camera,Accessories,4,1410,20,4512.0,2730.1,1781.9,Card
9785,2026-03-12,South Sherylfurt,West,Phone,Electronics,5,650,20,2600.0,2078.57,521.43,Card
9786,2023-10-01,Wrightshire,South,Phone,Electronics,4,2012,10,7243.2,5295.36,1947.84,Card
9787,2023-11-12,Elizabethshire,West,Laptop,Accessories,1,855,5,812.25,573.48,238.77,Cash
9788,2023-10-07,Hayleyside,South,Speaker,Office,3,2636,15,6721.8,5143.08,1578.72,UPI
9789,2025-04-02,South Nathaniel,North,Laptop,Electronics,3,4840,15,12342.0,8418.79,3923.21,UPI
9790,2024-04-12,New Angelabury,North,Tablet,Electronics,2,1948,15,3311.6,2239.85,1071.75,Cash
9791,2024-07-02,Johnsonview,West,Laptop,Accessories,1,1417,20,1133.6,724.2,409.4,Cash
9792,2026-02-13,New Jeremiah,North,Monitor,Accessories,3,149,20,357.6,201.3,156.3,Net Banking
9793,2026-04-20,Port Matthew,West,Speaker,Office,4,811,10,2919.6,2302.62,616.98,Card
9794,2025-02-11,South Adamport,South,Printer,Accessories,4,281,0,1124.0,678.08,445.92,Card
9795,2025-12-22,Vangtown,East,Phone,Accessories,3,4101,10,11072.7,5663.55,5409.15,Cash
9796,2023-12-10,New Leslie,South,Printer,Office,3,2532,10,6836.4,5389.74,1446.66,Card
9797,2023-09-17,Ramirezfurt,East,Monitor,Electronics,3,4531,5,12913.35,9241.16,3672.19,Net Banking
9798,2025-01-07,South Wesleyshire,North,Tablet,Electronics,2,3866,5,7345.4,4213.3,3132.1,Net Banking
9799,2023-12-17,Garrettborough,South,Printer,Office,4,4298,20,13753.6,7061.67,6691.93,UPI
9800,2026-04-12,Carriemouth,North,Monitor,Office,1,184,15,156.4,88.32,68.08,Cash
9801,2023-10-24,New Chelsea,North,Mouse,Office,1,3881,15,3298.85,1772.56,1526.29,Net Banking
9802,2024-07-03,Juanview,West,Speaker,Electronics,5,3929,0,19645.0,14900.76,4744.24,Net Banking
9803,2024-08-06,Nathanside,North,Laptop,Office,2,1946,20,3113.6,1693.4,1420.2,Card
9804,2024-06-13,Lake Victoriaside,East,Speaker,Office,1,477,20,381.6,203.12,178.48,Card
9805,2024-03-17,Sarahside,North,Speaker,Office,1,3228,20,2582.4,1561.6,1020.8,Cash
9806,2025-02-14,New Austintown,South,Tablet,Accessories,4,1680,20,5376.0,3528.12,1847.88,Net Banking
9807,2024-10-07,Weberview,North,Speaker,Accessories,5,191,15,811.75,560.35,251.4,UPI
9808,2025-06-27,South Beth,South,Keyboard,Office,2,2016,20,3225.6,2316.2,909.4,Card
9809,2024-08-17,Josephburgh,East,Monitor,Office,2,2063,10,3713.4,2092.76,1620.64,Net Banking
9810,2024-01-18,East Ariana,South,Monitor,Electronics,2,3909,0,7818.0,4690.48,3127.52,UPI
9811,2024-06-30,Teresaville,West,Speaker,Accessories,5,4484,15,19057.0,10395.42,8661.58,Cash
9812,2025-08-20,Port Linda,West,Printer,Office,4,4165,15,14161.0,9148.99,5012.01,Net Banking
9813,2024-03-17,New Kristinport,East,Printer,Electronics,1,1654,0,1654.0,1081.24,572.76,Net Banking
9814,2024-06-17,New Christopherborough,West,Keyboard,Electronics,2,112,0,224.0,138.33,85.67,Cash
9815,2025-06-08,Yvonneview,West,Monitor,Accessories,4,4262,20,13638.4,9032.04,4606.36,Cash
9816,2024-07-21,East Nancy,North,Tablet,Office,5,4901,5,23279.75,14438.38,8841.37,UPI
9817,2024-02-27,New Ashleyburgh,South,Printer,Electronics,5,4149,10,18670.5,9381.3,9289.2,Cash
9818,2025-12-16,New Charlenetown,North,Phone,Accessories,1,2208,5,2097.6,1599.42,498.18,Card
9819,2023-11-24,New Cody,East,Printer,Electronics,1,2993,0,2993.0,1505.84,1487.16,Cash
9820,2026-04-26,South Shellyside,East,Headphones,Accessories,2,2577,20,4123.2,2458.43,1664.77,Cash
9821,2026-05-01,North Douglas,North,Camera,Office,4,663,10,2386.8,1848.93,537.87,Cash
9822,2024-06-04,West Kaitlynmouth,South,Headphones,Accessories,2,3796,15,6453.2,3281.18,3172.02,Net Banking
9823,2024-04-19,Port Nicholasburgh,West,Speaker,Accessories,5,4290,0,21450.0,16938.07,4511.93,Card
9824,2026-06-19,North Jamesburgh,West,Speaker,Electronics,3,1324,10,3574.8,2510.48,1064.32,Net Banking
9825,2026-05-23,Port Jeremy,North,Mouse,Office,1,2232,5,2120.4,1268.89,851.51,UPI
9826,2024-10-12,Nicholasburgh,North,Printer,Office,1,2080,20,1664.0,1228.9,435.1,Cash
9827,2023-09-29,New Nicole,East,Monitor,Accessories,2,1627,10,2928.6,2180.82,747.78,Cash
9828,2025-02-01,South Willie,East,Phone,Electronics,2,2655,5,5044.5,2998.87,2045.63,Card
9829,2024-05-31,Staceyside,South,Printer,Electronics,5,3400,20,13600.0,8161.93,5438.07,UPI
9830,2025-02-11,North Kenneth,East,Headphones,Electronics,1,3665,5,3481.75,2303.45,1178.3,UPI
9831,2025-05-23,Wrighthaven,North,Phone,Electronics,1,3844,5,3651.8,2194.21,1457.59,Card
9832,2024-03-29,North Tiffanyland,East,Mouse,Electronics,3,3880,0,11640.0,8076.65,3563.35,Cash
9833,2025-04-30,Angelaberg,South,Laptop,Electronics,5,1273,5,6046.75,3529.9,2516.85,Cash
9834,2025-01-30,Delgadoshire,East,Monitor,Accessories,5,2756,20,11024.0,7238.93,3785.07,Card
9835,2024-05-08,Chelseastad,South,Tablet,Electronics,5,1903,20,7612.0,4921.11,2690.89,Cash
9836,2025-07-22,North Michael,West,Headphones,Accessories,3,464,5,1322.4,1051.23,271.17,UPI
9837,2025-04-24,Port Katelynshire,East,Speaker,Accessories,3,2046,10,5524.2,3122.93,2401.27,Net Banking
9838,2026-06-18,Michelleview,North,Camera,Electronics,5,1096,15,4658.0,3693.86,964.14,Card
9839,2026-03-11,Port Karinaburgh,South,Camera,Electronics,4,4080,20,13056.0,8710.56,4345.44,Net Banking
9840,2026-07-31,East Diane,South,Camera,Accessories,2,493,0,986.0,595.08,390.92,Card
9841,2024-05-02,Lake Caitlinland,North,Phone,Office,4,2417,20,7734.4,5706.0,2028.4,Cash
9842,2024-11-27,Justinburgh,North,Monitor,Electronics,3,4575,15,11666.25,7701.8,3964.45,UPI
9843,2024-04-20,Smithshire,North,Laptop,Electronics,5,2427,10,10921.5,5625.19,5296.31,Cash
9844,2024-01-19,New Kent,East,Camera,Electronics,3,4326,15,11031.3,7205.12,3826.18,UPI
9845,2025-12-28,Lake Timothymouth,North,Keyboard,Accessories,2,282,5,535.8,293.06,242.74,Card
9846,2025-09-01,Lake Ericberg,East,Keyboard,Electronics,3,2569,0,7707.0,5835.89,1871.11,Cash
9847,2024-08-08,North Monica,West,Printer,Office,1,885,15,752.25,438.83,313.42,Cash
9848,2025-07-21,Christopherbury,South,Keyboard,Accessories,1,3510,0,3510.0,2412.47,1097.53,UPI
9849,2024-12-09,North Sarah,East,Phone,Electronics,5,4492,15,19091.0,11567.67,7523.33,Card
9850,2024-09-29,Cookborough,North,Speaker,Office,1,2466,15,2096.1,1250.91,845.19,Card
9851,2026-03-01,Port April,West,Phone,Accessories,2,1466,0,2932.0,2161.32,770.68,Card
9852,2024-05-08,North Anneburgh,North,Camera,Accessories,3,343,0,1029.0,699.62,329.38,Net Banking
9853,2026-07-29,Frankborough,East,Camera,Office,5,2669,0,13345.0,10062.89,3282.11,UPI
9854,2024-01-31,Sloanton,North,Phone,Accessories,1,3379,5,3210.05,1740.25,1469.8,Net Banking
9855,2024-12-23,New Alexander,North,Speaker,Electronics,3,736,15,1876.8,1324.46,552.34,Card
9856,2024-05-28,Kimbury,East,Mouse,Accessories,5,1910,15,8117.5,6203.99,1913.51,UPI
9857,2023-12-29,Lake Rebeccatown,East,Camera,Office,4,255,15,867.0,546.17,320.83,Net Banking
9858,2025-03-19,Jasonmouth,South,Phone,Office,3,1148,15,2927.4,1644.34,1283.06,UPI
9859,2023-08-08,Nicoleport,South,Headphones,Electronics,2,2764,20,4422.4,2879.24,1543.16,Net Banking
9860,2024-01-19,Richardview,East,Mouse,Accessories,1,1000,15,850.0,668.02,181.98,Cash
9861,2024-08-05,Lake Victoriaview,North,Keyboard,Accessories,1,3342,20,2673.6,2092.72,580.88,UPI
9862,2025-04-30,New Alexisville,East,Speaker,Accessories,2,2243,0,4486.0,3353.83,1132.17,Cash
9863,2025-08-17,South Richardburgh,South,Camera,Office,2,1098,10,1976.4,1411.4,565.0,Cash
9864,2026-01-29,New Jenniferton,North,Speaker,Electronics,2,4713,5,8954.7,6996.92,1957.78,Net Banking
9865,2023-11-26,New Michellechester,North,Tablet,Electronics,3,2372,10,6404.4,4338.97,2065.43,UPI
9866,2024-08-27,Christopherport,West,Speaker,Accessories,5,2690,5,12777.5,9215.56,3561.94,Net Banking
9867,2024-06-28,Hectortown,South,Keyboard,Office,1,3779,5,3590.05,2176.08,1413.97,Card
9868,2024-05-20,South Regina,South,Headphones,Electronics,1,1315,0,1315.0,977.55,337.45,Cash
9869,2026-07-19,Farrellville,South,Printer,Electronics,2,4279,10,7702.2,4629.31,3072.89,Card
9870,2026-06-08,Coryland,West,Monitor,Electronics,3,4793,15,12222.15,7997.48,4224.67,Card
9871,2023-09-03,Port Stephanie,North,Keyboard,Office,2,3190,15,5423.0,2851.12,2571.88,Card
9872,2024-07-16,New Davidtown,North,Monitor,Electronics,1,1074,20,859.2,536.02,323.18,Card
9873,2023-09-19,Hooperfurt,West,Headphones,Office,3,2713,0,8139.0,4661.0,3478.0,Cash
9874,2024-01-08,Garnertown,West,Camera,Electronics,2,3437,10,6186.6,4286.5,1900.1,Net Banking
9875,2024-05-23,Kimberlystad,South,Phone,Accessories,1,1891,10,1701.9,1023.4,678.5,Cash
9876,2026-05-19,Rodneyberg,South,Phone,Accessories,3,1219,15,3108.45,2390.48,717.97,UPI
9877,2025-06-25,Port Lee,East,Phone,Office,5,3022,15,12843.5,7790.6,5052.9,UPI
9878,2026-06-02,Warrenhaven,North,Tablet,Accessories,3,2743,10,7406.1,5579.44,1826.66,Cash
9879,2026-01-16,Brandonfurt,East,Laptop,Office,4,4409,5,16754.2,11437.73,5316.47,Net Banking
9880,2025-10-05,New Christopher,North,Printer,Accessories,4,3402,0,13608.0,10591.73,3016.27,UPI
9881,2024-01-24,Howardside,North,Laptop,Accessories,1,3690,10,3321.0,2271.11,1049.89,UPI
9882,2023-11-03,Cantuland,South,Phone,Accessories,5,423,5,2009.25,1531.0,478.25,Cash
9883,2025-02-28,Herreraton,East,Headphones,Electronics,4,3906,15,13280.4,10067.85,3212.55,Net Banking
9884,2025-06-25,East Shannonfurt,South,Mouse,Office,2,3110,20,4976.0,3682.51,1293.49,Cash
9885,2024-03-03,Sanfordside,East,Mouse,Accessories,3,3011,0,9033.0,5737.55,3295.45,UPI
9886,2025-04-23,Jenniferfurt,West,Camera,Accessories,3,3142,20,7540.8,4315.93,3224.87,UPI
9887,2024-04-02,Castillomouth,North,Camera,Office,3,1192,10,3218.4,2504.95,713.45,Cash
9888,2023-09-05,East Yolandaville,South,Camera,Office,2,1399,0,2798.0,1534.54,1263.46,Card
9889,2025-12-08,Pinedaville,East,Headphones,Electronics,4,199,0,796.0,423.35,372.65,Card
9890,2025-01-23,Port Cynthia,East,Headphones,Office,2,1173,20,1876.8,999.86,876.94,UPI
9891,2025-09-18,Lake Rachel,East,Keyboard,Office,3,923,15,2353.65,1592.22,761.43,Cash
9892,2024-06-14,North Carly,East,Tablet,Accessories,2,222,15,377.4,196.71,180.69,UPI
9893,2025-04-26,Adamsport,North,Mouse,Office,5,308,5,1463.0,1045.61,417.39,UPI
9894,2023-11-15,Kevinmouth,South,Speaker,Electronics,2,1889,5,3589.1,2850.02,739.08,Net Banking
9895,2024-11-26,East Morganhaven,North,Camera,Electronics,1,3014,15,2561.9,1394.9,1167.0,UPI
9896,2026-06-06,Arnoldberg,West,Headphones,Electronics,1,3059,15,2600.15,1682.0,918.15,Net Banking
9897,2025-02-26,West Shannon,North,Phone,Office,3,4457,5,12702.45,7894.83,4807.62,Net Banking
9898,2024-09-17,South Josephville,South,Printer,Accessories,1,4227,0,4227.0,2353.07,1873.93,Cash
9899,2024-05-15,East Alanland,East,Laptop,Office,2,3359,5,6382.1,4482.86,1899.24,Cash
9900,2025-02-07,South Jimmyland,East,Tablet,Office,3,4139,10,11175.3,6836.43,4338.87,Card
9901,2025-02-27,Port Micheal,North,Printer,Electronics,2,1635,20,2616.0,1953.16,662.84,Card
9902,2025-09-05,Port Gary,North,Camera,Accessories,5,156,20,624.0,493.5,130.5,UPI
9903,2024-03-25,Martinezburgh,West,Camera,Office,1,4813,20,3850.4,2141.11,1709.29,UPI
9904,2025-03-26,Port Frank,East,Printer,Accessories,4,4939,10,17780.4,11047.21,6733.19,Net Banking
9905,2025-07-28,Jonesside,West,Camera,Office,4,1106,5,4202.8,2202.52,2000.28,Cash
9906,2024-01-01,Port Jesusfurt,West,Monitor,Accessories,3,2644,0,7932.0,4788.24,3143.76,Cash
9907,2025-01-21,Sydneyberg,South,Mouse,Office,2,4042,10,7275.6,5808.6,1467.0,UPI
9908,2026-07-20,Melissaberg,North,Printer,Electronics,2,1291,20,2065.6,1521.38,544.22,UPI
9909,2023-09-04,Jessicaborough,East,Monitor,Accessories,2,3098,10,5576.4,3628.04,1948.36,Card
9910,2026-02-03,Popemouth,West,Phone,Office,3,1460,15,3723.0,2155.93,1567.07,Cash
9911,2024-11-03,North Anthonyview,East,Tablet,Office,5,786,5,3733.5,1987.29,1746.21,Cash
9912,2026-01-29,Burnsville,East,Monitor,Accessories,2,4182,10,7527.6,3888.87,3638.73,Cash
9913,2026-07-10,New Alexander,South,Speaker,Electronics,3,2392,5,6817.2,3546.06,3271.14,Card
9914,2025-07-20,Rodriguezbury,South,Speaker,Accessories,5,1545,15,6566.25,3911.71,2654.54,Net Banking
9915,2024-01-04,Edwardmouth,South,Keyboard,Accessories,2,4793,20,7668.8,4136.69,3532.11,UPI
9916,2025-05-25,North Justinland,North,Headphones,Electronics,1,2957,0,2957.0,1540.11,1416.89,Card
9917,2024-10-04,Priceside,East,Headphones,Accessories,4,3648,0,14592.0,8833.07,5758.93,UPI
9918,2024-03-05,New Thomas,South,Headphones,Electronics,1,4534,15,3853.9,2728.17,1125.73,UPI
9919,2026-06-02,Clintonmouth,North,Keyboard,Electronics,5,2789,20,11156.0,6300.4,4855.6,Net Banking
9920,2024-02-25,East Kylehaven,North,Speaker,Accessories,3,4121,0,12363.0,6922.63,5440.37,UPI
9921,2023-08-14,New Theresa,East,Mouse,Electronics,5,865,10,3892.5,2911.62,980.88,Net Banking
9922,2025-07-18,South Gabrielbury,North,Printer,Accessories,2,3701,10,6661.8,4371.19,2290.61,Card
9923,2024-07-16,East Ellen,East,Headphones,Office,1,4022,20,3217.6,2452.93,764.67,Net Banking
9924,2026-02-11,Crystalland,East,Tablet,Office,4,2480,5,9424.0,7019.53,2404.47,Cash
9925,2025-02-05,Lake Gregory,West,Monitor,Office,1,4939,5,4692.05,2913.02,1779.03,Net Banking
9926,2024-04-18,Diaztown,East,Headphones,Office,5,1317,15,5597.25,3977.13,1620.12,UPI
9927,2025-08-28,Port Charlesborough,West,Phone,Electronics,1,1939,20,1551.2,1171.44,379.76,Card
9928,2023-10-12,South Brenda,North,Camera,Electronics,5,771,0,3855.0,2968.59,886.41,Cash
9929,2025-02-01,New Todd,West,Keyboard,Accessories,1,2473,15,2102.05,1394.17,707.88,Cash
9930,2025-08-11,East Monica,West,Laptop,Electronics,5,503,10,2263.5,1223.88,1039.62,UPI
9931,2025-11-22,Fieldsland,North,Phone,Accessories,4,2082,20,6662.4,5029.55,1632.85,Card
9932,2026-03-08,Lowehaven,North,Laptop,Accessories,1,3564,5,3385.8,2280.88,1104.92,Net Banking
9933,2025-02-03,South Jenniferchester,West,Tablet,Accessories,1,4866,15,4136.1,2882.73,1253.37,Cash
9934,2026-04-10,Colemanville,North,Tablet,Accessories,1,3396,15,2886.6,2301.57,585.03,Cash
9935,2025-05-28,Weberhaven,East,Mouse,Office,5,4389,20,17556.0,12218.71,5337.29,Card
9936,2023-09-11,Taraside,West,Mouse,Accessories,3,2895,0,8685.0,6691.16,1993.84,Card
9937,2023-08-06,Lucasburgh,East,Monitor,Electronics,5,3564,20,14256.0,11357.42,2898.58,Card
9938,2024-08-02,Port Tracey,West,Tablet,Accessories,4,2802,5,10647.6,6900.06,3747.54,Card
9939,2024-07-09,Bakerbury,East,Phone,Office,1,2910,10,2619.0,1444.6,1174.4,Net Banking
9940,2024-01-14,West Mollyport,South,Tablet,Office,5,1843,5,8754.25,4609.87,4144.38,UPI
9941,2025-02-05,Lake Deniseport,West,Keyboard,Accessories,5,3478,20,13912.0,8501.13,5410.87,Cash
9942,2024-02-22,Port Melindaton,West,Camera,Electronics,5,2892,15,12291.0,8898.63,3392.37,UPI
9943,2023-08-06,Joshuaport,South,Tablet,Office,3,3108,15,7925.4,5163.07,2762.33,Card
9944,2023-10-30,Spencerview,East,Speaker,Electronics,3,1546,10,4174.2,2315.99,1858.21,Net Banking
9945,2024-12-13,East Anthonyhaven,North,Keyboard,Accessories,1,234,10,210.6,113.87,96.73,Card
9946,2026-07-03,Port Melissa,West,Phone,Office,4,1541,10,5547.6,3662.8,1884.8,Card
9947,2024-12-26,New Denise,East,Printer,Accessories,1,633,10,569.7,286.63,283.07,Cash
9948,2024-09-26,New Teresatown,East,Camera,Electronics,2,3482,0,6964.0,4206.88,2757.12,Card
9949,2024-09-25,East Nathan,West,Keyboard,Electronics,1,3176,5,3017.2,1936.02,1081.18,Card
9950,2024-08-12,Martinberg,South,Tablet,Office,1,300,15,255.0,134.78,120.22,Cash
9951,2025-08-17,East Heatherview,North,Headphones,Office,2,3946,10,7102.8,5641.5,1461.3,Card
9952,2024-09-11,West Andreafort,East,Monitor,Office,2,3038,5,5772.2,3301.49,2470.71,Net Banking
9953,2023-11-05,Martinburgh,East,Tablet,Electronics,2,4675,5,8882.5,7027.07,1855.43,Net Banking
9954,2024-05-22,East Larry,North,Monitor,Accessories,3,4877,0,14631.0,9040.93,5590.07,Cash
9955,2026-07-01,East Rachel,West,Laptop,Office,4,934,5,3549.2,2617.64,931.56,Cash
9956,2025-10-01,South Wendy,North,Mouse,Electronics,4,2748,0,10992.0,8312.58,2679.42,Cash
9957,2024-07-31,Calebport,East,Printer,Office,2,2724,20,4358.4,2518.87,1839.53,Card
9958,2024-08-02,Lesliemouth,West,Tablet,Office,2,2100,10,3780.0,2430.76,1349.24,Cash
9959,2026-05-10,East Kellyfurt,East,Laptop,Office,2,4259,10,7666.2,5190.7,2475.5,Cash
9960,2025-10-10,Danieltown,West,Headphones,Office,4,3906,5,14842.8,9509.18,5333.62,UPI
9961,2026-07-28,Williamsborough,North,Mouse,Electronics,5,1237,15,5257.25,4168.72,1088.53,UPI
9962,2024-04-29,Courtneyfurt,West,Speaker,Office,3,3187,10,8604.9,4438.08,4166.82,UPI
9963,2026-02-18,Johnburgh,East,Camera,Office,4,2032,15,6908.8,3682.22,3226.58,Cash
9964,2024-02-04,Matthewshire,North,Tablet,Accessories,2,2316,10,4168.8,2286.16,1882.64,Card
9965,2026-04-11,Rodriguezshire,North,Printer,Electronics,1,864,0,864.0,622.55,241.45,Cash
9966,2024-03-26,Harrisonmouth,North,Headphones,Electronics,3,4703,10,12698.1,6858.03,5840.07,Cash
9967,2024-04-12,South Leahbury,South,Printer,Electronics,5,2649,15,11258.25,6460.27,4797.98,Net Banking
9968,2023-11-12,Port Kathleen,West,Speaker,Electronics,5,4484,10,20178.0,10981.93,9196.07,UPI
9969,2024-04-18,Katiebury,North,Monitor,Electronics,4,3927,0,15708.0,12034.04,3673.96,Card
9970,2024-11-20,West Georgeshire,South,Tablet,Electronics,4,603,0,2412.0,1639.74,772.26,Net Banking
9971,2026-01-24,Kirbyville,South,Tablet,Accessories,3,614,10,1657.8,1147.42,510.38,Net Banking
9972,2023-12-28,Lake Andrea,North,Monitor,Accessories,2,4756,15,8085.2,5772.14,2313.06,Cash
9973,2025-12-07,West Wendy,South,Tablet,Accessories,2,711,20,1137.6,582.55,555.05,UPI
9974,2025-09-17,Andrewmouth,East,Laptop,Accessories,2,2713,20,4340.8,3190.81,1149.99,Net Banking
9975,2024-12-30,New Cherylfort,South,Laptop,Accessories,4,577,20,1846.4,1461.69,384.71,Card
9976,2026-02-24,Seanberg,West,Speaker,Accessories,3,2386,15,6084.3,3129.59,2954.71,Cash
9977,2024-07-26,New David,West,Mouse,Accessories,1,3960,15,3366.0,2204.14,1161.86,Card
9978,2024-02-16,East Stephanietown,East,Printer,Office,3,2883,20,6919.2,3938.74,2980.46,Net Banking
9979,2025-12-07,Port Cheryl,North,Laptop,Electronics,5,2714,10,12213.0,7596.02,4616.98,Card
9980,2026-04-05,North Michelletown,East,Keyboard,Electronics,1,3731,15,3171.35,1846.79,1324.56,Net Banking
9981,2024-10-12,Hansonfurt,West,Mouse,Electronics,3,2869,20,6885.6,4308.15,2577.45,Card
9982,2024-08-10,Victoriatown,South,Printer,Office,2,2561,0,5122.0,3934.91,1187.09,Card
9983,2024-11-15,Romeroville,West,Monitor,Electronics,3,2051,15,5230.05,2651.8,2578.25,Net Banking
9984,2025-06-05,Alexanderport,East,Keyboard,Office,5,3514,20,14056.0,8606.89,5449.11,UPI
9985,2026-05-23,Garrisonberg,West,Printer,Office,4,949,5,3606.2,2475.58,1130.62,Card
9986,2025-08-14,West Charlesmouth,North,Tablet,Electronics,2,1144,15,1944.8,1200.74,744.06,Cash
9987,2024-02-10,East Janetstad,South,Monitor,Electronics,5,952,0,4760.0,3034.79,1725.21,Card
9988,2025-12-01,Lake Stefaniemouth,East,Keyboard,Electronics,3,4039,10,10905.3,7148.26,3757.04,Cash
9989,2024-03-25,West Brianland,North,Printer,Electronics,4,524,15,1781.6,1348.13,433.47,Cash
9990,2026-01-21,South Amanda,West,Laptop,Office,3,2326,5,6629.1,3384.39,3244.71,Card
9991,2025-10-28,East Leslie,West,Printer,Office,5,3334,0,16670.0,8610.7,8059.3,Cash
9992,2025-12-10,Port Zacharymouth,North,Tablet,Electronics,5,1857,10,8356.5,6104.97,2251.53,Net Banking
9993,2024-06-21,East Thomas,South,Laptop,Accessories,4,1581,5,6007.8,4619.26,1388.54,Cash
9994,2025-12-25,Gibsonshire,West,Monitor,Accessories,1,1026,5,974.7,575.06,399.64,Net Banking
9995,2026-07-04,Kingchester,North,Headphones,Electronics,5,1021,0,5105.0,2925.59,2179.41,Cash
9996,2024-12-05,New Rachelhaven,South,Printer,Electronics,1,911,15,774.35,438.83,335.52,Cash
9997,2025-11-02,Reevesstad,North,Headphones,Accessories,5,2739,10,12325.5,6935.7,5389.8,Net Banking
9998,2024-09-28,Parkerville,East,Laptop,Accessories,4,2149,0,8596.0,6102.71,2493.29,Card
9999,2023-10-12,Christopherland,North,Phone,Office,4,4595,0,18380.0,13976.32,4403.68,Cash
10000,2025-02-25,Hoffmanmouth,North,Tablet,Office,5,3926,5,18648.5,11670.44,6978.06,Card
